data;dia_semana;horario;tipo_de_ocorrencia;km;trecho;sentido;tipo_de_acidente;mortos
30/03/2021;terça-feira;15:52:00;2 - Acidente com VITIMA;514,2;BR-116/SP;Norte;Capotamento;
30/03/2021;terça-feira;19:20:00;3 - Acidente com Danos Materiais;385;BR-116/SP;Norte;Colisão Lateral;
30/03/2021;terça-feira;19:38:00;3 - Acidente com Danos Materiais;445;BR-116/SP;Norte;Colisão Traseira;
30/03/2021;terça-feira;02:17:00;3 - Acidente com Danos Materiais;517,9;BR-116/SP;Sul;Tombamento;
30/03/2021;terça-feira;01:14:00;2 - Acidente com VITIMA;421,7;BR-116/SP;Sul;Tombamento;
30/03/2021;terça-feira;13:53:00;3 - Acidente com Danos Materiais;319,9;BR-116/SP;Sul;Choque - Defensa, barreira ou submarino;
30/03/2021;terça-feira;15:30:00;3 - Acidente com Danos Materiais;20,5;BR-116/PR;Norte;Choque - Elemento de Drenagem;
30/03/2021;terça-feira;15:33:00;3 - Acidente com Danos Materiais;57,2;BR-116/PR;Norte;Choque - Defensa, barreira ou submarino;
30/03/2021;terça-feira;04:42:00;3 - Acidente com Danos Materiais;359,25;BR-116/SP;Norte;Tombamento;
30/03/2021;terça-feira;15:02:00;3 - Acidente com Danos Materiais;46,7;BR-116/PR;Norte;Capotamento;
30/03/2021;terça-feira;15:34:00;3 - Acidente com Danos Materiais;287,9;BR-116/SP;Sul;Colisão Lateral;
30/03/2021;terça-feira;05:48:00;3 - Acidente com Danos Materiais;40;BR-116/PR;Norte;Choque - Defensa, barreira ou submarino;
31/03/2021;quarta-feira;18:14:00;3 - Acidente com Danos Materiais;280,5;BR-116/SP;Sul;Colisão Traseira;
31/03/2021;quarta-feira;15:49:00;3 - Acidente com Danos Materiais;417,7;BR-116/SP;Norte;Saida de Pista;
31/03/2021;quarta-feira;17:24:00;3 - Acidente com Danos Materiais;13,1;BR-116/CW;Norte;Queda de Moto;
01/04/2021;quinta-feira;13:28:00;2 - Acidente com VITIMA;549,2;BR-116/SP;Norte;Colisão Traseira;
01/04/2021;quinta-feira;15:14:00;2 - Acidente com VITIMA;28,25;BR-116/PR;Norte;Tombamento;
01/04/2021;quinta-feira;09:15:00;2 - Acidente com VITIMA;511;BR-116/SP;Sul;Colisão Traseira;
01/04/2021;quinta-feira;19:28:00;3 - Acidente com Danos Materiais;551;BR-116/SP;Sul;Colisão Lateral;
01/04/2021;quinta-feira;22:01:00;3 - Acidente com Danos Materiais;39,3;BR-116/PR;Sul;Choque - Defensa, barreira ou submarino;
01/04/2021;quinta-feira;22:18:00;3 - Acidente com Danos Materiais;547,3;BR-116/SP;Sul;Tombamento;
01/04/2021;quinta-feira;18:57:00;3 - Acidente com Danos Materiais;370,4;BR-116/SP;Sul;Colisão Traseira;
01/04/2021;quinta-feira;18:58:00;3 - Acidente com Danos Materiais;450,1;BR-116/SP;Sul;Choque - Suporte de Sinalização;
01/04/2021;quinta-feira;11:09:00;2 - Acidente com VITIMA;287,3;BR-116/SP;Norte;Colisão Lateral;
01/04/2021;quinta-feira;21:56:00;3 - Acidente com Danos Materiais;290,08;BR-116/SP;Norte;Capotamento;
02/04/2021;sexta-feira;01:16:00;3 - Acidente com Danos Materiais;369,5;BR-116/SP;Sul;Choque - Defensa, barreira ou submarino;
02/04/2021;sexta-feira;21:05:00;2 - Acidente com VITIMA;508,95;BR-116/SP;Sul;Tombamento;
02/04/2021;sexta-feira;07:05:00;3 - Acidente com Danos Materiais;565,6;BR-116/SP;Sul;Choque - Defensa, barreira ou submarino;
02/04/2021;sexta-feira;08:20:00;3 - Acidente com Danos Materiais;44;BR-116/PR;Norte;Colisão Traseira;
02/04/2021;sexta-feira;01:23:00;3 - Acidente com Danos Materiais;410,6;BR-116/SP;Sul;Tombamento;
02/04/2021;sexta-feira;08:21:00;3 - Acidente com Danos Materiais;290;BR-116/SP;Norte;Colisão Traseira;
02/04/2021;sexta-feira;12:28:00;3 - Acidente com Danos Materiais;283,9;BR-116/SP;Sul;Colisão Traseira;
02/04/2021;sexta-feira;15:34:00;2 - Acidente com VITIMA;411,06;BR-116/SP;Norte;Colisão Traseira;
02/04/2021;sexta-feira;07:02:00;3 - Acidente com Danos Materiais;561,5;BR-116/SP;Sul;Capotamento;
02/04/2021;sexta-feira;01:00:00;3 - Acidente com Danos Materiais;7,7;BR-116/PR;Sul;Capotamento;
02/04/2021;sexta-feira;06:45:00;2 - Acidente com VITIMA;568;BR-116/SP;Norte;Capotamento;
02/04/2021;sexta-feira;06:50:00;3 - Acidente com Danos Materiais;5,4;BR-116/PR;Norte;Choque - Defensa, barreira ou submarino;
02/04/2021;sexta-feira;06:57:00;3 - Acidente com Danos Materiais;5,4;BR-116/PR;Norte;Choque - Defensa, barreira ou submarino;
02/04/2021;sexta-feira;07:24:00;3 - Acidente com Danos Materiais;564;BR-116/SP;Norte;Choque - Defensa, barreira ou submarino;
02/04/2021;sexta-feira;08:04:00;3 - Acidente com Danos Materiais;562,5;BR-116/SP;Norte;Choque - Defensa, barreira ou submarino;
02/04/2021;sexta-feira;08:18:00;2 - Acidente com VITIMA;567,5;BR-116/SP;Norte;Queda de Moto;
02/04/2021;sexta-feira;07:00:00;3 - Acidente com Danos Materiais;447;BR-116/SP;Norte;Queda de Moto;
02/04/2021;sexta-feira;21:02:00;2 - Acidente com VITIMA;277;BR-116/SP;Norte;Colisão Lateral;
02/04/2021;sexta-feira;08:15:00;3 - Acidente com Danos Materiais;5;BR-116/PR;Norte;Colisão Traseira;
03/04/2021;sábado;18:48:00;3 - Acidente com Danos Materiais;563,8;BR-116/SP;Norte;Atropelamento de Animal;
03/04/2021;sábado;18:49:00;3 - Acidente com Danos Materiais;563,8;BR-116/SP;Norte;Atropelamento de Animal;
03/04/2021;sábado;18:56:00;3 - Acidente com Danos Materiais;563,8;BR-116/SP;Norte;Atropelamento de Animal;
03/04/2021;sábado;19:01:00;3 - Acidente com Danos Materiais;563,8;BR-116/SP;Sul;Atropelamento de Animal;
03/04/2021;sábado;19:14:00;3 - Acidente com Danos Materiais;563,8;BR-116/SP;Sul;Atropelamento de Animal;
03/04/2021;sábado;19:33:00;3 - Acidente com Danos Materiais;563,8;BR-116/SP;Norte;Colisão Traseira;
03/04/2021;sábado;10:56:00;3 - Acidente com Danos Materiais;549;BR-116/SP;Sul;Colisão Frontal;
03/04/2021;sábado;18:41:00;2 - Acidente com VITIMA;282,3;BR-116/SP;Norte;Colisão Traseira;
03/04/2021;sábado;20:54:00;3 - Acidente com Danos Materiais;444,95;BR-116/SP;Norte;Colisão Traseira;
03/04/2021;sábado;16:49:00;2 - Acidente com VITIMA;449,5;BR-116/SP;Norte;Colisão Traseira;
03/04/2021;sábado;15:17:00;2 - Acidente com VITIMA;514,1;BR-116/SP;Norte;Capotamento;
03/04/2021;sábado;19:37:00;3 - Acidente com Danos Materiais;286;BR-116/SP;Sul;Choque - Defensa, barreira ou submarino;
03/04/2021;sábado;10:46:00;3 - Acidente com Danos Materiais;541;BR-116/SP;Norte;Saida de Pista;
03/04/2021;sábado;09:49:00;2 - Acidente com VITIMA;39,2;BR-116/PR;Sul;Capotamento;
03/04/2021;sábado;09:42:00;3 - Acidente com Danos Materiais;541,3;BR-116/SP;Sul;Choque - Outros;
03/04/2021;sábado;10:30:00;3 - Acidente com Danos Materiais;15,5;BR-116/PR;Sul;Saida de Pista;
03/04/2021;sábado;13:11:00;3 - Acidente com Danos Materiais;7,8;BR-116/PR;Norte;Choque - Defensa, barreira ou submarino;
03/04/2021;sábado;14:30:00;3 - Acidente com Danos Materiais;3,1;BR-116/PR;Norte;Capotamento;
03/04/2021;sábado;18:22:00;3 - Acidente com Danos Materiais;541,6;BR-116/SP;Sul;Choque - Defensa, barreira ou submarino;
03/04/2021;sábado;09:55:00;3 - Acidente com Danos Materiais;28;BR-116/PR;Sul;Choque - Defensa, barreira ou submarino;
03/04/2021;sábado;07:09:00;3 - Acidente com Danos Materiais;62;BR-116/PR;Norte;Choque - Defensa, barreira ou submarino;
03/04/2021;sábado;14:46:00;3 - Acidente com Danos Materiais;515,8;BR-116/SP;Norte;Capotamento;
03/04/2021;sábado;08:58:00;3 - Acidente com Danos Materiais;46,8;BR-116/PR;Sul;Saida de Pista;
03/04/2021;sábado;10:42:00;2 - Acidente com VITIMA;16,9;BR-116/PR;Sul;Saida de Pista;
04/04/2021;domingo;22:33:00;2 - Acidente com VITIMA;11,8;BR-116/CW;Norte;Colisão Traseira;
04/04/2021;domingo;01:10:00;3 - Acidente com Danos Materiais;334,8;BR-116/SP;Sul;Choque - Defensa, barreira ou submarino;
04/04/2021;domingo;16:58:00;3 - Acidente com Danos Materiais;317,6;BR-116/SP;Sul;Saida de Pista;
04/04/2021;domingo;18:09:00;3 - Acidente com Danos Materiais;23,5;BR-116/PR;Norte;Saida de Pista;
04/04/2021;domingo;16:21:00;2 - Acidente com VITIMA;339;BR-116/SP;Norte;Colisão Lateral;
04/04/2021;domingo;16:40:00;2 - Acidente com VITIMA;5;BR-116/PR;Norte;Colisão Lateral;
04/04/2021;domingo;10:33:00;3 - Acidente com Danos Materiais;389;BR-116/SP;Sul;Colisão Lateral;
04/04/2021;domingo;12:50:00;3 - Acidente com Danos Materiais;386,6;BR-116/SP;Norte;Colisão Traseira;
04/04/2021;domingo;04:19:00;3 - Acidente com Danos Materiais;320,8;BR-116/SP;Norte;Colisão Traseira;
04/04/2021;domingo;18:15:00;3 - Acidente com Danos Materiais;46,7;BR-116/PR;Norte;Saida de Pista;
04/04/2021;domingo;13:23:00;2 - Acidente com VITIMA;347,5;BR-116/SP;Norte;Tombamento;
04/04/2021;domingo;22:50:00;3 - Acidente com Danos Materiais;16,9;BR-116/PR;Sul;Choque - Defensa, barreira ou submarino;
04/04/2021;domingo;06:49:00;3 - Acidente com Danos Materiais;311,8;BR-116/SP;Norte;Choque - Suporte de Sinalização;
04/04/2021;domingo;18:07:00;3 - Acidente com Danos Materiais;59;BR-116/PR;Sul;Choque - Defensa, barreira ou submarino;
04/04/2021;domingo;11:08:00;3 - Acidente com Danos Materiais;348;BR-116/SP;Norte;Saida de Pista;
04/04/2021;domingo;13:11:00;3 - Acidente com Danos Materiais;356,9;BR-116/SP;Norte;Choque - Defensa, barreira ou submarino;
04/04/2021;domingo;23:18:00;3 - Acidente com Danos Materiais;20,2;BR-116/PR;Sul;Saida de Pista;
04/04/2021;domingo;01:06:00;3 - Acidente com Danos Materiais;511;BR-116/SP;Norte;Choque - Defensa, barreira ou submarino;
04/04/2021;domingo;03:56:00;2 - Acidente com VITIMA;46,9;BR-116/PR;Norte;Choque - Defensa, barreira ou submarino;
04/04/2021;domingo;05:18:00;3 - Acidente com Danos Materiais;29,5;BR-116/PR;Norte;Choque - Defensa, barreira ou submarino;
04/04/2021;domingo;17:12:00;3 - Acidente com Danos Materiais;1;BR-116/PR;Sul;Saida de Pista;
04/04/2021;domingo;17:22:00;2 - Acidente com VITIMA;514;BR-116/SP;Norte;Capotamento;
04/04/2021;domingo;20:18:00;3 - Acidente com Danos Materiais;38,4;BR-116/PR;Sul;Choque - Defensa, barreira ou submarino;
04/04/2021;domingo;20:40:00;2 - Acidente com VITIMA;1;BR-116/PR;Sul;Capotamento;
04/04/2021;domingo;20:47:00;3 - Acidente com Danos Materiais;39,3;BR-116/PR;Sul;Capotamento;
04/04/2021;domingo;22:42:00;2 - Acidente com VITIMA;44;BR-116/PR;Sul;Choque - Elemento de Drenagem;
04/04/2021;domingo;10:20:00;3 - Acidente com Danos Materiais;281;BR-116/SP;Norte;Colisão Traseira;
04/04/2021;domingo;19:49:00;2 - Acidente com VITIMA;285,5;BR-116/SP;Norte;Colisão Lateral;
04/04/2021;domingo;23:16:00;2 - Acidente com VITIMA;273,5;BR-116/SP;Sul;Choque - Defensa, barreira ou submarino;
04/04/2021;domingo;06:58:00;3 - Acidente com Danos Materiais;445;BR-116/SP;Sul;Saida de Pista;
04/04/2021;domingo;18:36:00;3 - Acidente com Danos Materiais;57,2;BR-116/PR;Norte;Choque - Defensa, barreira ou submarino;
05/04/2021;segunda-feira;05:47:00;3 - Acidente com Danos Materiais;2,2;BR-116/PR;Sul;Choque - Defensa, barreira ou submarino;
05/04/2021;segunda-feira;01:56:00;3 - Acidente com Danos Materiais;279,49;BR-116/SP;Norte;Colisão Traseira;
05/04/2021;segunda-feira;01:16:00;2 - Acidente com VITIMA;20,6;BR-116/PR;Sul;Tombamento;
05/04/2021;segunda-feira;08:35:00;3 - Acidente com Danos Materiais;282,8;BR-116/SP;Norte;Colisão Lateral;
05/04/2021;segunda-feira;21:38:00;3 - Acidente com Danos Materiais;503,3;BR-116/SP;Sul;Choque - Defensa, barreira ou submarino;
05/04/2021;segunda-feira;23:46:00;3 - Acidente com Danos Materiais;509,7;BR-116/SP;Norte;Saida de Pista;
05/04/2021;segunda-feira;01:03:00;3 - Acidente com Danos Materiais;20,3;BR-116/PR;Sul;Tombamento;
05/04/2021;segunda-feira;03:09:00;3 - Acidente com Danos Materiais;541,5;BR-116/SP;Norte;Choque - Defensa, barreira ou submarino;
05/04/2021;segunda-feira;05:35:00;3 - Acidente com Danos Materiais;26;BR-116/PR;Norte;Saida de Pista;
05/04/2021;segunda-feira;06:39:00;3 - Acidente com Danos Materiais;547,8;BR-116/SP;Norte;Capotamento;
05/04/2021;segunda-feira;23:06:00;3 - Acidente com Danos Materiais;509,7;BR-116/SP;Norte;Saida de Pista;
05/04/2021;segunda-feira;06:44:00;3 - Acidente com Danos Materiais;39,95;BR-116/PR;Sul;Choque - Defensa, barreira ou submarino;
06/04/2021;terça-feira;13:33:00;3 - Acidente com Danos Materiais;327,9;BR-116/SP;Norte;Choque - Defensa, barreira ou submarino;
06/04/2021;terça-feira;18:18:00;3 - Acidente com Danos Materiais;488,885;BR-116/SP;Sul;Choque - Defensa, barreira ou submarino;
06/04/2021;terça-feira;08:37:00;3 - Acidente com Danos Materiais;489,9;BR-116/SP;Sul;Colisão Lateral;
06/04/2021;terça-feira;11:45:00;2 - Acidente com VITIMA;479,3;BR-116/SP;Sul;Choque - Defensa, barreira ou submarino;
06/04/2021;terça-feira;13:46:00;3 - Acidente com Danos Materiais;514,7;BR-116/SP;Norte;Choque - Defensa, barreira ou submarino;
06/04/2021;terça-feira;12:53:00;2 - Acidente com VITIMA;15,5;BR-116/PR;Sul;Choque - Talude;
06/04/2021;terça-feira;13:02:00;2 - Acidente com VITIMA;512,7;BR-116/SP;Norte;Choque - Defensa, barreira ou submarino;
06/04/2021;terça-feira;13:36:00;3 - Acidente com Danos Materiais;39,4;BR-116/PR;Sul;Choque - Defensa, barreira ou submarino;
06/04/2021;terça-feira;13:55:00;3 - Acidente com Danos Materiais;504,9;BR-116/SP;Sul;Choque - Defensa, barreira ou submarino;
06/04/2021;terça-feira;18:27:00;3 - Acidente com Danos Materiais;1,97;BR-116/PR;Norte;Tombamento;
06/04/2021;terça-feira;16:07:00;2 - Acidente com VITIMA;385,35;BR-116/SP;Sul;Tombamento;
06/04/2021;terça-feira;07:12:00;3 - Acidente com Danos Materiais;358,1;BR-116/SP;Sul;Colisão Traseira;
07/04/2021;quarta-feira;07:33:00;3 - Acidente com Danos Materiais;485,8;BR-116/SP;Sul;Colisão Traseira;
07/04/2021;quarta-feira;19:43:00;3 - Acidente com Danos Materiais;11;BR-116/CW;Norte;Choque - Elemento de Drenagem;
07/04/2021;quarta-feira;03:42:00;2 - Acidente com VITIMA;509,7;BR-116/SP;Norte;Choque - Talude;
07/04/2021;quarta-feira;09:51:00;3 - Acidente com Danos Materiais;370,001;BR-116/SP;Norte;Colisão Traseira;
07/04/2021;quarta-feira;23:32:00;2 - Acidente com VITIMA;269,4;BR-116/SP;Norte;Atropelamento - Outros;
07/04/2021;quarta-feira;12:27:00;3 - Acidente com Danos Materiais;541,6;BR-116/SP;Sul;Choque - Defensa, barreira ou submarino;
07/04/2021;quarta-feira;13:00:00;3 - Acidente com Danos Materiais;38,3;BR-116/PR;Sul;Choque - Defensa, barreira ou submarino;
07/04/2021;quarta-feira;14:12:00;3 - Acidente com Danos Materiais;512,3;BR-116/SP;Norte;Choque - Suporte de Sinalização;
07/04/2021;quarta-feira;20:15:00;3 - Acidente com Danos Materiais;34;BR-116/PR;Norte;Saida de Pista;
07/04/2021;quarta-feira;20:39:00;3 - Acidente com Danos Materiais;39,6;BR-116/PR;Sul;Capotamento;
07/04/2021;quarta-feira;17:04:00;2 - Acidente com VITIMA;532,4;BR-116/SP;Sul;Queda de Moto;
07/04/2021;quarta-feira;14:16:00;3 - Acidente com Danos Materiais;3,7;BR-116/PR;Norte;Choque - Defensa, barreira ou submarino;
08/04/2021;quinta-feira;17:41:00;2 - Acidente com VITIMA;63,5;BR-116/PR;Norte;Colisão Traseira;
08/04/2021;quinta-feira;05:16:00;3 - Acidente com Danos Materiais;566;BR-116/SP;Sul;Choque - Defensa, barreira ou submarino;
08/04/2021;quinta-feira;07:59:00;2 - Acidente com VITIMA;17,8;BR-116/CW;Sul;Colisão Traseira;
08/04/2021;quinta-feira;13:30:00;3 - Acidente com Danos Materiais;298,6;BR-116/SP;Sul;Colisão Traseira;
08/04/2021;quinta-feira;16:20:00;2 - Acidente com VITIMA;426,6;BR-116/SP;Sul;Colisão Traseira;
08/04/2021;quinta-feira;02:47:00;2 - Acidente com VITIMA;47,6;BR-116/PR;Sul;Colisão Transversal;
08/04/2021;quinta-feira;14:22:00;3 - Acidente com Danos Materiais;488,2;BR-116/SP;Sul;Queda de Moto;
08/04/2021;quinta-feira;23:09:00;3 - Acidente com Danos Materiais;342,3;BR-116/SP;Norte;Tombamento;
08/04/2021;quinta-feira;12:17:00;2 - Acidente com VITIMA;514,5;BR-116/SP;Norte;Tombamento;
08/04/2021;quinta-feira;16:05:00;2 - Acidente com VITIMA;514,95;BR-116/SP;Norte;Choque - Talude;
09/04/2021;sexta-feira;11:46:00;2 - Acidente com VITIMA;398;BR-116/SP;Sul;Tombamento;
09/04/2021;sexta-feira;23:05:00;2 - Acidente com VITIMA;561,5;BR-116/SP;Norte;Tombamento;
09/04/2021;sexta-feira;13:53:00;3 - Acidente com Danos Materiais;292,1;BR-116/SP;Sul;Choque - Defensa, barreira ou submarino;
09/04/2021;sexta-feira;17:51:00;3 - Acidente com Danos Materiais;11,2;BR-116/CW;Sul;Colisão Traseira;
09/04/2021;sexta-feira;02:27:00;3 - Acidente com Danos Materiais;303;BR-116/SP;Norte;Choque - Defensa, barreira ou submarino;
09/04/2021;sexta-feira;07:39:00;2 - Acidente com VITIMA;270,1;BR-116/SP;Norte;Colisão Traseira;
09/04/2021;sexta-feira;17:37:00;2 - Acidente com VITIMA;422,5;BR-116/SP;Sul;Choque - Defensa, barreira ou submarino;
09/04/2021;sexta-feira;16:59:00;2 - Acidente com VITIMA;279,9;BR-116/SP;Sul;Colisão Traseira;
09/04/2021;sexta-feira;11:23:00;2 - Acidente com VITIMA;2,5;BR-116/CW;Sul;Colisão Traseira;
10/04/2021;sábado;14:44:00;2 - Acidente com VITIMA;322,6;BR-116/SP;Sul;Atropelamento - Andarilho;
10/04/2021;sábado;05:19:00;3 - Acidente com Danos Materiais;274,5;BR-116/SP;Sul;Choque - Outros;
10/04/2021;sábado;20:00:00;3 - Acidente com Danos Materiais;277;BR-116/SP;Norte;Choque - Defensa, barreira ou submarino;
10/04/2021;sábado;07:59:00;3 - Acidente com Danos Materiais;269,6;BR-116/SP;Norte;Colisão Traseira;
10/04/2021;sábado;00:33:00;3 - Acidente com Danos Materiais;54,5;BR-116/PR;Sul;Tombamento;
11/04/2021;domingo;03:58:00;2 - Acidente com VITIMA;275,1;BR-116/SP;Norte;Saida de Pista;
11/04/2021;domingo;23:04:00;2 - Acidente com VITIMA;516;BR-116/SP;Norte;Colisão Traseira;
11/04/2021;domingo;17:59:00;3 - Acidente com Danos Materiais;409,355;BR-116/SP;Norte;Colisão Traseira;
11/04/2021;domingo;16:27:00;3 - Acidente com Danos Materiais;305,8;BR-116/SP;Norte;Colisão Traseira;
11/04/2021;domingo;19:06:00;3 - Acidente com Danos Materiais;62,5;BR-116/PR;Norte;Choque - Defensa, barreira ou submarino;
11/04/2021;domingo;12:07:00;2 - Acidente com VITIMA;443;BR-116/SP;Norte;Atropelamento - Ciclista;
12/04/2021;segunda-feira;21:13:00;3 - Acidente com Danos Materiais;12;BR-116/PR;Sul;Atropelamento de Animal;
12/04/2021;segunda-feira;20:11:00;3 - Acidente com Danos Materiais;541,8;BR-116/SP;Sul;Choque - Defensa, barreira ou submarino;
12/04/2021;segunda-feira;21:33:00;3 - Acidente com Danos Materiais;563,9;BR-116/SP;Sul;Saida de Pista;
12/04/2021;segunda-feira;12:26:00;3 - Acidente com Danos Materiais;279,5;BR-116/SP;Norte;Colisão Traseira;
12/04/2021;segunda-feira;04:25:00;2 - Acidente com VITIMA;328,9;BR-116/SP;Norte;Colisão Traseira;
12/04/2021;segunda-feira;16:30:00;3 - Acidente com Danos Materiais;1,6;BR-116/PR;Sul;Choque - Defensa, barreira ou submarino;
12/04/2021;segunda-feira;12:26:00;2 - Acidente com VITIMA;319,8;BR-116/SP;Norte;Queda de Moto;
13/04/2021;terça-feira;22:05:00;3 - Acidente com Danos Materiais;299,5;BR-116/SP;Sul;Choque - Talude;
13/04/2021;terça-feira;05:25:00;3 - Acidente com Danos Materiais;16,3;BR-116/PR;Norte;Colisão Traseira;
13/04/2021;terça-feira;05:11:00;2 - Acidente com VITIMA;273,15;BR-116/SP;Norte;Colisão Traseira;
13/04/2021;terça-feira;15:23:00;3 - Acidente com Danos Materiais;397;BR-116/SP;Sul;Colisão Lateral;
13/04/2021;terça-feira;22:35:00;3 - Acidente com Danos Materiais;42,1;BR-116/PR;Sul;Capotamento;
13/04/2021;terça-feira;07:43:00;2 - Acidente com VITIMA;281,7;BR-116/SP;Norte;Queda de Moto;
13/04/2021;terça-feira;00:06:00;3 - Acidente com Danos Materiais;550,2;BR-116/SP;Norte;Colisão Lateral;
13/04/2021;terça-feira;04:14:00;3 - Acidente com Danos Materiais;5,7;BR-116/PR;Norte;Choque - Defensa, barreira ou submarino;
13/04/2021;terça-feira;10:26:00;3 - Acidente com Danos Materiais;29,72;BR-116/PR;Norte;Choque - Defensa, barreira ou submarino;
13/04/2021;terça-feira;07:38:00;3 - Acidente com Danos Materiais;507;BR-116/SP;Norte;Choque - Talude;
13/04/2021;terça-feira;08:12:00;2 - Acidente com VITIMA;7,8;BR-116/PR;Sul;Choque - Defensa, barreira ou submarino;
13/04/2021;terça-feira;08:14:00;3 - Acidente com Danos Materiais;506;BR-116/SP;Norte;Choque - Defensa, barreira ou submarino;
13/04/2021;terça-feira;08:32:00;3 - Acidente com Danos Materiais;565;BR-116/SP;Sul;Choque - Defensa, barreira ou submarino;
13/04/2021;terça-feira;09:24:00;3 - Acidente com Danos Materiais;2,8;BR-116/PR;Norte;Choque - Defensa, barreira ou submarino;
13/04/2021;terça-feira;08:56:00;2 - Acidente com VITIMA;275,4;BR-116/SP;Norte;Engavetamento;
14/04/2021;quarta-feira;01:05:00;3 - Acidente com Danos Materiais;65,3;BR-116/PR;Norte;Tombamento;
14/04/2021;quarta-feira;19:23:00;3 - Acidente com Danos Materiais;517;BR-116/SP;Norte;Atropelamento de Animal;
14/04/2021;quarta-feira;03:02:00;3 - Acidente com Danos Materiais;487,9;BR-116/SP;Norte;Colisão Traseira;
14/04/2021;quarta-feira;07:29:00;3 - Acidente com Danos Materiais;57;BR-116/PR;Sul;Colisão Traseira;
14/04/2021;quarta-feira;19:47:00;2 - Acidente com VITIMA;5,05;BR-116/CW;Sul;Colisão Lateral;
14/04/2021;quarta-feira;23:31:00;3 - Acidente com Danos Materiais;514,5;BR-116/SP;Sul;Colisão Traseira;
14/04/2021;quarta-feira;21:41:00;1 - Acidente com Vitima Fatal;9,2;BR-116/PR;Sul;Choque - Talude;1
14/04/2021;quarta-feira;15:12:00;3 - Acidente com Danos Materiais;379,328;BR-116/SP;Norte;Objeto lançado contra veículo;
14/04/2021;quarta-feira;15:46:00;3 - Acidente com Danos Materiais;546,6;BR-116/SP;Sul;Choque - Defensa, barreira ou submarino;
14/04/2021;quarta-feira;16:28:00;3 - Acidente com Danos Materiais;15,6;BR-116/PR;Sul;Capotamento;
14/04/2021;quarta-feira;07:54:00;3 - Acidente com Danos Materiais;275,4;BR-116/SP;Norte;Engavetamento;
14/04/2021;quarta-feira;08:40:00;3 - Acidente com Danos Materiais;270,7;BR-116/SP;Norte;Colisão Traseira;
14/04/2021;quarta-feira;12:06:00;3 - Acidente com Danos Materiais;29,4;BR-116/PR;Sul;Colisão Lateral;
14/04/2021;quarta-feira;10:03:00;3 - Acidente com Danos Materiais;351,4;BR-116/SP;Sul;Choque - Defensa, barreira ou submarino;
15/04/2021;quinta-feira;17:00:00;3 - Acidente com Danos Materiais;506;BR-116/SP;Norte;Colisão Traseira;
15/04/2021;quinta-feira;06:33:00;3 - Acidente com Danos Materiais;15,5;BR-116/CW;Norte;Colisão Traseira;
15/04/2021;quinta-feira;14:51:00;3 - Acidente com Danos Materiais;399,6;BR-116/SP;Sul;Colisão Traseira;
15/04/2021;quinta-feira;19:35:00;3 - Acidente com Danos Materiais;463;BR-116/SP;Sul;Colisão Lateral;
15/04/2021;quinta-feira;08:19:00;3 - Acidente com Danos Materiais;288,378;BR-116/SP;Norte;Colisão Lateral;
15/04/2021;quinta-feira;17:56:00;2 - Acidente com VITIMA;273,8;BR-116/SP;Norte;Colisão Traseira;
15/04/2021;quinta-feira;05:00:00;2 - Acidente com VITIMA;26,4;BR-116/PR;Norte;Tombamento;
15/04/2021;quinta-feira;19:08:00;3 - Acidente com Danos Materiais;8;BR-116/PR;Norte;Choque - Defensa, barreira ou submarino;
16/04/2021;sexta-feira;04:50:00;2 - Acidente com VITIMA;405;BR-116/SP;Norte;Colisão Traseira;
16/04/2021;sexta-feira;12:10:00;3 - Acidente com Danos Materiais;293,95;BR-116/SP;Sul;Colisão Lateral;
16/04/2021;sexta-feira;18:43:00;3 - Acidente com Danos Materiais;280,1;BR-116/SP;Sul;Engavetamento;
16/04/2021;sexta-feira;18:10:00;2 - Acidente com VITIMA;323;BR-116/SP;Norte;Choque - Defensa, barreira ou submarino;
16/04/2021;sexta-feira;08:07:00;3 - Acidente com Danos Materiais;281,4;BR-116/SP;Norte;Colisão Lateral;
16/04/2021;sexta-feira;05:46:00;3 - Acidente com Danos Materiais;44,3;BR-116/PR;Sul;Capotamento;
16/04/2021;sexta-feira;21:01:00;2 - Acidente com VITIMA;18,6;BR-116/CW;Sul;Queda de Moto;
17/04/2021;sábado;19:17:00;3 - Acidente com Danos Materiais;504,4;BR-116/SP;Sul;Choque - Defensa, barreira ou submarino;
17/04/2021;sábado;09:56:00;3 - Acidente com Danos Materiais;408,6;BR-116/SP;Sul;Colisão Lateral;
17/04/2021;sábado;12:41:00;3 - Acidente com Danos Materiais;52,3;BR-116/PR;Norte;Colisão Lateral;