data;dia_semana;horario;tipo_de_ocorrencia;km;trecho;sentido;tipo_de_acidente;mortos
17/04/2021;sábado;06:45:00;3 - Acidente com Danos Materiais;283,1;BR-116/SP;Norte;Colisão Lateral;
17/04/2021;sábado;11:18:00;3 - Acidente com Danos Materiais;277,8;BR-116/SP;Sul;Colisão Traseira;
17/04/2021;sábado;17:50:00;3 - Acidente com Danos Materiais;272,6;BR-116/SP;Sul;Engavetamento;
17/04/2021;sábado;19:13:00;3 - Acidente com Danos Materiais;527,7;BR-116/SP;Norte;Saida de Pista;
17/04/2021;sábado;11:16:00;3 - Acidente com Danos Materiais;548,8;BR-116/SP;Sul;Choque - Defensa, barreira ou submarino;
17/04/2021;sábado;18:53:00;3 - Acidente com Danos Materiais;421,5;BR-116/SP;Norte;Saida de Pista;
17/04/2021;sábado;12:19:00;3 - Acidente com Danos Materiais;28,15;BR-116/PR;Sul;Tombamento;
17/04/2021;sábado;13:42:00;3 - Acidente com Danos Materiais;28,2;BR-116/PR;Norte;Choque - Defensa, barreira ou submarino;
17/04/2021;sábado;13:47:00;2 - Acidente com VITIMA;511,9;BR-116/SP;Norte;Choque - Defensa, barreira ou submarino;
17/04/2021;sábado;14:03:00;3 - Acidente com Danos Materiais;27,9;BR-116/PR;Norte;Choque - Defensa, barreira ou submarino;
17/04/2021;sábado;15:14:00;2 - Acidente com VITIMA;509,8;BR-116/SP;Norte;Choque - Defensa, barreira ou submarino;
17/04/2021;sábado;22:32:00;3 - Acidente com Danos Materiais;503,401;BR-116/SP;Sul;Capotamento;
17/04/2021;sábado;10:50:00;3 - Acidente com Danos Materiais;28,3;BR-116/PR;Norte;Choque - Defensa, barreira ou submarino;
17/04/2021;sábado;11:23:00;3 - Acidente com Danos Materiais;547,9;BR-116/SP;Sul;Choque - Elemento de Drenagem;
17/04/2021;sábado;14:00:00;3 - Acidente com Danos Materiais;1,05;BR-116/PR;Sul;Saida de Pista;
17/04/2021;sábado;15:46:00;3 - Acidente com Danos Materiais;466,955;BR-116/SP;Norte;Choque - Elemento de Drenagem;
17/04/2021;sábado;17:00:00;3 - Acidente com Danos Materiais;499,6;BR-116/SP;Sul;Saida de Pista;
17/04/2021;sábado;12:13:00;2 - Acidente com VITIMA;38,2;BR-116/PR;Sul;Capotamento;
17/04/2021;sábado;12:17:00;3 - Acidente com Danos Materiais;509,7;BR-116/SP;Norte;Choque - Defensa, barreira ou submarino;
17/04/2021;sábado;13:38:00;3 - Acidente com Danos Materiais;566,1;BR-116/SP;Sul;Choque - Defensa, barreira ou submarino;
17/04/2021;sábado;16:53:00;2 - Acidente com VITIMA;362,8;BR-116/SP;Sul;Choque - Talude;
17/04/2021;sábado;17:40:00;3 - Acidente com Danos Materiais;362;BR-116/SP;Sul;Queda de Moto;
17/04/2021;sábado;13:26:00;3 - Acidente com Danos Materiais;560,4;BR-116/SP;Sul;Choque - Defensa, barreira ou submarino;
17/04/2021;sábado;01:18:00;3 - Acidente com Danos Materiais;411,52;BR-116/SP;Norte;Tombamento;
17/04/2021;sábado;19:51:00;3 - Acidente com Danos Materiais;315,5;BR-116/SP;Norte;Choque - Talude;
17/04/2021;sábado;11:18:00;2 - Acidente com VITIMA;291;BR-116/SP;Sul;Queda de Moto;
17/04/2021;sábado;21:11:00;2 - Acidente com VITIMA;68,9;BR-116/PR;Sul;Colisão Frontal;
18/04/2021;domingo;22:12:00;2 - Acidente com VITIMA;359,15;BR-116/SP;Norte;Tombamento;
18/04/2021;domingo;17:39:00;2 - Acidente com VITIMA;6,9;BR-116/PR;Sul;Choque - Poste;
18/04/2021;domingo;14:35:00;3 - Acidente com Danos Materiais;65,4;BR-116/PR;Sul;Choque - Defensa, barreira ou submarino;
18/04/2021;domingo;11:04:00;3 - Acidente com Danos Materiais;565,2;BR-116/SP;Sul;Colisão Traseira;
18/04/2021;domingo;17:50:00;3 - Acidente com Danos Materiais;42,3;BR-116/PR;Norte;Tombamento;
18/04/2021;domingo;06:33:00;2 - Acidente com VITIMA;485;BR-116/SP;Sul;Queda de Moto;
18/04/2021;domingo;08:12:00;3 - Acidente com Danos Materiais;392;BR-116/SP;Sul;Colisão Lateral;
18/04/2021;domingo;16:31:00;3 - Acidente com Danos Materiais;57,2;BR-116/PR;Norte;Colisão Traseira;
18/04/2021;domingo;08:49:00;1 - Acidente com Vitima Fatal;298,8;BR-116/SP;Sul;Atropelamento - Funcionário;1
18/04/2021;domingo;08:20:00;3 - Acidente com Danos Materiais;550;BR-116/SP;Norte;Colisão Lateral;
18/04/2021;domingo;08:26:00;3 - Acidente com Danos Materiais;545,5;BR-116/SP;Norte;Choque - Defensa, barreira ou submarino;
18/04/2021;domingo;03:51:00;3 - Acidente com Danos Materiais;513,5;BR-116/SP;Norte;Choque - Defensa, barreira ou submarino;
18/04/2021;domingo;06:38:00;2 - Acidente com VITIMA;548,8;BR-116/SP;Sul;Tombamento;
18/04/2021;domingo;09:10:00;2 - Acidente com VITIMA;545,7;BR-116/SP;Sul;Choque - Defensa, barreira ou submarino;
18/04/2021;domingo;09:12:00;2 - Acidente com VITIMA;565,1;BR-116/SP;Sul;Choque - Defensa, barreira ou submarino;
18/04/2021;domingo;12:24:00;3 - Acidente com Danos Materiais;27,75;BR-116/PR;Norte;Choque - Defensa, barreira ou submarino;
18/04/2021;domingo;12:47:00;3 - Acidente com Danos Materiais;44,3;BR-116/PR;Sul;Choque - Elemento de Drenagem;
18/04/2021;domingo;07:04:00;3 - Acidente com Danos Materiais;1,9;BR-116/PR;Norte;Tombamento;
18/04/2021;domingo;00:10:00;3 - Acidente com Danos Materiais;269,7;BR-116/SP;Sul;Colisão Lateral;
18/04/2021;domingo;17:36:00;3 - Acidente com Danos Materiais;301,9;BR-116/SP;Norte;Colisão Traseira;
19/04/2021;segunda-feira;09:59:00;3 - Acidente com Danos Materiais;347,7;BR-116/SP;Norte;Choque - Defensa, barreira ou submarino;
19/04/2021;segunda-feira;07:57:00;3 - Acidente com Danos Materiais;551;BR-116/SP;Sul;Queda de Moto;
19/04/2021;segunda-feira;08:11:00;3 - Acidente com Danos Materiais;551;BR-116/SP;Sul;Colisão Traseira;
19/04/2021;segunda-feira;10:21:00;2 - Acidente com VITIMA;561,6;BR-116/SP;Sul;Choque - Defensa, barreira ou submarino;
19/04/2021;segunda-feira;19:30:00;3 - Acidente com Danos Materiais;565;BR-116/SP;Sul;Choque - Defensa, barreira ou submarino;
19/04/2021;segunda-feira;20:41:00;3 - Acidente com Danos Materiais;548,1;BR-116/SP;Sul;Engavetamento;
19/04/2021;segunda-feira;22:54:00;1 - Acidente com Vitima Fatal;328,6;BR-116/SP;Sul;Atropelamento - Andarilho;1
19/04/2021;segunda-feira;18:41:00;3 - Acidente com Danos Materiais;541,1;BR-116/SP;Sul;Choque - Defensa, barreira ou submarino;
19/04/2021;segunda-feira;21:02:00;3 - Acidente com Danos Materiais;389,95;BR-116/SP;Sul;Colisão Lateral;
19/04/2021;segunda-feira;17:44:00;3 - Acidente com Danos Materiais;327,5;BR-116/SP;Norte;Choque - Defensa, barreira ou submarino;
19/04/2021;segunda-feira;07:55:00;3 - Acidente com Danos Materiais;489,9;BR-116/SP;Sul;Choque - Defensa, barreira ou submarino;
19/04/2021;segunda-feira;16:23:00;3 - Acidente com Danos Materiais;442,1;BR-116/SP;Norte;Choque - Defensa, barreira ou submarino;
19/04/2021;segunda-feira;22:19:00;3 - Acidente com Danos Materiais;336,9;BR-116/SP;Sul;Colisão Traseira;
19/04/2021;segunda-feira;11:44:00;2 - Acidente com VITIMA;270;BR-116/SP;Sul;Queda de Moto;
19/04/2021;segunda-feira;06:43:00;2 - Acidente com VITIMA;273,5;BR-116/SP;Norte;Colisão Lateral;
19/04/2021;segunda-feira;05:10:00;3 - Acidente com Danos Materiais;548,8;BR-116/SP;Sul;Tombamento;
19/04/2021;segunda-feira;09:09:00;3 - Acidente com Danos Materiais;508,9;BR-116/SP;Sul;Queda de Moto;
19/04/2021;segunda-feira;09:27:00;3 - Acidente com Danos Materiais;561,5;BR-116/SP;Sul;Choque - Defensa, barreira ou submarino;
19/04/2021;segunda-feira;09:56:00;3 - Acidente com Danos Materiais;28;BR-116/PR;Norte;Choque - Defensa, barreira ou submarino;
19/04/2021;segunda-feira;10:09:00;3 - Acidente com Danos Materiais;565;BR-116/SP;Sul;Choque - Defensa, barreira ou submarino;
19/04/2021;segunda-feira;10:12:00;3 - Acidente com Danos Materiais;541,6;BR-116/SP;Sul;Choque - Defensa, barreira ou submarino;
19/04/2021;segunda-feira;11:13:00;3 - Acidente com Danos Materiais;550,5;BR-116/SP;Norte;Choque - Talude;
19/04/2021;segunda-feira;11:53:00;2 - Acidente com VITIMA;564,15;BR-116/SP;Sul;Choque - Defensa, barreira ou submarino;
19/04/2021;segunda-feira;18:48:00;2 - Acidente com VITIMA;400,3;BR-116/SP;Norte;Capotamento;
19/04/2021;segunda-feira;05:07:00;2 - Acidente com VITIMA;566,9;BR-116/SP;Norte;Choque - Defensa, barreira ou submarino;
19/04/2021;segunda-feira;23:42:00;3 - Acidente com Danos Materiais;42,1;BR-116/PR;Sul;Choque - Defensa, barreira ou submarino;
19/04/2021;segunda-feira;08:04:00;3 - Acidente com Danos Materiais;548,5;BR-116/SP;Sul;Choque - Defensa, barreira ou submarino;
19/04/2021;segunda-feira;08:06:00;3 - Acidente com Danos Materiais;46,9;BR-116/PR;Norte;Choque - Elemento de Drenagem;
19/04/2021;segunda-feira;08:32:00;3 - Acidente com Danos Materiais;550,5;BR-116/SP;Norte;Tombamento;
19/04/2021;segunda-feira;10:03:00;3 - Acidente com Danos Materiais;65,2;BR-116/PR;Sul;Choque - Defensa, barreira ou submarino;
19/04/2021;segunda-feira;12:18:00;3 - Acidente com Danos Materiais;561,6;BR-116/SP;Sul;Choque - Defensa, barreira ou submarino;
19/04/2021;segunda-feira;13:52:00;3 - Acidente com Danos Materiais;561,5;BR-116/SP;Sul;Choque - Defensa, barreira ou submarino;
19/04/2021;segunda-feira;17:02:00;3 - Acidente com Danos Materiais;537,3;BR-116/SP;Sul;Choque - Defensa, barreira ou submarino;
19/04/2021;segunda-feira;17:17:00;2 - Acidente com VITIMA;327,5;BR-116/SP;Norte;Choque - Defensa, barreira ou submarino;
19/04/2021;segunda-feira;18:19:00;3 - Acidente com Danos Materiais;546;BR-116/SP;Norte;Choque - Defensa, barreira ou submarino;
19/04/2021;segunda-feira;01:06:00;3 - Acidente com Danos Materiais;1,1;BR-116/PR;Sul;Choque - Defensa, barreira ou submarino;
19/04/2021;segunda-feira;16:58:00;3 - Acidente com Danos Materiais;541,1;BR-116/SP;Sul;Capotamento;
19/04/2021;segunda-feira;14:14:00;1 - Acidente com Vitima Fatal;394,9;BR-116/SP;Sul;Choque - Defensa, barreira ou submarino;1
19/04/2021;segunda-feira;07:58:00;2 - Acidente com VITIMA;46,9;BR-116/PR;Norte;Tombamento;
19/04/2021;segunda-feira;09:16:00;2 - Acidente com VITIMA;323,1;BR-116/SP;Sul;Queda de Moto;
19/04/2021;segunda-feira;12:00:00;2 - Acidente com VITIMA;390;BR-116/SP;Sul;Queda de Moto;
20/04/2021;terça-feira;05:13:00;3 - Acidente com Danos Materiais;46,8;BR-116/PR;Sul;Engavetamento;
20/04/2021;terça-feira;19:09:00;3 - Acidente com Danos Materiais;9,2;BR-116/CW;Norte;Queda de Moto;
20/04/2021;terça-feira;18:45:00;2 - Acidente com VITIMA;9,2;BR-116/CW;Norte;Atropelamento de Animal;
20/04/2021;terça-feira;00:22:00;3 - Acidente com Danos Materiais;509,8;BR-116/SP;Sul;Choque - Objeto sobre a pista;
20/04/2021;terça-feira;16:16:00;3 - Acidente com Danos Materiais;561,8;BR-116/SP;Sul;Capotamento;
20/04/2021;terça-feira;22:46:00;2 - Acidente com VITIMA;46,9;BR-116/PR;Norte;Saida de Pista;
20/04/2021;terça-feira;14:27:00;3 - Acidente com Danos Materiais;352;BR-116/SP;Sul;Saida de Pista;
20/04/2021;terça-feira;06:48:00;3 - Acidente com Danos Materiais;278,2;BR-116/SP;Norte;Engavetamento;
20/04/2021;terça-feira;21:00:00;3 - Acidente com Danos Materiais;296,1;BR-116/SP;Norte;Choque - Defensa, barreira ou submarino;
20/04/2021;terça-feira;09:19:00;3 - Acidente com Danos Materiais;279,7;BR-116/SP;Norte;Colisão Traseira;
20/04/2021;terça-feira;13:06:00;2 - Acidente com VITIMA;284,3;BR-116/SP;Norte;Engavetamento;
20/04/2021;terça-feira;11:58:00;2 - Acidente com VITIMA;296,2;BR-116/SP;Norte;Colisão Traseira;
20/04/2021;terça-feira;10:57:00;2 - Acidente com VITIMA;299,9;BR-116/SP;Norte;Capotamento;
20/04/2021;terça-feira;16:15:00;3 - Acidente com Danos Materiais;541,6;BR-116/SP;Sul;Choque - Defensa, barreira ou submarino;
20/04/2021;terça-feira;04:24:00;2 - Acidente com VITIMA;48,95;BR-116/PR;Sul;Choque - Defensa, barreira ou submarino;
20/04/2021;terça-feira;03:56:00;3 - Acidente com Danos Materiais;567,5;BR-116/SP;Norte;Choque - Defensa, barreira ou submarino;
20/04/2021;terça-feira;17:22:00;3 - Acidente com Danos Materiais;564,5;BR-116/SP;Sul;Saida de Pista;
20/04/2021;terça-feira;18:56:00;3 - Acidente com Danos Materiais;386,2;BR-116/SP;Sul;Tombamento;
20/04/2021;terça-feira;07:51:00;3 - Acidente com Danos Materiais;279,3;BR-116/SP;Norte;Colisão Traseira;
20/04/2021;terça-feira;23:24:00;2 - Acidente com VITIMA;512,3;BR-116/SP;Norte;Atropelamento - Usuário;
20/04/2021;terça-feira;00:07:00;3 - Acidente com Danos Materiais;567,3;BR-116/SP;Norte;Choque - Defensa, barreira ou submarino;
20/04/2021;terça-feira;12:30:00;3 - Acidente com Danos Materiais;561,8;BR-116/SP;Sul;Choque - Defensa, barreira ou submarino;
20/04/2021;terça-feira;02:14:00;3 - Acidente com Danos Materiais;513,3;BR-116/SP;Norte;Saida de Pista;
20/04/2021;terça-feira;06:32:00;3 - Acidente com Danos Materiais;555,4;BR-116/SP;Sul;Saida de Pista;
20/04/2021;terça-feira;07:45:00;3 - Acidente com Danos Materiais;541,6;BR-116/SP;Sul;Choque - Defensa, barreira ou submarino;
20/04/2021;terça-feira;11:24:00;3 - Acidente com Danos Materiais;6,9;BR-116/PR;Sul;Choque - Defensa, barreira ou submarino;
20/04/2021;terça-feira;11:41:00;3 - Acidente com Danos Materiais;362;BR-116/SP;Sul;Outros;
20/04/2021;terça-feira;14:25:00;3 - Acidente com Danos Materiais;362,5;BR-116/SP;Sul;Choque - Defensa, barreira ou submarino;
20/04/2021;terça-feira;14:30:00;3 - Acidente com Danos Materiais;564,1;BR-116/SP;Sul;Saida de Pista;
20/04/2021;terça-feira;16:51:00;3 - Acidente com Danos Materiais;565,3;BR-116/SP;Sul;Choque - Defensa, barreira ou submarino;
20/04/2021;terça-feira;17:05:00;3 - Acidente com Danos Materiais;548,8;BR-116/SP;Sul;Choque - Defensa, barreira ou submarino;
20/04/2021;terça-feira;17:24:00;3 - Acidente com Danos Materiais;567,5;BR-116/SP;Norte;Choque - Defensa, barreira ou submarino;
20/04/2021;terça-feira;17:34:00;3 - Acidente com Danos Materiais;39,9;BR-116/PR;Norte;Colisão Lateral;
20/04/2021;terça-feira;06:27:00;3 - Acidente com Danos Materiais;14,3;BR-116/PR;Sul;Choque - Defensa, barreira ou submarino;
20/04/2021;terça-feira;07:40:00;2 - Acidente com VITIMA;18,1;BR-116/CW;Sul;Colisão Traseira;
20/04/2021;terça-feira;23:00:00;2 - Acidente com VITIMA;441,5;BR-116/SP;Norte;Engavetamento;
20/04/2021;terça-feira;18:09:00;2 - Acidente com VITIMA;283,95;BR-116/SP;Sul;Atropelamento - Outros;
20/04/2021;terça-feira;19:30:00;3 - Acidente com Danos Materiais;546,85;BR-116/SP;Sul;Choque - Defensa, barreira ou submarino;
21/04/2021;quarta-feira;18:53:00;2 - Acidente com VITIMA;326,5;BR-116/SP;Sul;Colisão Lateral;
21/04/2021;quarta-feira;18:36:00;3 - Acidente com Danos Materiais;42,1;BR-116/PR;Sul;Choque - Defensa, barreira ou submarino;
21/04/2021;quarta-feira;21:20:00;2 - Acidente com VITIMA;304;BR-116/SP;Sul;Atropelamento - Ciclista;
21/04/2021;quarta-feira;14:37:00;2 - Acidente com VITIMA;561,5;BR-116/SP;Sul;Engavetamento;
21/04/2021;quarta-feira;01:14:00;3 - Acidente com Danos Materiais;499,5;BR-116/SP;Sul;Saida de Pista;
21/04/2021;quarta-feira;12:06:00;3 - Acidente com Danos Materiais;426,4;BR-116/SP;Norte;Choque - Elemento de Drenagem;
21/04/2021;quarta-feira;23:45:00;3 - Acidente com Danos Materiais;360;BR-116/SP;Norte;Choque - Defensa, barreira ou submarino;
21/04/2021;quarta-feira;16:32:00;3 - Acidente com Danos Materiais;566,1;BR-116/SP;Sul;Choque - Defensa, barreira ou submarino;
21/04/2021;quarta-feira;16:45:00;3 - Acidente com Danos Materiais;541,6;BR-116/SP;Sul;Choque - Defensa, barreira ou submarino;
21/04/2021;quarta-feira;08:30:00;3 - Acidente com Danos Materiais;46,9;BR-116/PR;Norte;Choque - Elemento de Drenagem;
21/04/2021;quarta-feira;10:22:00;3 - Acidente com Danos Materiais;38,2;BR-116/PR;Sul;Choque - Defensa, barreira ou submarino;
21/04/2021;quarta-feira;13:57:00;2 - Acidente com VITIMA;7,9;BR-116/PR;Sul;Capotamento;
21/04/2021;quarta-feira;14:08:00;3 - Acidente com Danos Materiais;564;BR-116/SP;Sul;Tombamento;
21/04/2021;quarta-feira;17:27:00;2 - Acidente com VITIMA;300;BR-116/SP;Norte;Queda de Moto;
21/04/2021;quarta-feira;22:59:00;2 - Acidente com VITIMA;7;BR-116/PR;Sul;Choque - Defensa, barreira ou submarino;
21/04/2021;quarta-feira;15:28:00;3 - Acidente com Danos Materiais;347,4;BR-116/SP;Norte;Choque - Defensa, barreira ou submarino;
21/04/2021;quarta-feira;00:26:00;3 - Acidente com Danos Materiais;362,5;BR-116/SP;Sul;Choque - Defensa, barreira ou submarino;
21/04/2021;quarta-feira;07:17:00;3 - Acidente com Danos Materiais;514,5;BR-116/SP;Norte;Choque - Defensa, barreira ou submarino;
21/04/2021;quarta-feira;07:49:00;2 - Acidente com VITIMA;561,5;BR-116/SP;Sul;Choque - Defensa, barreira ou submarino;
21/04/2021;quarta-feira;09:04:00;3 - Acidente com Danos Materiais;548;BR-116/SP;Sul;Choque - Talude;
21/04/2021;quarta-feira;10:36:00;3 - Acidente com Danos Materiais;14,5;BR-116/PR;Norte;Capotamento;
21/04/2021;quarta-feira;12:51:00;3 - Acidente com Danos Materiais;39;BR-116/PR;Sul;Choque - Talude;
21/04/2021;quarta-feira;17:30:00;3 - Acidente com Danos Materiais;28,1;BR-116/PR;Norte;Choque - Defensa, barreira ou submarino;
21/04/2021;quarta-feira;10:55:00;3 - Acidente com Danos Materiais;28,3;BR-116/PR;Norte;Choque - Defensa, barreira ou submarino;
21/04/2021;quarta-feira;10:39:00;3 - Acidente com Danos Materiais;47;BR-116/PR;Norte;Saida de Pista;
21/04/2021;quarta-feira;13:00:00;3 - Acidente com Danos Materiais;47;BR-116/PR;Norte;Tombamento;
21/04/2021;quarta-feira;15:16:00;3 - Acidente com Danos Materiais;321,9;BR-116/SP;Sul;Choque - Defensa, barreira ou submarino;
21/04/2021;quarta-feira;14:05:00;3 - Acidente com Danos Materiais;23,7;BR-116/PR;Norte;Choque - Defensa, barreira ou submarino;
21/04/2021;quarta-feira;00:35:00;3 - Acidente com Danos Materiais;444,3;BR-116/SP;Norte;Tombamento;
21/04/2021;quarta-feira;07:47:00;3 - Acidente com Danos Materiais;561,5;BR-116/SP;Sul;Choque - Elemento de Drenagem;
22/04/2021;quinta-feira;02:54:00;2 - Acidente com VITIMA;37;BR-116/PR;Sul;Colisão Traseira;
22/04/2021;quinta-feira;05:08:00;3 - Acidente com Danos Materiais;380,258;BR-116/SP;Norte;Choque - Defensa, barreira ou submarino;
22/04/2021;quinta-feira;01:54:00;3 - Acidente com Danos Materiais;297,5;BR-116/SP;Norte;Choque - Defensa, barreira ou submarino;
22/04/2021;quinta-feira;05:32:00;3 - Acidente com Danos Materiais;464,8;BR-116/SP;Sul;Saida de Pista;
22/04/2021;quinta-feira;00:53:00;3 - Acidente com Danos Materiais;297,392;BR-116/SP;Norte;Capotamento;
22/04/2021;quinta-feira;12:54:00;2 - Acidente com VITIMA;8,9;BR-116/CW;Norte;Engavetamento;
22/04/2021;quinta-feira;11:21:00;2 - Acidente com VITIMA;545,1;BR-116/SP;Norte;Tombamento;
22/04/2021;quinta-feira;11:46:00;3 - Acidente com Danos Materiais;515,3;BR-116/SP;Norte;Choque - Defensa, barreira ou submarino;
22/04/2021;quinta-feira;04:41:00;3 - Acidente com Danos Materiais;46,8;BR-116/PR;Norte;Saida de Pista;
22/04/2021;quinta-feira;07:05:00;3 - Acidente com Danos Materiais;567,7;BR-116/SP;Norte;Choque - Defensa, barreira ou submarino;
22/04/2021;quinta-feira;15:26:00;3 - Acidente com Danos Materiais;28,1;BR-116/PR;Norte;Choque - Defensa, barreira ou submarino;
22/04/2021;quinta-feira;07:11:00;3 - Acidente com Danos Materiais;307;BR-116/SP;Norte;Capotamento;
23/04/2021;sexta-feira;06:31:00;3 - Acidente com Danos Materiais;465,2;BR-116/SP;Norte;Colisão Traseira;
23/04/2021;sexta-feira;10:48:00;2 - Acidente com VITIMA;284;BR-116/SP;Norte;Colisão Traseira;
23/04/2021;sexta-feira;14:21:00;3 - Acidente com Danos Materiais;371,7;BR-116/SP;Sul;Colisão Traseira;
23/04/2021;sexta-feira;19:51:00;2 - Acidente com VITIMA;54,2;BR-116/PR;Sul;Colisão Traseira;
23/04/2021;sexta-feira;06:10:00;3 - Acidente com Danos Materiais;12,8;BR-116/CW;Sul;Choque - Defensa, barreira ou submarino;
23/04/2021;sexta-feira;17:27:00;2 - Acidente com VITIMA;16,4;BR-116/CW;Norte;Colisão Lateral;
23/04/2021;sexta-feira;16:28:00;2 - Acidente com VITIMA;277;BR-116/SP;Sul;Colisão Traseira;
23/04/2021;sexta-feira;11:03:00;2 - Acidente com VITIMA;478,8;BR-116/SP;Sul;Choque - Defensa, barreira ou submarino;
23/04/2021;sexta-feira;22:51:00;2 - Acidente com VITIMA;564,4;BR-116/SP;Sul;Choque - Defensa, barreira ou submarino;
23/04/2021;sexta-feira;08:51:00;2 - Acidente com VITIMA;511,7;BR-116/SP;Norte;Travessia Canteiro Central;
24/04/2021;sábado;00:03:00;2 - Acidente com VITIMA;297;BR-116/SP;Norte;Queda de Moto;
24/04/2021;sábado;23:28:00;3 - Acidente com Danos Materiais;286;BR-116/SP;Norte;Saida de Pista;
24/04/2021;sábado;22:50:00;2 - Acidente com VITIMA;316,3;BR-116/SP;Norte;Choque - Defensa, barreira ou submarino;
24/04/2021;sábado;16:32:00;3 - Acidente com Danos Materiais;47;BR-116/PR;Sul;Colisão Lateral;
24/04/2021;sábado;19:17:00;2 - Acidente com VITIMA;410,5;BR-116/SP;Sul;Capotamento;
24/04/2021;sábado;17:21:00;3 - Acidente com Danos Materiais;490,2;BR-116/SP;Sul;Capotamento;
24/04/2021;sábado;15:29:00;1 - Acidente com Vitima Fatal;2,1;BR-116/PR;Sul;Choque - Defensa, barreira ou submarino;1
24/04/2021;sábado;10:11:00;2 - Acidente com VITIMA;391,1;BR-116/SP;Sul;Capotamento;
24/04/2021;sábado;15:37:00;2 - Acidente com VITIMA;461,2;BR-116/SP;Sul;Queda de Moto;
25/04/2021;domingo;04:11:00;2 - Acidente com VITIMA;347,1;BR-116/SP;Norte;Tombamento;
25/04/2021;domingo;22:14:00;2 - Acidente com VITIMA;480,25;BR-116/SP;Norte;Capotamento;
25/04/2021;domingo;10:50:00;2 - Acidente com VITIMA;360,7;BR-116/SP;Norte;Colisão Traseira;
25/04/2021;domingo;20:59:00;2 - Acidente com VITIMA;449,199;BR-116/SP;Sul;Queda de Moto;
25/04/2021;domingo;22:02:00;3 - Acidente com Danos Materiais;272,05;BR-116/SP;Sul;Colisão Frontal;
25/04/2021;domingo;02:23:00;3 - Acidente com Danos Materiais;272,15;BR-116/SP;Norte;Colisão Traseira;
25/04/2021;domingo;17:29:00;2 - Acidente com VITIMA;288,402;BR-116/SP;Norte;Capotamento;
25/04/2021;domingo;19:06:00;2 - Acidente com VITIMA;5,068;BR-116/CW;Sul;Choque - Elemento de Drenagem;
25/04/2021;domingo;17:09:00;3 - Acidente com Danos Materiais;67,6;BR-116/PR;Sul;Colisão Lateral;
25/04/2021;domingo;09:43:00;2 - Acidente com VITIMA;31,5;BR-116/PR;Norte;Choque - Defensa, barreira ou submarino;
26/04/2021;segunda-feira;15:16:00;2 - Acidente com VITIMA;25,2;BR-116/PR;Norte;Saida de Pista;
26/04/2021;segunda-feira;18:01:00;3 - Acidente com Danos Materiais;511,5;BR-116/SP;Norte;Capotamento;
26/04/2021;segunda-feira;06:28:00;2 - Acidente com VITIMA;12,3;BR-116/CW;Norte;Capotamento;
26/04/2021;segunda-feira;18:50:00;2 - Acidente com VITIMA;276,3;BR-116/SP;Norte;Queda de Moto;
26/04/2021;segunda-feira;13:00:00;3 - Acidente com Danos Materiais;271,4;BR-116/SP;Norte;Colisão Traseira;
26/04/2021;segunda-feira;12:36:00;3 - Acidente com Danos Materiais;508,9;BR-116/SP;Sul;Choque - Elemento de Drenagem;
26/04/2021;segunda-feira;16:07:00;3 - Acidente com Danos Materiais;507,1;BR-116/SP;Norte;Choque - Defensa, barreira ou submarino;
26/04/2021;segunda-feira;20:05:00;3 - Acidente com Danos Materiais;22,8;BR-116/PR;Norte;Choque - Defensa, barreira ou submarino;
26/04/2021;segunda-feira;20:09:00;2 - Acidente com VITIMA;546,7;BR-116/SP;Sul;Choque - Defensa, barreira ou submarino;
27/04/2021;terça-feira;23:16:00;2 - Acidente com VITIMA;484,5;BR-116/SP;Norte;Colisão Traseira;
27/04/2021;terça-feira;04:50:00;3 - Acidente com Danos Materiais;464,8;BR-116/SP;Sul;Saida de Pista;
27/04/2021;terça-feira;22:26:00;3 - Acidente com Danos Materiais;512,5;BR-116/SP;Norte;Colisão Traseira;
27/04/2021;terça-feira;16:35:00;2 - Acidente com VITIMA;445,6;BR-116/SP;Sul;Queda de Moto;
27/04/2021;terça-feira;07:20:00;2 - Acidente com VITIMA;300,3;BR-116/SP;Norte;Choque - Defensa, barreira ou submarino;
27/04/2021;terça-feira;15:05:00;2 - Acidente com VITIMA;284,5;BR-116/SP;Sul;Colisão Traseira;
28/04/2021;quarta-feira;05:55:00;2 - Acidente com VITIMA;360,1;BR-116/SP;Norte;Choque - Defensa, barreira ou submarino;