data;dia_semana;horario;tipo_de_ocorrencia;km;trecho;sentido;tipo_de_acidente;mortos
28/04/2021;quarta-feira;03:14:00;3 - Acidente com Danos Materiais;312,8;BR-116/SP;Sul;Capotamento;
28/04/2021;quarta-feira;15:35:00;3 - Acidente com Danos Materiais;0,2;BR-116/CW;Norte;Choque - Defensa, barreira ou submarino;
28/04/2021;quarta-feira;04:43:00;3 - Acidente com Danos Materiais;278;BR-116/SP;Norte;Colisão Traseira;
28/04/2021;quarta-feira;08:20:00;3 - Acidente com Danos Materiais;279;BR-116/SP;Norte;Colisão Traseira;
28/04/2021;quarta-feira;21:36:00;3 - Acidente com Danos Materiais;57,2;BR-116/PR;Norte;Colisão Traseira;
28/04/2021;quarta-feira;11:44:00;3 - Acidente com Danos Materiais;479,1;BR-116/SP;Norte;Tombamento;
28/04/2021;quarta-feira;00:16:00;3 - Acidente com Danos Materiais;4,2;BR-116/PR;Norte;Colisão Lateral;
28/04/2021;quarta-feira;21:29:00;3 - Acidente com Danos Materiais;296;BR-116/SP;Norte;Colisão Traseira;
28/04/2021;quarta-feira;22:04:00;3 - Acidente com Danos Materiais;451,05;BR-116/SP;Norte;Choque - Objeto sobre a pista;
28/04/2021;quarta-feira;00:40:00;3 - Acidente com Danos Materiais;28,8;BR-116/PR;Norte;Choque - Defensa, barreira ou submarino;
28/04/2021;quarta-feira;05:11:00;2 - Acidente com VITIMA;15,9;BR-116/PR;Norte;Choque - Defensa, barreira ou submarino;
28/04/2021;quarta-feira;08:09:00;3 - Acidente com Danos Materiais;500,7;BR-116/SP;Sul;Choque - Defensa, barreira ou submarino;
28/04/2021;quarta-feira;12:04:00;3 - Acidente com Danos Materiais;14,4;BR-116/PR;Norte;Saida de Pista;
28/04/2021;quarta-feira;16:22:00;2 - Acidente com VITIMA;362;BR-116/SP;Sul;Engavetamento;
28/04/2021;quarta-feira;11:49:00;3 - Acidente com Danos Materiais;512,7;BR-116/SP;Norte;Choque - Defensa, barreira ou submarino;
29/04/2021;quinta-feira;14:49:00;2 - Acidente com VITIMA;511,2;BR-116/SP;Sul;Tombamento;
29/04/2021;quinta-feira;10:59:00;2 - Acidente com VITIMA;347;BR-116/SP;Norte;Tombamento;
29/04/2021;quinta-feira;10:57:00;3 - Acidente com Danos Materiais;3;BR-116/PR;Norte;Colisão Lateral;
29/04/2021;quinta-feira;18:34:00;2 - Acidente com VITIMA;31,1;BR-116/PR;Sul;Colisão Lateral;
29/04/2021;quinta-feira;20:54:00;3 - Acidente com Danos Materiais;269,2;BR-116/SP;Sul;Colisão Traseira;
29/04/2021;quinta-feira;14:12:00;2 - Acidente com VITIMA;515,8;BR-116/SP;Sul;Tombamento;
29/04/2021;quinta-feira;07:42:00;3 - Acidente com Danos Materiais;554,8;BR-116/SP;Sul;Colisão Traseira;
29/04/2021;quinta-feira;10:12:00;3 - Acidente com Danos Materiais;301,8;BR-116/SP;Sul;Choque - Talude;
29/04/2021;quinta-feira;12:05:00;3 - Acidente com Danos Materiais;280,5;BR-116/SP;Norte;Colisão Traseira;
29/04/2021;quinta-feira;09:07:00;3 - Acidente com Danos Materiais;5,9;BR-116/CW;Sul;Choque - Defensa, barreira ou submarino;
29/04/2021;quinta-feira;17:39:00;3 - Acidente com Danos Materiais;35,8;BR-116/PR;Norte;Colisão Lateral;
29/04/2021;quinta-feira;08:20:00;2 - Acidente com VITIMA;515,2;BR-116/SP;Norte;Capotamento;
29/04/2021;quinta-feira;14:30:00;3 - Acidente com Danos Materiais;561,8;BR-116/SP;Sul;Choque - Defensa, barreira ou submarino;
29/04/2021;quinta-feira;15:02:00;3 - Acidente com Danos Materiais;546,5;BR-116/SP;Norte;Choque - Defensa, barreira ou submarino;
29/04/2021;quinta-feira;07:32:00;2 - Acidente com VITIMA;15,5;BR-116/PR;Sul;Choque - Defensa, barreira ou submarino;
29/04/2021;quinta-feira;08:19:00;3 - Acidente com Danos Materiais;562;BR-116/SP;Norte;Choque - Elemento de Drenagem;
29/04/2021;quinta-feira;08:49:00;3 - Acidente com Danos Materiais;14,5;BR-116/PR;Norte;Choque - Defensa, barreira ou submarino;
29/04/2021;quinta-feira;08:51:00;3 - Acidente com Danos Materiais;515,1;BR-116/SP;Norte;Choque - Elemento de Drenagem;
29/04/2021;quinta-feira;09:02:00;3 - Acidente com Danos Materiais;515;BR-116/SP;Norte;Choque - Defensa, barreira ou submarino;
29/04/2021;quinta-feira;11:37:00;3 - Acidente com Danos Materiais;564;BR-116/SP;Sul;Choque - Defensa, barreira ou submarino;
29/04/2021;quinta-feira;12:54:00;3 - Acidente com Danos Materiais;45,5;BR-116/PR;Norte;Choque - Talude;
29/04/2021;quinta-feira;13:28:00;3 - Acidente com Danos Materiais;38,8;BR-116/PR;Norte;Choque - Defensa, barreira ou submarino;
29/04/2021;quinta-feira;15:06:00;3 - Acidente com Danos Materiais;565;BR-116/SP;Sul;Choque - Defensa, barreira ou submarino;
29/04/2021;quinta-feira;15:25:00;3 - Acidente com Danos Materiais;552;BR-116/SP;Norte;Choque - Talude;
29/04/2021;quinta-feira;11:43:00;3 - Acidente com Danos Materiais;346;BR-116/SP;Sul;Choque - Defensa, barreira ou submarino;
29/04/2021;quinta-feira;19:23:00;2 - Acidente com VITIMA;47;BR-116/PR;Sul;Capotamento;
29/04/2021;quinta-feira;17:45:00;3 - Acidente com Danos Materiais;322,4;BR-116/SP;Sul;Choque - Defensa, barreira ou submarino;
29/04/2021;quinta-feira;02:07:00;2 - Acidente com VITIMA;362,1;BR-116/SP;Sul;Tombamento;
29/04/2021;quinta-feira;02:14:00;3 - Acidente com Danos Materiais;299;BR-116/SP;Norte;Colisão Traseira;
30/04/2021;sexta-feira;06:42:00;3 - Acidente com Danos Materiais;333;BR-116/SP;Sul;Saida de Pista;
30/04/2021;sexta-feira;07:27:00;2 - Acidente com VITIMA;14,9;BR-116/CW;Sul;Colisão Traseira;
30/04/2021;sexta-feira;07:57:00;3 - Acidente com Danos Materiais;15,2;BR-116/CW;Sul;Engavetamento;
30/04/2021;sexta-feira;08:56:00;3 - Acidente com Danos Materiais;15,5;BR-116/CW;Sul;Colisão Traseira;
30/04/2021;sexta-feira;05:12:00;3 - Acidente com Danos Materiais;357,7;BR-116/SP;Norte;Choque - Defensa, barreira ou submarino;
30/04/2021;sexta-feira;19:56:00;3 - Acidente com Danos Materiais;280;BR-116/SP;Sul;Colisão Traseira;
30/04/2021;sexta-feira;07:43:00;2 - Acidente com VITIMA;356,2;BR-116/SP;Sul;Colisão Lateral;
30/04/2021;sexta-feira;20:55:00;2 - Acidente com VITIMA;308;BR-116/SP;Sul;Choque - Outros;
30/04/2021;sexta-feira;11:35:00;2 - Acidente com VITIMA;358,4;BR-116/SP;Sul;Colisão Traseira;
01/05/2021;sábado;00:58:00;3 - Acidente com Danos Materiais;275,7;BR-116/SP;Norte;Choque - Defensa, barreira ou submarino;
01/05/2021;sábado;01:39:00;3 - Acidente com Danos Materiais;545,3;BR-116/SP;Sul;Choque - Objeto sobre a pista;
01/05/2021;sábado;03:27:00;3 - Acidente com Danos Materiais;33,327;BR-116/PR;Norte;Tombamento;
01/05/2021;sábado;14:02:00;2 - Acidente com VITIMA;506,995;BR-116/SP;Norte;Choque - Defensa, barreira ou submarino;
01/05/2021;sábado;07:22:00;3 - Acidente com Danos Materiais;284;BR-116/SP;Sul;Saida de Pista;
01/05/2021;sábado;17:16:00;3 - Acidente com Danos Materiais;562,4;BR-116/SP;Norte;Capotamento;
01/05/2021;sábado;15:04:00;2 - Acidente com VITIMA;43,5;BR-116/PR;Sul;Colisão Lateral;
01/05/2021;sábado;18:33:00;2 - Acidente com VITIMA;273,7;BR-116/SP;Sul;Colisão Lateral;
01/05/2021;sábado;13:13:00;2 - Acidente com VITIMA;511,9;BR-116/SP;Norte;Capotamento;
01/05/2021;sábado;13:14:00;3 - Acidente com Danos Materiais;545;BR-116/SP;Sul;Choque - Elemento de Drenagem;
01/05/2021;sábado;12:28:00;2 - Acidente com VITIMA;528,5;BR-116/SP;Norte;Queda de Moto;
02/05/2021;domingo;00:30:00;3 - Acidente com Danos Materiais;414,909;BR-116/SP;Sul;Saida de Pista;
02/05/2021;domingo;13:32:00;3 - Acidente com Danos Materiais;446,7;BR-116/SP;Norte;Colisão Traseira;
02/05/2021;domingo;19:41:00;3 - Acidente com Danos Materiais;290,1;BR-116/SP;Norte;Colisão Traseira;
02/05/2021;domingo;20:51:00;3 - Acidente com Danos Materiais;69;BR-116/PR;Sul;Capotamento;
02/05/2021;domingo;08:01:00;3 - Acidente com Danos Materiais;333;BR-116/SP;Sul;Saida de Pista;
03/05/2021;segunda-feira;23:49:00;3 - Acidente com Danos Materiais;517,8;BR-116/SP;Norte;Saida de Pista;
03/05/2021;segunda-feira;22:30:00;3 - Acidente com Danos Materiais;553,2;BR-116/SP;Sul;Colisão Lateral;
03/05/2021;segunda-feira;07:02:00;3 - Acidente com Danos Materiais;54,3;BR-116/PR;Norte;Saida de Pista;
03/05/2021;segunda-feira;07:42:00;3 - Acidente com Danos Materiais;406;BR-116/SP;Norte;Saida de Pista;
03/05/2021;segunda-feira;19:26:00;2 - Acidente com VITIMA;18,55;BR-116/CW;Sul;Atropelamento - Outros;
03/05/2021;segunda-feira;23:47:00;2 - Acidente com VITIMA;281,2;BR-116/SP;Norte;Capotamento;
03/05/2021;segunda-feira;08:19:00;2 - Acidente com VITIMA;393,75;BR-116/SP;Sul;Tombamento;
04/05/2021;terça-feira;13:33:00;3 - Acidente com Danos Materiais;331,3;BR-116/SP;Norte;Saida de Pista;
04/05/2021;terça-feira;17:56:00;2 - Acidente com VITIMA;544,6;BR-116/SP;Sul;Tombamento;
04/05/2021;terça-feira;18:43:00;2 - Acidente com VITIMA;282,1;BR-116/SP;Norte;Colisão Traseira;
04/05/2021;terça-feira;06:52:00;2 - Acidente com VITIMA;359;BR-116/SP;Sul;Tombamento;
05/05/2021;quarta-feira;07:50:00;2 - Acidente com VITIMA;275,5;BR-116/SP;Norte;Queda de Moto;
05/05/2021;quarta-feira;18:36:00;2 - Acidente com VITIMA;47,8;BR-116/PR;Sul;Colisão Transversal;
06/05/2021;quinta-feira;21:27:00;2 - Acidente com VITIMA;362,7;BR-116/SP;Sul;Choque - Talude;
06/05/2021;quinta-feira;13:59:00;2 - Acidente com VITIMA;346,5;BR-116/SP;Sul;Engavetamento;
06/05/2021;quinta-feira;19:23:00;3 - Acidente com Danos Materiais;289,4;BR-116/SP;Norte;Colisão Lateral;
06/05/2021;quinta-feira;06:35:00;2 - Acidente com VITIMA;18,4;BR-116/CW;Sul;Colisão Traseira;
06/05/2021;quinta-feira;09:45:00;2 - Acidente com VITIMA;286,8;BR-116/SP;Norte;Colisão Lateral;
06/05/2021;quinta-feira;13:47:00;2 - Acidente com VITIMA;10;BR-116/CW;Norte;Choque - Defensa, barreira ou submarino;
06/05/2021;quinta-feira;19:55:00;2 - Acidente com VITIMA;430;BR-116/SP;Norte;Atropelamento - Outros;
06/05/2021;quinta-feira;18:22:00;3 - Acidente com Danos Materiais;541,6;BR-116/SP;Sul;Choque - Defensa, barreira ou submarino;
06/05/2021;quinta-feira;20:58:00;3 - Acidente com Danos Materiais;545,8;BR-116/SP;Sul;Choque - Elemento de Drenagem;
06/05/2021;quinta-feira;21:48:00;3 - Acidente com Danos Materiais;43,1;BR-116/PR;Norte;Choque - Defensa, barreira ou submarino;
06/05/2021;quinta-feira;22:09:00;3 - Acidente com Danos Materiais;46,5;BR-116/PR;Sul;Capotamento;
06/05/2021;quinta-feira;22:12:00;3 - Acidente com Danos Materiais;566,9;BR-116/SP;Sul;Saida de Pista;
06/05/2021;quinta-feira;22:36:00;3 - Acidente com Danos Materiais;561,4;BR-116/SP;Sul;Capotamento;
06/05/2021;quinta-feira;20:16:00;3 - Acidente com Danos Materiais;51,08;BR-116/PR;Norte;Choque - Elemento de Drenagem;
06/05/2021;quinta-feira;09:57:00;3 - Acidente com Danos Materiais;437,9;BR-116/SP;Norte;Saida de Pista;
07/05/2021;sexta-feira;10:59:00;3 - Acidente com Danos Materiais;410,3;BR-116/SP;Sul;Choque - Talude;
07/05/2021;sexta-feira;23:16:00;3 - Acidente com Danos Materiais;362,1;BR-116/SP;Sul;Choque - Defensa, barreira ou submarino;
07/05/2021;sexta-feira;01:33:00;3 - Acidente com Danos Materiais;18,3;BR-116/CW;Sul;Colisão Frontal;
07/05/2021;sexta-feira;05:23:00;3 - Acidente com Danos Materiais;545,6;BR-116/SP;Sul;Colisão Traseira;
07/05/2021;sexta-feira;06:44:00;3 - Acidente com Danos Materiais;47;BR-116/PR;Sul;Choque - Talude;
07/05/2021;sexta-feira;00:02:00;2 - Acidente com VITIMA;270;BR-116/SP;Sul;Choque - Veiculo parado na pista;
07/05/2021;sexta-feira;22:44:00;3 - Acidente com Danos Materiais;408,4;BR-116/SP;Sul;Colisão Lateral;
07/05/2021;sexta-feira;07:41:00;3 - Acidente com Danos Materiais;66;BR-116/PR;Sul;Colisão Traseira;
07/05/2021;sexta-feira;18:52:00;3 - Acidente com Danos Materiais;324,5;BR-116/SP;Norte;Saida de Pista;
07/05/2021;sexta-feira;11:26:00;3 - Acidente com Danos Materiais;30,2;BR-116/PR;Sul;Colisão Lateral;
07/05/2021;sexta-feira;01:58:00;2 - Acidente com VITIMA;5,4;BR-116/PR;Norte;Capotamento;
07/05/2021;sexta-feira;04:48:00;3 - Acidente com Danos Materiais;46,9;BR-116/PR;Norte;Capotamento;
07/05/2021;sexta-feira;00:50:00;3 - Acidente com Danos Materiais;394,8;BR-116/SP;Sul;Choque - Outros;
07/05/2021;sexta-feira;13:05:00;3 - Acidente com Danos Materiais;343,3;BR-116/SP;Norte;Colisão Lateral;
07/05/2021;sexta-feira;19:48:00;3 - Acidente com Danos Materiais;428,25;BR-116/SP;Norte;Tombamento;
07/05/2021;sexta-feira;07:36:00;2 - Acidente com VITIMA;270,5;BR-116/SP;Norte;Colisão Traseira;
07/05/2021;sexta-feira;07:04:00;3 - Acidente com Danos Materiais;565;BR-116/SP;Sul;Choque - Defensa, barreira ou submarino;
07/05/2021;sexta-feira;09:13:00;3 - Acidente com Danos Materiais;545;BR-116/SP;Norte;Choque - Defensa, barreira ou submarino;
07/05/2021;sexta-feira;04:17:00;3 - Acidente com Danos Materiais;20,5;BR-116/PR;Sul;Capotamento;
07/05/2021;sexta-feira;06:18:00;3 - Acidente com Danos Materiais;336,2;BR-116/SP;Sul;Saida de Pista;
07/05/2021;sexta-feira;07:30:00;2 - Acidente com VITIMA;50,7;BR-116/PR;Norte;Choque - Talude;
07/05/2021;sexta-feira;03:31:00;3 - Acidente com Danos Materiais;26,4;BR-116/PR;Norte;Capotamento;
07/05/2021;sexta-feira;06:04:00;3 - Acidente com Danos Materiais;393;BR-116/SP;Sul;Saida de Pista;
07/05/2021;sexta-feira;16:20:00;3 - Acidente com Danos Materiais;389,8;BR-116/SP;Sul;Tombamento;
07/05/2021;sexta-feira;17:09:00;3 - Acidente com Danos Materiais;362,6;BR-116/SP;Sul;Saida de Pista;
07/05/2021;sexta-feira;03:39:00;3 - Acidente com Danos Materiais;541,799;BR-116/SP;Sul;Choque - Defensa, barreira ou submarino;
07/05/2021;sexta-feira;02:51:00;3 - Acidente com Danos Materiais;515,1;BR-116/SP;Norte;Tombamento;
08/05/2021;sábado;05:31:00;3 - Acidente com Danos Materiais;395,6;BR-116/SP;Norte;Saida de Pista;
08/05/2021;sábado;12:37:00;3 - Acidente com Danos Materiais;463,6;BR-116/SP;Sul;Colisão Traseira;
08/05/2021;sábado;11:26:00;2 - Acidente com VITIMA;283,2;BR-116/SP;Sul;Colisão Transversal;
08/05/2021;sábado;02:48:00;3 - Acidente com Danos Materiais;394,3;BR-116/SP;Norte;Colisão Traseira;
08/05/2021;sábado;19:28:00;3 - Acidente com Danos Materiais;8,4;BR-116/PR;Sul;Choque - Defensa, barreira ou submarino;
08/05/2021;sábado;20:23:00;2 - Acidente com VITIMA;2,95;BR-116/CW;Sul;Colisão Traseira;
08/05/2021;sábado;18:24:00;2 - Acidente com VITIMA;269,9;BR-116/SP;Norte;Colisão Lateral;
08/05/2021;sábado;13:03:00;3 - Acidente com Danos Materiais;277,6;BR-116/SP;Sul;Colisão Lateral;
08/05/2021;sábado;08:02:00;3 - Acidente com Danos Materiais;327,6;BR-116/SP;Norte;Choque - Elemento de Drenagem;
08/05/2021;sábado;06:27:00;3 - Acidente com Danos Materiais;545,8;BR-116/SP;Sul;Saida de Pista;
08/05/2021;sábado;07:36:00;3 - Acidente com Danos Materiais;28;BR-116/PR;Norte;Choque - Defensa, barreira ou submarino;
08/05/2021;sábado;08:16:00;3 - Acidente com Danos Materiais;3,1;BR-116/PR;Norte;Saida de Pista;
08/05/2021;sábado;09:04:00;3 - Acidente com Danos Materiais;6,9;BR-116/PR;Sul;Choque - Defensa, barreira ou submarino;
08/05/2021;sábado;09:58:00;3 - Acidente com Danos Materiais;18;BR-116/PR;Norte;Saida de Pista;
08/05/2021;sábado;10:14:00;3 - Acidente com Danos Materiais;567;BR-116/SP;Sul;Saida de Pista;
08/05/2021;sábado;10:30:00;3 - Acidente com Danos Materiais;541;BR-116/SP;Sul;Choque - Defensa, barreira ou submarino;
08/05/2021;sábado;12:52:00;3 - Acidente com Danos Materiais;22;BR-116/PR;Norte;Choque - Defensa, barreira ou submarino;
08/05/2021;sábado;07:52:00;2 - Acidente com VITIMA;509,97;BR-116/SP;Norte;Capotamento;
08/05/2021;sábado;11:26:00;3 - Acidente com Danos Materiais;347,1;BR-116/SP;Norte;Choque - Defensa, barreira ou submarino;
08/05/2021;sábado;12:42:00;2 - Acidente com VITIMA;565,1;BR-116/SP;Sul;Choque - Defensa, barreira ou submarino;
08/05/2021;sábado;00:11:00;2 - Acidente com VITIMA;15,5;BR-116/PR;Sul;Choque - Talude;
08/05/2021;sábado;00:27:00;3 - Acidente com Danos Materiais;541;BR-116/SP;Sul;Choque - Suporte de Sinalização;
08/05/2021;sábado;02:30:00;3 - Acidente com Danos Materiais;564,15;BR-116/SP;Sul;Saida de Pista;
08/05/2021;sábado;07:11:00;3 - Acidente com Danos Materiais;565,05;BR-116/SP;Sul;Colisão Traseira;
08/05/2021;sábado;07:36:00;3 - Acidente com Danos Materiais;28;BR-116/PR;Norte;Saida de Pista;
08/05/2021;sábado;08:18:00;3 - Acidente com Danos Materiais;550;BR-116/SP;Norte;Choque - Talude;
08/05/2021;sábado;08:54:00;3 - Acidente com Danos Materiais;547,8;BR-116/SP;Norte;Choque - Defensa, barreira ou submarino;
08/05/2021;sábado;11:46:00;3 - Acidente com Danos Materiais;564,1;BR-116/SP;Sul;Choque - Defensa, barreira ou submarino;
08/05/2021;sábado;12:33:00;3 - Acidente com Danos Materiais;14,5;BR-116/PR;Norte;Saida de Pista;
08/05/2021;sábado;12:55:00;3 - Acidente com Danos Materiais;14;BR-116/PR;Norte;Saida de Pista;
08/05/2021;sábado;13:39:00;3 - Acidente com Danos Materiais;541;BR-116/SP;Sul;Choque - Defensa, barreira ou submarino;
08/05/2021;sábado;13:48:00;3 - Acidente com Danos Materiais;14,5;BR-116/PR;Norte;Choque - Defensa, barreira ou submarino;
08/05/2021;sábado;14:52:00;3 - Acidente com Danos Materiais;14,2;BR-116/PR;Norte;Saida de Pista;
08/05/2021;sábado;15:29:00;2 - Acidente com VITIMA;15,6;BR-116/PR;Sul;Capotamento;
08/05/2021;sábado;17:34:00;3 - Acidente com Danos Materiais;545,8;BR-116/SP;Sul;Choque - Defensa, barreira ou submarino;
08/05/2021;sábado;17:47:00;3 - Acidente com Danos Materiais;545,8;BR-116/SP;Sul;Choque - Defensa, barreira ou submarino;
08/05/2021;sábado;18:51:00;3 - Acidente com Danos Materiais;5,7;BR-116/PR;Norte;Choque - Defensa, barreira ou submarino;
08/05/2021;sábado;20:20:00;3 - Acidente com Danos Materiais;548,7;BR-116/SP;Sul;Capotamento;
08/05/2021;sábado;08:34:00;2 - Acidente com VITIMA;515,5;BR-116/SP;Norte;Capotamento;
08/05/2021;sábado;10:10:00;2 - Acidente com VITIMA;514,5;BR-116/SP;Norte;Choque - Defensa, barreira ou submarino;
08/05/2021;sábado;11:57:00;3 - Acidente com Danos Materiais;565,1;BR-116/SP;Sul;Choque - Defensa, barreira ou submarino;
08/05/2021;sábado;12:28:00;3 - Acidente com Danos Materiais;10,1;BR-116/PR;Sul;Capotamento;
08/05/2021;sábado;10:51:00;3 - Acidente com Danos Materiais;565;BR-116/SP;Sul;Saida de Pista;
08/05/2021;sábado;09:27:00;3 - Acidente com Danos Materiais;513,4;BR-116/SP;Norte;Choque - Talude;
08/05/2021;sábado;10:52:00;3 - Acidente com Danos Materiais;7,799;BR-116/PR;Norte;Colisão Traseira;
08/05/2021;sábado;11:06:00;3 - Acidente com Danos Materiais;26;BR-116/PR;Norte;Saida de Pista;
08/05/2021;sábado;11:53:00;3 - Acidente com Danos Materiais;463,7;BR-116/SP;Sul;Saida de Pista;
08/05/2021;sábado;11:36:00;3 - Acidente com Danos Materiais;3;BR-116/PR;Norte;Choque - Poste;
09/05/2021;domingo;12:40:00;3 - Acidente com Danos Materiais;472,5;BR-116/SP;Norte;Saida de Pista;
09/05/2021;domingo;04:16:00;2 - Acidente com VITIMA;321,5;BR-116/SP;Sul;Choque - Defensa, barreira ou submarino;
09/05/2021;domingo;02:26:00;3 - Acidente com Danos Materiais;328;BR-116/SP;Norte;Choque - Defensa, barreira ou submarino;
09/05/2021;domingo;11:55:00;2 - Acidente com VITIMA;269,1;BR-116/SP;Norte;Colisão Traseira;
09/05/2021;domingo;12:06:00;3 - Acidente com Danos Materiais;57,1;BR-116/PR;Norte;Colisão Traseira;
09/05/2021;domingo;15:11:00;3 - Acidente com Danos Materiais;295,665;BR-116/SP;Norte;Colisão Lateral;
09/05/2021;domingo;11:45:00;3 - Acidente com Danos Materiais;532,8;BR-116/SP;Sul;Colisão Traseira;
09/05/2021;domingo;15:02:00;3 - Acidente com Danos Materiais;469,9;BR-116/SP;Sul;Colisão Lateral;
09/05/2021;domingo;18:35:00;2 - Acidente com VITIMA;288,2;BR-116/SP;Norte;Colisão Lateral;
09/05/2021;domingo;16:50:00;3 - Acidente com Danos Materiais;70,6;BR-116/PR;Norte;Colisão Traseira;
09/05/2021;domingo;16:34:00;3 - Acidente com Danos Materiais;425,8;BR-116/SP;Norte;Colisão Traseira;
09/05/2021;domingo;19:00:00;2 - Acidente com VITIMA;514,5;BR-116/SP;Norte;Capotamento;
09/05/2021;domingo;07:58:00;3 - Acidente com Danos Materiais;565,05;BR-116/SP;Sul;Choque - Defensa, barreira ou submarino;
09/05/2021;domingo;08:08:00;3 - Acidente com Danos Materiais;513,5;BR-116/SP;Norte;Saida de Pista;
09/05/2021;domingo;09:09:00;3 - Acidente com Danos Materiais;45,2;BR-116/PR;Sul;Capotamento;
09/05/2021;domingo;08:07:00;3 - Acidente com Danos Materiais;548,8;BR-116/SP;Sul;Choque - Defensa, barreira ou submarino;
09/05/2021;domingo;08:17:00;2 - Acidente com VITIMA;541,6;BR-116/SP;Sul;Choque - Defensa, barreira ou submarino;
09/05/2021;domingo;16:45:00;3 - Acidente com Danos Materiais;514,7;BR-116/SP;Norte;Tombamento;
09/05/2021;domingo;17:29:00;3 - Acidente com Danos Materiais;511,5;BR-116/SP;Norte;Choque - Defensa, barreira ou submarino;
09/05/2021;domingo;20:03:00;3 - Acidente com Danos Materiais;541,6;BR-116/SP;Sul;Choque - Defensa, barreira ou submarino;
09/05/2021;domingo;20:15:00;3 - Acidente com Danos Materiais;541,65;BR-116/SP;Sul;Choque - Defensa, barreira ou submarino;
09/05/2021;domingo;21:34:00;2 - Acidente com VITIMA;541,6;BR-116/SP;Sul;Choque - Defensa, barreira ou submarino;
09/05/2021;domingo;12:26:00;3 - Acidente com Danos Materiais;368,5;BR-116/SP;Norte;Queda de Moto;
09/05/2021;domingo;16:02:00;2 - Acidente com VITIMA;12,9;BR-116/CW;Norte;Queda de Moto;
09/05/2021;domingo;23:48:00;2 - Acidente com VITIMA;271,837;BR-116/SP;Norte;Choque - Defensa, barreira ou submarino;
09/05/2021;domingo;09:11:00;2 - Acidente com VITIMA;381,8;BR-116/SP;Sul;Queda de Moto;
10/05/2021;segunda-feira;23:32:00;3 - Acidente com Danos Materiais;338;BR-116/SP;Norte;Tombamento;
10/05/2021;segunda-feira;04:03:00;3 - Acidente com Danos Materiais;304,147;BR-116/SP;Sul;Saida de Pista;
10/05/2021;segunda-feira;07:18:00;3 - Acidente com Danos Materiais;325,3;BR-116/SP;Norte;Engavetamento;
10/05/2021;segunda-feira;22:43:00;3 - Acidente com Danos Materiais;347,3;BR-116/SP;Sul;Colisão Traseira;
10/05/2021;segunda-feira;14:50:00;3 - Acidente com Danos Materiais;313,3;BR-116/SP;Sul;Atropelamento de Animal;
10/05/2021;segunda-feira;06:55:00;3 - Acidente com Danos Materiais;39;BR-116/PR;Sul;Choque - Talude;
10/05/2021;segunda-feira;08:17:00;2 - Acidente com VITIMA;38,25;BR-116/PR;Sul;Capotamento;
10/05/2021;segunda-feira;04:39:00;3 - Acidente com Danos Materiais;545,7;BR-116/SP;Sul;Colisão Traseira;
10/05/2021;segunda-feira;22:39:00;3 - Acidente com Danos Materiais;347,3;BR-116/SP;Sul;Colisão Lateral;
10/05/2021;segunda-feira;07:14:00;3 - Acidente com Danos Materiais;316,5;BR-116/SP;Norte;Saida de Pista;
10/05/2021;segunda-feira;18:10:00;3 - Acidente com Danos Materiais;282,7;BR-116/SP;Sul;Colisão Traseira;
10/05/2021;segunda-feira;10:56:00;2 - Acidente com VITIMA;284,5;BR-116/SP;Sul;Tombamento;
10/05/2021;segunda-feira;09:25:00;2 - Acidente com VITIMA;276,1;BR-116/SP;Norte;Choque - Veiculo parado no acostamento;
10/05/2021;segunda-feira;17:47:00;2 - Acidente com VITIMA;279,9;BR-116/SP;Sul;Colisão Lateral;
10/05/2021;segunda-feira;12:04:00;2 - Acidente com VITIMA;545,1;BR-116/SP;Sul;Tombamento;
10/05/2021;segunda-feira;00:31:00;3 - Acidente com Danos Materiais;549,38;BR-116/SP;Norte;Choque - Defensa, barreira ou submarino;
10/05/2021;segunda-feira;01:20:00;3 - Acidente com Danos Materiais;541,4;BR-116/SP;Sul;Choque - Defensa, barreira ou submarino;
10/05/2021;segunda-feira;07:02:00;3 - Acidente com Danos Materiais;514,5;BR-116/SP;Norte;Capotamento;
10/05/2021;segunda-feira;20:23:00;2 - Acidente com VITIMA;426,4;BR-116/SP;Sul;Queda de Moto;
10/05/2021;segunda-feira;06:37:00;3 - Acidente com Danos Materiais;51,8;BR-116/PR;Sul;Saida de Pista;
10/05/2021;segunda-feira;02:29:00;3 - Acidente com Danos Materiais;276,5;BR-116/SP;Sul;Capotamento;
10/05/2021;segunda-feira;21:59:00;1 - Acidente com Vitima Fatal;5,276;BR-116/PR;Sul;Atropelamento - Usuário;2