data;dia_semana;horario;tipo_de_ocorrencia;km;trecho;sentido;tipo_de_acidente;mortos
10/05/2021;segunda-feira;21:49:00;2 - Acidente com VITIMA;347,6;BR-116/SP;Sul;Tombamento;
10/05/2021;segunda-feira;07:44:00;1 - Acidente com Vitima Fatal;488,5;BR-116/SP;Norte;Atropelamento - Morador;1
11/05/2021;terça-feira;01:06:00;3 - Acidente com Danos Materiais;8,752;BR-116/PR;Norte;Saida de Pista;
11/05/2021;terça-feira;01:35:00;3 - Acidente com Danos Materiais;431,8;BR-116/SP;Sul;Choque - Defensa, barreira ou submarino;
11/05/2021;terça-feira;17:27:00;3 - Acidente com Danos Materiais;348;BR-116/SP;Sul;Colisão Lateral;
11/05/2021;terça-feira;08:43:00;2 - Acidente com VITIMA;280,2;BR-116/SP;Norte;Colisão Traseira;
11/05/2021;terça-feira;10:45:00;3 - Acidente com Danos Materiais;352,9;BR-116/SP;Sul;Saida de Pista;
11/05/2021;terça-feira;16:50:00;3 - Acidente com Danos Materiais;499,5;BR-116/SP;Sul;Saida de Pista;
11/05/2021;terça-feira;11:01:00;3 - Acidente com Danos Materiais;295,5;BR-116/SP;Norte;Colisão Lateral;
11/05/2021;terça-feira;06:20:00;2 - Acidente com VITIMA;389,852;BR-116/SP;Sul;Queda de Moto;
11/05/2021;terça-feira;18:01:00;3 - Acidente com Danos Materiais;69,9;BR-116/PR;Norte;Queda de Moto;
11/05/2021;terça-feira;21:12:00;2 - Acidente com VITIMA;511,6;BR-116/SP;Norte;Tombamento;
11/05/2021;terça-feira;04:28:00;3 - Acidente com Danos Materiais;511,05;BR-116/SP;Norte;Colisão Lateral;
12/05/2021;quarta-feira;05:31:00;3 - Acidente com Danos Materiais;505,24;BR-116/SP;Sul;Tombamento;
12/05/2021;quarta-feira;19:07:00;3 - Acidente com Danos Materiais;565,1;BR-116/SP;Sul;Colisão Traseira;
12/05/2021;quarta-feira;03:12:00;3 - Acidente com Danos Materiais;338,01;BR-116/SP;Norte;Colisão Traseira;
12/05/2021;quarta-feira;16:15:00;3 - Acidente com Danos Materiais;502,9;BR-116/SP;Sul;Colisão Lateral;
12/05/2021;quarta-feira;18:01:00;3 - Acidente com Danos Materiais;511,7;BR-116/SP;Norte;Choque - Defensa, barreira ou submarino;
12/05/2021;quarta-feira;19:11:00;3 - Acidente com Danos Materiais;512,5;BR-116/SP;Norte;Choque - Elemento de Drenagem;
12/05/2021;quarta-feira;21:47:00;3 - Acidente com Danos Materiais;523;BR-116/SP;Norte;Choque - Elemento de Drenagem;
12/05/2021;quarta-feira;20:20:00;3 - Acidente com Danos Materiais;379,5;BR-116/SP;Norte;Saida de Pista;
12/05/2021;quarta-feira;04:08:00;3 - Acidente com Danos Materiais;555,1;BR-116/SP;Norte;Capotamento;
12/05/2021;quarta-feira;08:32:00;3 - Acidente com Danos Materiais;512,6;BR-116/SP;Norte;Choque - Defensa, barreira ou submarino;
12/05/2021;quarta-feira;12:34:00;3 - Acidente com Danos Materiais;504,1;BR-116/SP;Sul;Saida de Pista;
12/05/2021;quarta-feira;14:03:00;3 - Acidente com Danos Materiais;22,9;BR-116/PR;Norte;Saida de Pista;
12/05/2021;quarta-feira;14:27:00;3 - Acidente com Danos Materiais;39,5;BR-116/PR;Sul;Choque - Talude;
12/05/2021;quarta-feira;06:58:00;3 - Acidente com Danos Materiais;514,5;BR-116/SP;Norte;Capotamento;
12/05/2021;quarta-feira;08:19:00;3 - Acidente com Danos Materiais;499,7;BR-116/SP;Sul;Saida de Pista;
12/05/2021;quarta-feira;08:23:00;3 - Acidente com Danos Materiais;28;BR-116/PR;Norte;Capotamento;
12/05/2021;quarta-feira;08:31:00;3 - Acidente com Danos Materiais;44,8;BR-116/PR;Sul;Saida de Pista;
12/05/2021;quarta-feira;08:44:00;2 - Acidente com VITIMA;46,9;BR-116/PR;Norte;Tombamento;
12/05/2021;quarta-feira;09:26:00;3 - Acidente com Danos Materiais;498,9;BR-116/SP;Norte;Choque - Talude;
12/05/2021;quarta-feira;11:08:00;3 - Acidente com Danos Materiais;16;BR-116/CW;Norte;Choque - Defensa, barreira ou submarino;
12/05/2021;quarta-feira;11:14:00;3 - Acidente com Danos Materiais;541,8;BR-116/SP;Sul;Choque - Defensa, barreira ou submarino;
12/05/2021;quarta-feira;11:43:00;3 - Acidente com Danos Materiais;44,9;BR-116/PR;Sul;Capotamento;
12/05/2021;quarta-feira;12:01:00;3 - Acidente com Danos Materiais;44,5;BR-116/PR;Sul;Saida de Pista;
12/05/2021;quarta-feira;12:21:00;3 - Acidente com Danos Materiais;511,2;BR-116/SP;Norte;Choque - Defensa, barreira ou submarino;
12/05/2021;quarta-feira;15:36:00;3 - Acidente com Danos Materiais;548,6;BR-116/SP;Sul;Choque - Defensa, barreira ou submarino;
12/05/2021;quarta-feira;16:29:00;3 - Acidente com Danos Materiais;60,1;BR-116/PR;Sul;Choque - Talude;
12/05/2021;quarta-feira;17:08:00;3 - Acidente com Danos Materiais;1,05;BR-116/PR;Sul;Choque - Defensa, barreira ou submarino;
12/05/2021;quarta-feira;18:38:00;3 - Acidente com Danos Materiais;565,1;BR-116/SP;Sul;Choque - Defensa, barreira ou submarino;
12/05/2021;quarta-feira;18:51:00;3 - Acidente com Danos Materiais;513,2;BR-116/SP;Norte;Choque - Defensa, barreira ou submarino;
12/05/2021;quarta-feira;19:31:00;3 - Acidente com Danos Materiais;541,6;BR-116/SP;Sul;Choque - Defensa, barreira ou submarino;
12/05/2021;quarta-feira;20:44:00;3 - Acidente com Danos Materiais;339,3;BR-116/SP;Sul;Choque - Defensa, barreira ou submarino;
12/05/2021;quarta-feira;21:06:00;3 - Acidente com Danos Materiais;561,1;BR-116/SP;Sul;Choque - Defensa, barreira ou submarino;
12/05/2021;quarta-feira;07:48:00;2 - Acidente com VITIMA;446,2;BR-116/SP;Sul;Queda de Moto;
12/05/2021;quarta-feira;13:42:00;3 - Acidente com Danos Materiais;57;BR-116/PR;Norte;Colisão Traseira;
12/05/2021;quarta-feira;18:53:00;3 - Acidente com Danos Materiais;399,4;BR-116/SP;Sul;Colisão Frontal;
13/05/2021;quinta-feira;06:20:00;3 - Acidente com Danos Materiais;545;BR-116/SP;Sul;Choque - Defensa, barreira ou submarino;
13/05/2021;quinta-feira;09:04:00;3 - Acidente com Danos Materiais;565;BR-116/SP;Sul;Engavetamento;
13/05/2021;quinta-feira;06:41:00;2 - Acidente com VITIMA;281,2;BR-116/SP;Norte;Colisão Traseira;
13/05/2021;quinta-feira;20:12:00;2 - Acidente com VITIMA;322,5;BR-116/SP;Norte;Choque - Talude;
13/05/2021;quinta-feira;07:10:00;2 - Acidente com VITIMA;439,8;BR-116/SP;Norte;Queda de Moto;
13/05/2021;quinta-feira;03:02:00;3 - Acidente com Danos Materiais;347;BR-116/SP;Norte;Choque - Defensa, barreira ou submarino;
13/05/2021;quinta-feira;05:13:00;3 - Acidente com Danos Materiais;326;BR-116/SP;Norte;Choque - Defensa, barreira ou submarino;
13/05/2021;quinta-feira;09:06:00;3 - Acidente com Danos Materiais;541,5;BR-116/SP;Sul;Choque - Defensa, barreira ou submarino;
13/05/2021;quinta-feira;03:44:00;3 - Acidente com Danos Materiais;288;BR-116/SP;Sul;Choque - Defensa, barreira ou submarino;
13/05/2021;quinta-feira;11:04:00;3 - Acidente com Danos Materiais;550;BR-116/SP;Norte;Saida de Pista;
13/05/2021;quinta-feira;08:58:00;3 - Acidente com Danos Materiais;362,5;BR-116/SP;Sul;Tombamento;
14/05/2021;sexta-feira;21:03:00;3 - Acidente com Danos Materiais;565;BR-116/SP;Sul;Choque - Objeto sobre a pista;
14/05/2021;sexta-feira;19:03:00;3 - Acidente com Danos Materiais;28;BR-116/PR;Norte;Choque - Defensa, barreira ou submarino;
14/05/2021;sexta-feira;16:29:00;3 - Acidente com Danos Materiais;564,2;BR-116/SP;Sul;Colisão Lateral;
14/05/2021;sexta-feira;18:08:00;2 - Acidente com VITIMA;387,2;BR-116/SP;Sul;Engavetamento;
14/05/2021;sexta-feira;07:06:00;3 - Acidente com Danos Materiais;15,5;BR-116/PR;Norte;Choque - Defensa, barreira ou submarino;
14/05/2021;sexta-feira;07:31:00;3 - Acidente com Danos Materiais;512,9;BR-116/SP;Norte;Choque - Defensa, barreira ou submarino;
14/05/2021;sexta-feira;08:59:00;3 - Acidente com Danos Materiais;547,1;BR-116/SP;Norte;Choque - Talude;
14/05/2021;sexta-feira;09:44:00;3 - Acidente com Danos Materiais;564;BR-116/SP;Sul;Saida de Pista;
14/05/2021;sexta-feira;10:21:00;3 - Acidente com Danos Materiais;565,5;BR-116/SP;Sul;Choque - Defensa, barreira ou submarino;
14/05/2021;sexta-feira;17:16:00;2 - Acidente com VITIMA;15,6;BR-116/PR;Norte;Choque - Defensa, barreira ou submarino;
14/05/2021;sexta-feira;06:54:00;3 - Acidente com Danos Materiais;511,8;BR-116/SP;Norte;Choque - Talude;
14/05/2021;sexta-feira;10:06:00;2 - Acidente com VITIMA;347,4;BR-116/SP;Sul;Colisão Lateral;
15/05/2021;sábado;01:24:00;3 - Acidente com Danos Materiais;445,4;BR-116/SP;Norte;Choque - Suporte de Sinalização;
15/05/2021;sábado;22:40:00;3 - Acidente com Danos Materiais;564;BR-116/SP;Sul;Capotamento;
15/05/2021;sábado;05:31:00;3 - Acidente com Danos Materiais;281,2;BR-116/SP;Sul;Tombamento;
15/05/2021;sábado;09:00:00;2 - Acidente com VITIMA;392;BR-116/SP;Norte;Colisão Traseira;
15/05/2021;sábado;19:49:00;1 - Acidente com Vitima Fatal;275;BR-116/SP;Norte;Choque - Defensa, barreira ou submarino;1
15/05/2021;sábado;23:44:00;3 - Acidente com Danos Materiais;26,9;BR-116/PR;Norte;Capotamento;
15/05/2021;sábado;08:48:00;3 - Acidente com Danos Materiais;313;BR-116/SP;Sul;Colisão Traseira;
15/05/2021;sábado;13:03:00;3 - Acidente com Danos Materiais;565,9;BR-116/SP;Sul;Saida de Pista;
15/05/2021;sábado;13:52:00;2 - Acidente com VITIMA;507,2;BR-116/SP;Norte;Capotamento;
16/05/2021;domingo;22:33:00;3 - Acidente com Danos Materiais;8,3;BR-116/CW;Norte;Choque - Outros;
16/05/2021;domingo;10:54:00;3 - Acidente com Danos Materiais;504,5;BR-116/SP;Norte;Tombamento;
16/05/2021;domingo;11:23:00;2 - Acidente com VITIMA;289,7;BR-116/SP;Sul;Atropelamento - Outros;
16/05/2021;domingo;20:35:00;3 - Acidente com Danos Materiais;564,05;BR-116/SP;Sul;Choque - Defensa, barreira ou submarino;
16/05/2021;domingo;17:03:00;2 - Acidente com VITIMA;283,4;BR-116/SP;Norte;Colisão Lateral;
16/05/2021;domingo;19:16:00;3 - Acidente com Danos Materiais;564,05;BR-116/SP;Sul;Colisão Traseira;
16/05/2021;domingo;13:18:00;2 - Acidente com VITIMA;293,8;BR-116/SP;Sul;Choque - Talude;
17/05/2021;segunda-feira;18:25:00;3 - Acidente com Danos Materiais;279,2;BR-116/SP;Sul;Colisão Traseira;
17/05/2021;segunda-feira;14:35:00;3 - Acidente com Danos Materiais;527,9;BR-116/SP;Norte;Colisão Lateral;
17/05/2021;segunda-feira;16:48:00;3 - Acidente com Danos Materiais;442;BR-116/SP;Sul;Colisão Traseira;
17/05/2021;segunda-feira;23:19:00;3 - Acidente com Danos Materiais;278,5;BR-116/SP;Norte;Colisão Lateral;
18/05/2021;terça-feira;21:32:00;3 - Acidente com Danos Materiais;487,4;BR-116/SP;Norte;Colisão Traseira;
18/05/2021;terça-feira;06:58:00;3 - Acidente com Danos Materiais;281,1;BR-116/SP;Norte;Engavetamento;
18/05/2021;terça-feira;08:23:00;2 - Acidente com VITIMA;10;BR-116/CW;Norte;Colisão Traseira;
18/05/2021;terça-feira;12:12:00;2 - Acidente com VITIMA;59,5;BR-116/PR;Norte;Colisão Traseira;
18/05/2021;terça-feira;05:37:00;3 - Acidente com Danos Materiais;332,9;BR-116/SP;Norte;Colisão Traseira;
18/05/2021;terça-feira;15:01:00;3 - Acidente com Danos Materiais;300,4;BR-116/SP;Norte;Colisão Traseira;
18/05/2021;terça-feira;01:49:00;3 - Acidente com Danos Materiais;540,5;BR-116/SP;Norte;Capotamento;
19/05/2021;quarta-feira;12:22:00;3 - Acidente com Danos Materiais;287,8;BR-116/SP;Norte;Colisão Traseira;
19/05/2021;quarta-feira;15:54:00;3 - Acidente com Danos Materiais;271;BR-116/SP;Sul;Colisão Traseira;
19/05/2021;quarta-feira;18:55:00;3 - Acidente com Danos Materiais;280;BR-116/SP;Sul;Colisão Transversal;
19/05/2021;quarta-feira;15:36:00;3 - Acidente com Danos Materiais;436;BR-116/SP;Norte;Saida de Pista;
19/05/2021;quarta-feira;05:56:00;2 - Acidente com VITIMA;454,5;BR-116/SP;Norte;Colisão Lateral;
19/05/2021;quarta-feira;09:33:00;3 - Acidente com Danos Materiais;445,3;BR-116/SP;Sul;Queda de Moto;
19/05/2021;quarta-feira;12:47:00;2 - Acidente com VITIMA;282,4;BR-116/SP;Norte;Atropelamento - Outros;
19/05/2021;quarta-feira;20:53:00;1 - Acidente com Vitima Fatal;514,6;BR-116/SP;Norte;Colisão Traseira;1
19/05/2021;quarta-feira;00:24:00;3 - Acidente com Danos Materiais;449,2;BR-116/SP;Sul;Choque - Outros;
20/05/2021;quinta-feira;17:46:00;2 - Acidente com VITIMA;455,7;BR-116/SP;Norte;Colisão Frontal;
20/05/2021;quinta-feira;07:26:00;3 - Acidente com Danos Materiais;12,2;BR-116/PR;Sul;Saida de Pista;
20/05/2021;quinta-feira;05:14:00;3 - Acidente com Danos Materiais;10;BR-116/PR;Sul;Saida de Pista;
20/05/2021;quinta-feira;18:25:00;3 - Acidente com Danos Materiais;527;BR-116/SP;Norte;Colisão Traseira;
20/05/2021;quinta-feira;07:20:00;3 - Acidente com Danos Materiais;272,8;BR-116/SP;Norte;Engavetamento;
20/05/2021;quinta-feira;08:40:00;2 - Acidente com VITIMA;296,15;BR-116/SP;Norte;Colisão Traseira;
20/05/2021;quinta-feira;10:31:00;3 - Acidente com Danos Materiais;296,2;BR-116/SP;Norte;Colisão Traseira;
20/05/2021;quinta-feira;19:37:00;2 - Acidente com VITIMA;279,8;BR-116/SP;Sul;Colisão Traseira;
20/05/2021;quinta-feira;08:14:00;3 - Acidente com Danos Materiais;4,1;BR-116/CW;Norte;Colisão Traseira;
20/05/2021;quinta-feira;17:40:00;2 - Acidente com VITIMA;270,142;BR-116/SP;Norte;Colisão Lateral;
20/05/2021;quinta-feira;07:09:00;3 - Acidente com Danos Materiais;281,55;BR-116/SP;Norte;Capotamento;
20/05/2021;quinta-feira;12:24:00;2 - Acidente com VITIMA;509,9;BR-116/SP;Sul;Tombamento;
20/05/2021;quinta-feira;09:10:00;3 - Acidente com Danos Materiais;409,85;BR-116/SP;Sul;Choque - Defensa, barreira ou submarino;
21/05/2021;sexta-feira;00:44:00;3 - Acidente com Danos Materiais;327;BR-116/SP;Sul;Tombamento;
21/05/2021;sexta-feira;22:54:00;2 - Acidente com VITIMA;345,1;BR-116/SP;Sul;Colisão Traseira;
21/05/2021;sexta-feira;17:22:00;2 - Acidente com VITIMA;47,5;BR-116/PR;Sul;Colisão Transversal;
21/05/2021;sexta-feira;11:04:00;2 - Acidente com VITIMA;348,2;BR-116/SP;Sul;Tombamento;
22/05/2021;sábado;18:17:00;2 - Acidente com VITIMA;285,2;BR-116/SP;Norte;Engavetamento;
22/05/2021;sábado;18:29:00;3 - Acidente com Danos Materiais;485,8;BR-116/SP;Norte;Capotamento;
22/05/2021;sábado;09:48:00;3 - Acidente com Danos Materiais;270;BR-116/SP;Norte;Colisão Traseira;
22/05/2021;sábado;13:29:00;3 - Acidente com Danos Materiais;370,4;BR-116/SP;Sul;Colisão Traseira;
22/05/2021;sábado;11:10:00;3 - Acidente com Danos Materiais;362,5;BR-116/SP;Sul;Choque - Defensa, barreira ou submarino;
22/05/2021;sábado;10:59:00;3 - Acidente com Danos Materiais;339,4;BR-116/SP;Norte;Saida de Pista;
22/05/2021;sábado;05:01:00;3 - Acidente com Danos Materiais;564,15;BR-116/SP;Sul;Engavetamento;
22/05/2021;sábado;08:39:00;3 - Acidente com Danos Materiais;541;BR-116/SP;Sul;Choque - Defensa, barreira ou submarino;
22/05/2021;sábado;08:46:00;3 - Acidente com Danos Materiais;567,6;BR-116/SP;Norte;Choque - Defensa, barreira ou submarino;
22/05/2021;sábado;12:19:00;3 - Acidente com Danos Materiais;511,101;BR-116/SP;Sul;Colisão Traseira;
22/05/2021;sábado;13:21:00;3 - Acidente com Danos Materiais;340,1;BR-116/SP;Norte;Choque - Defensa, barreira ou submarino;
22/05/2021;sábado;08:02:00;3 - Acidente com Danos Materiais;505;BR-116/SP;Norte;Choque - Defensa, barreira ou submarino;
22/05/2021;sábado;08:42:00;3 - Acidente com Danos Materiais;28,9;BR-116/PR;Norte;Choque - Defensa, barreira ou submarino;
22/05/2021;sábado;09:02:00;3 - Acidente com Danos Materiais;508,8;BR-116/SP;Sul;Tombamento;
22/05/2021;sábado;13:01:00;3 - Acidente com Danos Materiais;359,2;BR-116/SP;Norte;Capotamento;
22/05/2021;sábado;07:37:00;3 - Acidente com Danos Materiais;47;BR-116/PR;Norte;Choque - Talude;
22/05/2021;sábado;11:39:00;3 - Acidente com Danos Materiais;348;BR-116/SP;Sul;Engavetamento;
22/05/2021;sábado;09:25:00;3 - Acidente com Danos Materiais;434,15;BR-116/SP;Sul;Tombamento;
22/05/2021;sábado;11:06:00;2 - Acidente com VITIMA;269,6;BR-116/SP;Norte;Queda de Moto;
22/05/2021;sábado;07:41:00;3 - Acidente com Danos Materiais;424,35;BR-116/SP;Norte;Saida de Pista;
22/05/2021;sábado;10:28:00;3 - Acidente com Danos Materiais;514,7;BR-116/SP;Norte;Choque - Defensa, barreira ou submarino;
23/05/2021;domingo;21:25:00;2 - Acidente com VITIMA;489,4;BR-116/SP;Sul;Choque - Elemento de Drenagem;
23/05/2021;domingo;14:31:00;3 - Acidente com Danos Materiais;55,3;BR-116/PR;Norte;Saida de Pista;
23/05/2021;domingo;08:51:00;3 - Acidente com Danos Materiais;465,9;BR-116/SP;Norte;Colisão Lateral;
23/05/2021;domingo;06:35:00;3 - Acidente com Danos Materiais;313,2;BR-116/SP;Sul;Colisão Lateral;
23/05/2021;domingo;02:21:00;3 - Acidente com Danos Materiais;67;BR-116/PR;Sul;Choque - Elemento de Drenagem;
24/05/2021;segunda-feira;03:30:00;2 - Acidente com VITIMA;449,7;BR-116/SP;Sul;Queda de Moto;
24/05/2021;segunda-feira;23:18:00;3 - Acidente com Danos Materiais;34,8;BR-116/PR;Norte;Colisão Traseira;
24/05/2021;segunda-feira;08:40:00;3 - Acidente com Danos Materiais;391,4;BR-116/SP;Norte;Saida de Pista;
24/05/2021;segunda-feira;04:39:00;2 - Acidente com VITIMA;359,25;BR-116/SP;Norte;Tombamento;
24/05/2021;segunda-feira;06:25:00;3 - Acidente com Danos Materiais;450,1;BR-116/SP;Sul;Colisão Traseira;
24/05/2021;segunda-feira;12:20:00;3 - Acidente com Danos Materiais;272,5;BR-116/SP;Sul;Colisão Traseira;
24/05/2021;segunda-feira;12:53:00;3 - Acidente com Danos Materiais;283,4;BR-116/SP;Sul;Colisão Traseira;
24/05/2021;segunda-feira;11:56:00;2 - Acidente com VITIMA;42,1;BR-116/PR;Sul;Tombamento;
24/05/2021;segunda-feira;02:00:00;2 - Acidente com VITIMA;275,5;BR-116/SP;Norte;Capotamento;
24/05/2021;segunda-feira;20:35:00;2 - Acidente com VITIMA;66,8;BR-116/PR;Norte;Capotamento;
24/05/2021;segunda-feira;22:42:00;3 - Acidente com Danos Materiais;353;BR-116/SP;Sul;Saida de Pista;
25/05/2021;terça-feira;06:10:00;3 - Acidente com Danos Materiais;35,6;BR-116/PR;Sul;Saida de Pista;
25/05/2021;terça-feira;02:55:00;2 - Acidente com VITIMA;505,9;BR-116/SP;Sul;Tombamento;
25/05/2021;terça-feira;19:19:00;2 - Acidente com VITIMA;415,95;BR-116/SP;Sul;Colisão Lateral;
25/05/2021;terça-feira;07:39:00;3 - Acidente com Danos Materiais;282,3;BR-116/SP;Norte;Engavetamento;
25/05/2021;terça-feira;07:53:00;2 - Acidente com VITIMA;273,9;BR-116/SP;Norte;Queda de Moto;
25/05/2021;terça-feira;08:23:00;2 - Acidente com VITIMA;270,2;BR-116/SP;Norte;Colisão Traseira;
25/05/2021;terça-feira;09:01:00;3 - Acidente com Danos Materiais;279,8;BR-116/SP;Norte;Colisão Traseira;
25/05/2021;terça-feira;14:37:00;2 - Acidente com VITIMA;492,8;BR-116/SP;Norte;Choque - Suporte de Sinalização;
25/05/2021;terça-feira;06:19:00;3 - Acidente com Danos Materiais;298,8;BR-116/SP;Sul;Colisão Lateral;
25/05/2021;terça-feira;18:11:00;3 - Acidente com Danos Materiais;273,2;BR-116/SP;Sul;Capotamento;
26/05/2021;quarta-feira;07:49:00;3 - Acidente com Danos Materiais;347,6;BR-116/SP;Norte;Tombamento;
26/05/2021;quarta-feira;23:29:00;2 - Acidente com VITIMA;385,7;BR-116/SP;Sul;Colisão Traseira;
26/05/2021;quarta-feira;19:08:00;2 - Acidente com VITIMA;273,7;BR-116/SP;Norte;Engavetamento;
26/05/2021;quarta-feira;21:56:00;2 - Acidente com VITIMA;282;BR-116/SP;Norte;Choque - Veiculo parado na pista;
26/05/2021;quarta-feira;04:07:00;3 - Acidente com Danos Materiais;269,8;BR-116/SP;Norte;Colisão Traseira;
26/05/2021;quarta-feira;22:25:00;3 - Acidente com Danos Materiais;544,5;BR-116/SP;Norte;Tombamento;
26/05/2021;quarta-feira;07:35:00;2 - Acidente com VITIMA;277,9;BR-116/SP;Norte;Colisão Traseira;
27/05/2021;quinta-feira;18:34:00;3 - Acidente com Danos Materiais;274;BR-116/SP;Sul;Colisão Traseira;
27/05/2021;quinta-feira;07:35:00;3 - Acidente com Danos Materiais;1,8;BR-116/CW;Norte;Colisão Traseira;
27/05/2021;quinta-feira;12:57:00;3 - Acidente com Danos Materiais;32,2;BR-116/PR;Sul;Tombamento;
28/05/2021;sexta-feira;05:05:00;3 - Acidente com Danos Materiais;366,01;BR-116/SP;Sul;Saida de Pista;
28/05/2021;sexta-feira;02:08:00;2 - Acidente com VITIMA;345,5;BR-116/SP;Sul;Colisão Traseira;
28/05/2021;sexta-feira;05:05:00;3 - Acidente com Danos Materiais;23,2;BR-116/PR;Sul;Colisão Traseira;
28/05/2021;sexta-feira;03:46:00;2 - Acidente com VITIMA;293,1;BR-116/SP;Norte;Queda de Moto;
28/05/2021;sexta-feira;10:58:00;3 - Acidente com Danos Materiais;432,9;BR-116/SP;Norte;Colisão Traseira;
28/05/2021;sexta-feira;14:01:00;2 - Acidente com VITIMA;485,75;BR-116/SP;Sul;Colisão Traseira;
29/05/2021;sábado;15:56:00;3 - Acidente com Danos Materiais;388,8;BR-116/SP;Norte;Colisão Traseira;
29/05/2021;sábado;06:48:00;3 - Acidente com Danos Materiais;290,4;BR-116/SP;Norte;Colisão Transversal;
29/05/2021;sábado;06:26:00;3 - Acidente com Danos Materiais;290,3;BR-116/SP;Norte;Choque - Defensa, barreira ou submarino;
29/05/2021;sábado;10:24:00;2 - Acidente com VITIMA;270;BR-116/SP;Norte;Colisão Traseira;
29/05/2021;sábado;11:02:00;2 - Acidente com VITIMA;270,6;BR-116/SP;Norte;Colisão Traseira;
29/05/2021;sábado;14:43:00;3 - Acidente com Danos Materiais;279,3;BR-116/SP;Norte;Engavetamento;
29/05/2021;sábado;15:12:00;2 - Acidente com VITIMA;269;BR-116/SP;Norte;Queda de Moto;
29/05/2021;sábado;18:13:00;3 - Acidente com Danos Materiais;555,7;BR-116/SP;Norte;Capotamento;
29/05/2021;sábado;12:40:00;3 - Acidente com Danos Materiais;544,2;BR-116/SP;Norte;Capotamento;
29/05/2021;sábado;02:53:00;3 - Acidente com Danos Materiais;57,6;BR-116/PR;Norte;Capotamento;
29/05/2021;sábado;04:18:00;2 - Acidente com VITIMA;360,6;BR-116/SP;Norte;Choque - Talude;
29/05/2021;sábado;14:14:00;2 - Acidente com VITIMA;304;BR-116/SP;Norte;Choque - Talude;
30/05/2021;domingo;05:53:00;3 - Acidente com Danos Materiais;366,2;BR-116/SP;Sul;Tombamento;
30/05/2021;domingo;22:45:00;3 - Acidente com Danos Materiais;3,2;BR-116/PR;Sul;Tombamento;
30/05/2021;domingo;02:37:00;3 - Acidente com Danos Materiais;336,7;BR-116/SP;Sul;Choque - Elemento de Drenagem;
30/05/2021;domingo;04:40:00;3 - Acidente com Danos Materiais;567,6;BR-116/SP;Norte;Choque - Talude;
30/05/2021;domingo;06:37:00;2 - Acidente com VITIMA;334,8;BR-116/SP;Norte;Colisão Lateral;
30/05/2021;domingo;21:12:00;3 - Acidente com Danos Materiais;373,9;BR-116/SP;Norte;Engavetamento;
30/05/2021;domingo;16:55:00;3 - Acidente com Danos Materiais;52;BR-116/PR;Norte;Colisão Traseira;
30/05/2021;domingo;13:24:00;3 - Acidente com Danos Materiais;339,8;BR-116/SP;Norte;Choque - Defensa, barreira ou submarino;
30/05/2021;domingo;13:16:00;2 - Acidente com VITIMA;327,7;BR-116/SP;Norte;Choque - Defensa, barreira ou submarino;
30/05/2021;domingo;07:07:00;3 - Acidente com Danos Materiais;5,4;BR-116/PR;Norte;Saida de Pista;
30/05/2021;domingo;07:24:00;3 - Acidente com Danos Materiais;541,7;BR-116/SP;Sul;Choque - Defensa, barreira ou submarino;
30/05/2021;domingo;08:37:00;3 - Acidente com Danos Materiais;513;BR-116/SP;Norte;Choque - Defensa, barreira ou submarino;
30/05/2021;domingo;09:03:00;3 - Acidente com Danos Materiais;28;BR-116/PR;Norte;Choque - Defensa, barreira ou submarino;
30/05/2021;domingo;10:27:00;3 - Acidente com Danos Materiais;350,5;BR-116/SP;Norte;Saida de Pista;
30/05/2021;domingo;12:10:00;1 - Acidente com Vitima Fatal;347,3;BR-116/SP;Norte;Capotamento;1
30/05/2021;domingo;12:37:00;3 - Acidente com Danos Materiais;509;BR-116/SP;Sul;Choque - Defensa, barreira ou submarino;
30/05/2021;domingo;11:22:00;3 - Acidente com Danos Materiais;499,2;BR-116/SP;Sul;Choque - Elemento de Drenagem;
30/05/2021;domingo;13:11:00;3 - Acidente com Danos Materiais;508,8;BR-116/SP;Norte;Saida de Pista;
30/05/2021;domingo;13:13:00;3 - Acidente com Danos Materiais;541;BR-116/SP;Sul;Choque - Defensa, barreira ou submarino;
30/05/2021;domingo;13:15:00;3 - Acidente com Danos Materiais;541;BR-116/SP;Sul;Choque - Defensa, barreira ou submarino;
30/05/2021;domingo;08:13:00;3 - Acidente com Danos Materiais;504,6;BR-116/SP;Norte;Colisão Lateral;
30/05/2021;domingo;09:11:00;2 - Acidente com VITIMA;508,8;BR-116/SP;Norte;Colisão Traseira;
30/05/2021;domingo;09:15:00;3 - Acidente com Danos Materiais;44,7;BR-116/PR;Sul;Saida de Pista;