data;dia_semana;horario;tipo_de_ocorrencia;km;trecho;sentido;tipo_de_acidente;mortos
30/05/2021;domingo;11:34:00;3 - Acidente com Danos Materiais;511;BR-116/SP;Norte;Capotamento;
30/05/2021;domingo;12:21:00;3 - Acidente com Danos Materiais;499;BR-116/SP;Sul;Saida de Pista;
30/05/2021;domingo;14:13:00;3 - Acidente com Danos Materiais;327,8;BR-116/SP;Norte;Saida de Pista;
30/05/2021;domingo;23:37:00;2 - Acidente com VITIMA;541;BR-116/SP;Sul;Choque - Defensa, barreira ou submarino;
30/05/2021;domingo;13:01:00;3 - Acidente com Danos Materiais;361,8;BR-116/SP;Sul;Choque - Talude;
30/05/2021;domingo;08:11:00;3 - Acidente com Danos Materiais;47;BR-116/PR;Norte;Choque - Elemento de Drenagem;
30/05/2021;domingo;08:27:00;2 - Acidente com VITIMA;47;BR-116/PR;Norte;Choque - Elemento de Drenagem;
30/05/2021;domingo;22:03:00;3 - Acidente com Danos Materiais;513,65;BR-116/SP;Norte;Choque - Talude;
30/05/2021;domingo;17:16:00;3 - Acidente com Danos Materiais;285;BR-116/SP;Sul;Colisão Traseira;
31/05/2021;segunda-feira;16:22:00;3 - Acidente com Danos Materiais;21,3;BR-116/PR;Norte;Colisão Traseira;
31/05/2021;segunda-feira;06:55:00;2 - Acidente com VITIMA;15,5;BR-116/PR;Sul;Choque - Defensa, barreira ou submarino;
31/05/2021;segunda-feira;23:26:00;3 - Acidente com Danos Materiais;21,3;BR-116/PR;Norte;Atropelamento de Animal;
31/05/2021;segunda-feira;04:23:00;3 - Acidente com Danos Materiais;28,15;BR-116/PR;Norte;Choque - Defensa, barreira ou submarino;
31/05/2021;segunda-feira;15:45:00;3 - Acidente com Danos Materiais;449,5;BR-116/SP;Norte;Choque - Elemento de Drenagem;
31/05/2021;segunda-feira;18:03:00;3 - Acidente com Danos Materiais;10;BR-116/CW;Norte;Engavetamento;
31/05/2021;segunda-feira;08:15:00;3 - Acidente com Danos Materiais;15,2;BR-116/PR;Norte;Choque - Defensa, barreira ou submarino;
31/05/2021;segunda-feira;08:27:00;3 - Acidente com Danos Materiais;15,2;BR-116/PR;Norte;Choque - Defensa, barreira ou submarino;
31/05/2021;segunda-feira;18:13:00;2 - Acidente com VITIMA;8,5;BR-116/CW;Norte;Atropelamento - Outros;
31/05/2021;segunda-feira;08:35:00;3 - Acidente com Danos Materiais;522,2;BR-116/SP;Sul;Capotamento;
31/05/2021;segunda-feira;13:01:00;3 - Acidente com Danos Materiais;39,5;BR-116/PR;Sul;Capotamento;
31/05/2021;segunda-feira;14:11:00;2 - Acidente com VITIMA;507,8;BR-116/SP;Norte;Queda de Moto;
31/05/2021;segunda-feira;07:13:00;3 - Acidente com Danos Materiais;14,1;BR-116/PR;Norte;Saida de Pista;
31/05/2021;segunda-feira;07:20:00;2 - Acidente com VITIMA;13,1;BR-116/PR;Norte;Saida de Pista;
31/05/2021;segunda-feira;08:18:00;3 - Acidente com Danos Materiais;21,2;BR-116/PR;Norte;Choque - Defensa, barreira ou submarino;
31/05/2021;segunda-feira;13:39:00;3 - Acidente com Danos Materiais;44,5;BR-116/PR;Sul;Choque - Talude;
31/05/2021;segunda-feira;14:59:00;3 - Acidente com Danos Materiais;17,4;BR-116/CW;Norte;Capotamento;
31/05/2021;segunda-feira;01:16:00;3 - Acidente com Danos Materiais;26,5;BR-116/PR;Norte;Capotamento;
31/05/2021;segunda-feira;05:25:00;3 - Acidente com Danos Materiais;362;BR-116/SP;Sul;Choque - Defensa, barreira ou submarino;
31/05/2021;segunda-feira;13:14:00;3 - Acidente com Danos Materiais;46,9;BR-116/PR;Sul;Choque - Talude;
01/06/2021;terça-feira;07:37:00;3 - Acidente com Danos Materiais;515,8;BR-116/SP;Sul;Colisão Traseira;
01/06/2021;terça-feira;18:05:00;3 - Acidente com Danos Materiais;278;BR-116/SP;Sul;Colisão Traseira;
01/06/2021;terça-feira;07:45:00;2 - Acidente com VITIMA;361,3;BR-116/SP;Sul;Queda de Moto;
01/06/2021;terça-feira;13:42:00;3 - Acidente com Danos Materiais;54;BR-116/PR;Norte;Colisão Lateral;
01/06/2021;terça-feira;05:20:00;2 - Acidente com VITIMA;388,7;BR-116/SP;Sul;Tombamento;
01/06/2021;terça-feira;13:12:00;3 - Acidente com Danos Materiais;504,3;BR-116/SP;Sul;Tombamento;
01/06/2021;terça-feira;00:25:00;3 - Acidente com Danos Materiais;38,1;BR-116/PR;Norte;Saida de Pista;
01/06/2021;terça-feira;14:47:00;3 - Acidente com Danos Materiais;281,5;BR-116/SP;Sul;Colisão Lateral;
02/06/2021;quarta-feira;09:36:00;3 - Acidente com Danos Materiais;290,2;BR-116/SP;Norte;Engavetamento;
02/06/2021;quarta-feira;22:01:00;2 - Acidente com VITIMA;279;BR-116/SP;Sul;Colisão Lateral;
02/06/2021;quarta-feira;22:43:00;3 - Acidente com Danos Materiais;343,1;BR-116/SP;Sul;Colisão Lateral;
02/06/2021;quarta-feira;18:22:00;2 - Acidente com VITIMA;269,67;BR-116/SP;Sul;Colisão Traseira;
02/06/2021;quarta-feira;05:26:00;3 - Acidente com Danos Materiais;30,4;BR-116/PR;Norte;Choque - Talude;
02/06/2021;quarta-feira;09:06:00;2 - Acidente com VITIMA;541,5;BR-116/SP;Sul;Colisão Traseira;
02/06/2021;quarta-feira;14:33:00;2 - Acidente com VITIMA;295;BR-116/SP;Sul;Queda de Moto;
03/06/2021;quinta-feira;23:47:00;3 - Acidente com Danos Materiais;320,7;BR-116/SP;Norte;Saida de Pista;
03/06/2021;quinta-feira;06:37:00;3 - Acidente com Danos Materiais;277,1;BR-116/SP;Norte;Colisão Traseira;
03/06/2021;quinta-feira;07:50:00;3 - Acidente com Danos Materiais;57;BR-116/PR;Norte;Colisão Lateral;
03/06/2021;quinta-feira;09:01:00;3 - Acidente com Danos Materiais;283,8;BR-116/SP;Norte;Colisão Lateral;
03/06/2021;quinta-feira;16:15:00;3 - Acidente com Danos Materiais;385,01;BR-116/SP;Sul;Colisão Traseira;
03/06/2021;quinta-feira;23:45:00;3 - Acidente com Danos Materiais;485,8;BR-116/SP;Sul;Colisão Traseira;
03/06/2021;quinta-feira;18:32:00;2 - Acidente com VITIMA;276,9;BR-116/SP;Sul;Colisão Lateral;
03/06/2021;quinta-feira;21:35:00;2 - Acidente com VITIMA;512,8;BR-116/SP;Norte;Choque - Defensa, barreira ou submarino;
03/06/2021;quinta-feira;10:17:00;3 - Acidente com Danos Materiais;23,5;BR-116/PR;Norte;Choque - Defensa, barreira ou submarino;
04/06/2021;sexta-feira;00:45:00;2 - Acidente com VITIMA;275,1;BR-116/SP;Norte;Colisão Traseira;
04/06/2021;sexta-feira;08:11:00;2 - Acidente com VITIMA;274,8;BR-116/SP;Norte;Colisão Lateral;
04/06/2021;sexta-feira;10:40:00;1 - Acidente com Vitima Fatal;464,3;BR-116/SP;Sul;Colisão Traseira;1
04/06/2021;sexta-feira;21:55:00;3 - Acidente com Danos Materiais;281,8;BR-116/SP;Sul;Colisão Traseira;
04/06/2021;sexta-feira;11:41:00;2 - Acidente com VITIMA;365,2;BR-116/SP;Sul;Saida de Pista;
04/06/2021;sexta-feira;12:26:00;2 - Acidente com VITIMA;285,3;BR-116/SP;Sul;Colisão Traseira;
04/06/2021;sexta-feira;05:25:00;3 - Acidente com Danos Materiais;509,5;BR-116/SP;Norte;Capotamento;
05/06/2021;sábado;13:18:00;3 - Acidente com Danos Materiais;279,3;BR-116/SP;Sul;Engavetamento;
05/06/2021;sábado;07:57:00;3 - Acidente com Danos Materiais;8,3;BR-116/CW;Sul;Choque - Talude;
05/06/2021;sábado;14:27:00;3 - Acidente com Danos Materiais;279,2;BR-116/SP;Sul;Colisão Lateral;
06/06/2021;domingo;21:22:00;3 - Acidente com Danos Materiais;26,351;BR-116/PR;Norte;Colisão Traseira;
06/06/2021;domingo;09:15:00;3 - Acidente com Danos Materiais;544,6;BR-116/SP;Norte;Tombamento;
06/06/2021;domingo;18:28:00;2 - Acidente com VITIMA;414,2;BR-116/SP;Norte;Engavetamento;
06/06/2021;domingo;01:45:00;3 - Acidente com Danos Materiais;307,2;BR-116/SP;Sul;Colisão Lateral;
06/06/2021;domingo;19:11:00;2 - Acidente com VITIMA;489,01;BR-116/SP;Sul;Colisão Frontal;
06/06/2021;domingo;20:09:00;3 - Acidente com Danos Materiais;271;BR-116/SP;Norte;Colisão Traseira;
06/06/2021;domingo;05:52:00;1 - Acidente com Vitima Fatal;278,14;BR-116/SP;Sul;Choque - Defensa, barreira ou submarino;2
06/06/2021;domingo;09:58:00;2 - Acidente com VITIMA;290;BR-116/SP;Norte;Queda de Moto;
06/06/2021;domingo;01:26:00;1 - Acidente com Vitima Fatal;281,1;BR-116/SP;Norte;Atropelamento - Outros;1
06/06/2021;domingo;19:34:00;3 - Acidente com Danos Materiais;288;BR-116/SP;Sul;Choque - Defensa, barreira ou submarino;
06/06/2021;domingo;14:34:00;2 - Acidente com VITIMA;362,3;BR-116/SP;Norte;Queda de Moto;
07/06/2021;segunda-feira;20:02:00;3 - Acidente com Danos Materiais;511,8;BR-116/SP;Norte;Choque - Defensa, barreira ou submarino;
07/06/2021;segunda-feira;11:57:00;2 - Acidente com VITIMA;339,8;BR-116/SP;Sul;Choque - Defensa, barreira ou submarino;
07/06/2021;segunda-feira;12:52:00;3 - Acidente com Danos Materiais;512,3;BR-116/SP;Norte;Choque - Elemento de Drenagem;
07/06/2021;segunda-feira;06:45:00;3 - Acidente com Danos Materiais;366,2;BR-116/SP;Norte;Colisão Lateral;
07/06/2021;segunda-feira;11:10:00;3 - Acidente com Danos Materiais;362,3;BR-116/SP;Sul;Saida de Pista;
07/06/2021;segunda-feira;13:16:00;3 - Acidente com Danos Materiais;317,8;BR-116/SP;Sul;Capotamento;
07/06/2021;segunda-feira;01:08:00;3 - Acidente com Danos Materiais;59,485;BR-116/PR;Sul;Saida de Pista;
07/06/2021;segunda-feira;12:22:00;3 - Acidente com Danos Materiais;44;BR-116/PR;Norte;Saida de Pista;
07/06/2021;segunda-feira;16:42:00;2 - Acidente com VITIMA;340,8;BR-116/SP;Norte;Capotamento;
07/06/2021;segunda-feira;17:51:00;2 - Acidente com VITIMA;318,592;BR-116/SP;Sul;Capotamento;
07/06/2021;segunda-feira;23:20:00;3 - Acidente com Danos Materiais;28,1;BR-116/PR;Norte;Choque - Defensa, barreira ou submarino;
07/06/2021;segunda-feira;16:01:00;3 - Acidente com Danos Materiais;346,01;BR-116/SP;Norte;Saida de Pista;
07/06/2021;segunda-feira;09:37:00;3 - Acidente com Danos Materiais;319,95;BR-116/SP;Norte;Saida de Pista;
07/06/2021;segunda-feira;02:21:00;2 - Acidente com VITIMA;389,2;BR-116/SP;Sul;Capotamento;
07/06/2021;segunda-feira;03:04:00;3 - Acidente com Danos Materiais;508,9;BR-116/SP;Sul;Capotamento;
07/06/2021;segunda-feira;06:42:00;3 - Acidente com Danos Materiais;505;BR-116/SP;Norte;Choque - Defensa, barreira ou submarino;
07/06/2021;segunda-feira;07:53:00;3 - Acidente com Danos Materiais;514;BR-116/SP;Norte;Choque - Talude;
07/06/2021;segunda-feira;10:17:00;3 - Acidente com Danos Materiais;509;BR-116/SP;Sul;Choque - Elemento de Drenagem;
07/06/2021;segunda-feira;10:57:00;3 - Acidente com Danos Materiais;565;BR-116/SP;Sul;Choque - Defensa, barreira ou submarino;
07/06/2021;segunda-feira;11:05:00;3 - Acidente com Danos Materiais;38;BR-116/PR;Sul;Capotamento;
07/06/2021;segunda-feira;11:32:00;3 - Acidente com Danos Materiais;28;BR-116/PR;Norte;Choque - Elemento de Drenagem;
07/06/2021;segunda-feira;11:40:00;3 - Acidente com Danos Materiais;500,3;BR-116/SP;Sul;Saida de Pista;
07/06/2021;segunda-feira;11:47:00;3 - Acidente com Danos Materiais;566;BR-116/SP;Sul;Saida de Pista;
07/06/2021;segunda-feira;12:05:00;3 - Acidente com Danos Materiais;499;BR-116/SP;Sul;Saida de Pista;
07/06/2021;segunda-feira;12:29:00;3 - Acidente com Danos Materiais;489,9;BR-116/SP;Sul;Capotamento;
07/06/2021;segunda-feira;12:39:00;3 - Acidente com Danos Materiais;5;BR-116/PR;Norte;Choque - Defensa, barreira ou submarino;
07/06/2021;segunda-feira;13:15:00;2 - Acidente com VITIMA;5;BR-116/PR;Norte;Capotamento;
07/06/2021;segunda-feira;13:24:00;3 - Acidente com Danos Materiais;549;BR-116/SP;Sul;Choque - Defensa, barreira ou submarino;
07/06/2021;segunda-feira;13:43:00;3 - Acidente com Danos Materiais;548;BR-116/SP;Sul;Choque - Talude;
07/06/2021;segunda-feira;13:52:00;3 - Acidente com Danos Materiais;47;BR-116/PR;Norte;Choque - Talude;
07/06/2021;segunda-feira;14:31:00;3 - Acidente com Danos Materiais;14;BR-116/PR;Norte;Capotamento;
07/06/2021;segunda-feira;14:36:00;3 - Acidente com Danos Materiais;14;BR-116/PR;Norte;Choque - Talude;
07/06/2021;segunda-feira;15:03:00;2 - Acidente com VITIMA;560;BR-116/SP;Sul;Choque - Defensa, barreira ou submarino;
07/06/2021;segunda-feira;15:07:00;3 - Acidente com Danos Materiais;565,1;BR-116/SP;Sul;Choque - Defensa, barreira ou submarino;
07/06/2021;segunda-feira;15:43:00;3 - Acidente com Danos Materiais;2;BR-116/PR;Sul;Choque - Defensa, barreira ou submarino;
07/06/2021;segunda-feira;16:02:00;3 - Acidente com Danos Materiais;550;BR-116/SP;Norte;Choque - Defensa, barreira ou submarino;
07/06/2021;segunda-feira;16:10:00;2 - Acidente com VITIMA;518;BR-116/SP;Sul;Capotamento;
07/06/2021;segunda-feira;16:35:00;3 - Acidente com Danos Materiais;567;BR-116/SP;Sul;Choque - Defensa, barreira ou submarino;
07/06/2021;segunda-feira;17:03:00;3 - Acidente com Danos Materiais;564;BR-116/SP;Sul;Choque - Arvore;
07/06/2021;segunda-feira;17:22:00;3 - Acidente com Danos Materiais;562;BR-116/SP;Sul;Choque - Defensa, barreira ou submarino;
07/06/2021;segunda-feira;18:45:00;3 - Acidente com Danos Materiais;513,4;BR-116/SP;Norte;Choque - Talude;
07/06/2021;segunda-feira;19:08:00;3 - Acidente com Danos Materiais;499,48;BR-116/SP;Sul;Choque - Elemento de Drenagem;
07/06/2021;segunda-feira;19:09:00;3 - Acidente com Danos Materiais;21;BR-116/PR;Sul;Choque - Defensa, barreira ou submarino;
07/06/2021;segunda-feira;19:16:00;3 - Acidente com Danos Materiais;26;BR-116/PR;Norte;Choque - Defensa, barreira ou submarino;
07/06/2021;segunda-feira;19:17:00;3 - Acidente com Danos Materiais;512,3;BR-116/SP;Norte;Capotamento;
07/06/2021;segunda-feira;19:33:00;2 - Acidente com VITIMA;541,6;BR-116/SP;Sul;Choque - Defensa, barreira ou submarino;
07/06/2021;segunda-feira;20:48:00;3 - Acidente com Danos Materiais;560,1;BR-116/SP;Sul;Colisão Lateral;
07/06/2021;segunda-feira;21:38:00;3 - Acidente com Danos Materiais;561;BR-116/SP;Sul;Capotamento;
07/06/2021;segunda-feira;07:32:00;3 - Acidente com Danos Materiais;47;BR-116/PR;Norte;Capotamento;
07/06/2021;segunda-feira;07:40:00;3 - Acidente com Danos Materiais;513,4;BR-116/SP;Norte;Saida de Pista;
07/06/2021;segunda-feira;08:43:00;3 - Acidente com Danos Materiais;499,4;BR-116/SP;Sul;Choque - Elemento de Drenagem;
07/06/2021;segunda-feira;08:56:00;3 - Acidente com Danos Materiais;44,3;BR-116/PR;Sul;Capotamento;
07/06/2021;segunda-feira;09:06:00;3 - Acidente com Danos Materiais;512,6;BR-116/SP;Norte;Choque - Talude;
07/06/2021;segunda-feira;09:16:00;3 - Acidente com Danos Materiais;504,8;BR-116/SP;Sul;Choque - Defensa, barreira ou submarino;
07/06/2021;segunda-feira;09:36:00;3 - Acidente com Danos Materiais;541;BR-116/SP;Sul;Choque - Defensa, barreira ou submarino;
07/06/2021;segunda-feira;10:14:00;3 - Acidente com Danos Materiais;499;BR-116/SP;Sul;Choque - Talude;
07/06/2021;segunda-feira;10:43:00;3 - Acidente com Danos Materiais;565;BR-116/SP;Sul;Choque - Defensa, barreira ou submarino;
07/06/2021;segunda-feira;10:51:00;3 - Acidente com Danos Materiais;561,5;BR-116/SP;Sul;Choque - Talude;
07/06/2021;segunda-feira;11:32:00;3 - Acidente com Danos Materiais;504;BR-116/SP;Norte;Choque - Defensa, barreira ou submarino;
07/06/2021;segunda-feira;12:02:00;3 - Acidente com Danos Materiais;541;BR-116/SP;Sul;Saida de Pista;
07/06/2021;segunda-feira;13:12:00;2 - Acidente com VITIMA;331,3;BR-116/SP;Norte;Capotamento;
07/06/2021;segunda-feira;15:54:00;3 - Acidente com Danos Materiais;514,45;BR-116/SP;Norte;Saida de Pista;
07/06/2021;segunda-feira;16:04:00;3 - Acidente com Danos Materiais;541,2;BR-116/SP;Sul;Choque - Defensa, barreira ou submarino;
07/06/2021;segunda-feira;16:09:00;3 - Acidente com Danos Materiais;44,1;BR-116/PR;Sul;Choque - Defensa, barreira ou submarino;
07/06/2021;segunda-feira;16:45:00;3 - Acidente com Danos Materiais;548,5;BR-116/SP;Sul;Choque - Defensa, barreira ou submarino;
07/06/2021;segunda-feira;17:06:00;3 - Acidente com Danos Materiais;567;BR-116/SP;Norte;Choque - Talude;
07/06/2021;segunda-feira;17:21:00;3 - Acidente com Danos Materiais;28,15;BR-116/PR;Norte;Colisão Traseira;
07/06/2021;segunda-feira;17:41:00;3 - Acidente com Danos Materiais;47;BR-116/PR;Norte;Choque - Talude;
07/06/2021;segunda-feira;18:31:00;3 - Acidente com Danos Materiais;45,6;BR-116/PR;Sul;Queda de Moto;
07/06/2021;segunda-feira;09:24:00;3 - Acidente com Danos Materiais;42,1;BR-116/PR;Sul;Choque - Defensa, barreira ou submarino;
07/06/2021;segunda-feira;12:29:00;3 - Acidente com Danos Materiais;47;BR-116/PR;Norte;Capotamento;
07/06/2021;segunda-feira;13:55:00;2 - Acidente com VITIMA;545,3;BR-116/SP;Sul;Choque - Defensa, barreira ou submarino;
07/06/2021;segunda-feira;14:04:00;3 - Acidente com Danos Materiais;541;BR-116/SP;Sul;Choque - Defensa, barreira ou submarino;
07/06/2021;segunda-feira;14:45:00;3 - Acidente com Danos Materiais;509,5;BR-116/SP;Norte;Choque - Defensa, barreira ou submarino;
07/06/2021;segunda-feira;18:18:00;3 - Acidente com Danos Materiais;546;BR-116/SP;Sul;Choque - Talude;
07/06/2021;segunda-feira;19:26:00;3 - Acidente com Danos Materiais;44,5;BR-116/PR;Sul;Choque - Arvore;
07/06/2021;segunda-feira;08:40:00;3 - Acidente com Danos Materiais;67;BR-116/PR;Norte;Capotamento;
07/06/2021;segunda-feira;09:56:00;3 - Acidente com Danos Materiais;541;BR-116/SP;Sul;Choque - Defensa, barreira ou submarino;
07/06/2021;segunda-feira;10:49:00;3 - Acidente com Danos Materiais;541;BR-116/SP;Sul;Choque - Defensa, barreira ou submarino;
07/06/2021;segunda-feira;12:36:00;3 - Acidente com Danos Materiais;503;BR-116/SP;Sul;Saida de Pista;
07/06/2021;segunda-feira;13:29:00;3 - Acidente com Danos Materiais;551;BR-116/SP;Norte;Choque - Defensa, barreira ou submarino;
07/06/2021;segunda-feira;14:15:00;3 - Acidente com Danos Materiais;498;BR-116/SP;Sul;Choque - Defensa, barreira ou submarino;
07/06/2021;segunda-feira;13:57:00;3 - Acidente com Danos Materiais;47;BR-116/PR;Norte;Choque - Talude;
07/06/2021;segunda-feira;10:03:00;3 - Acidente com Danos Materiais;47,1;BR-116/PR;Norte;Saida de Pista;
07/06/2021;segunda-feira;07:31:00;3 - Acidente com Danos Materiais;549;BR-116/SP;Norte;Choque - Talude;
07/06/2021;segunda-feira;11:04:00;3 - Acidente com Danos Materiais;47;BR-116/PR;Norte;Choque - Talude;
07/06/2021;segunda-feira;11:42:00;3 - Acidente com Danos Materiais;44,5;BR-116/PR;Sul;Saida de Pista;
07/06/2021;segunda-feira;14:34:00;3 - Acidente com Danos Materiais;47;BR-116/PR;Norte;Saida de Pista;
07/06/2021;segunda-feira;16:42:00;3 - Acidente com Danos Materiais;50,8;BR-116/PR;Norte;Choque - Defensa, barreira ou submarino;
07/06/2021;segunda-feira;08:34:00;3 - Acidente com Danos Materiais;0,5;BR-116/PR;Sul;Choque - Defensa, barreira ou submarino;
07/06/2021;segunda-feira;09:06:00;3 - Acidente com Danos Materiais;28;BR-116/PR;Norte;Colisão Lateral;
08/06/2021;terça-feira;02:10:00;3 - Acidente com Danos Materiais;538,1;BR-116/SP;Sul;Choque - Defensa, barreira ou submarino;
08/06/2021;terça-feira;16:34:00;3 - Acidente com Danos Materiais;486,1;BR-116/SP;Norte;Tombamento;
08/06/2021;terça-feira;18:17:00;2 - Acidente com VITIMA;362,764;BR-116/SP;Sul;Colisão Traseira;
08/06/2021;terça-feira;07:12:00;3 - Acidente com Danos Materiais;541,3;BR-116/SP;Norte;Choque - Defensa, barreira ou submarino;
08/06/2021;terça-feira;21:16:00;2 - Acidente com VITIMA;321,537;BR-116/SP;Sul;Colisão Traseira;
08/06/2021;terça-feira;18:19:00;3 - Acidente com Danos Materiais;377,01;BR-116/SP;Sul;Queda de Moto;
08/06/2021;terça-feira;09:40:00;3 - Acidente com Danos Materiais;67,1;BR-116/PR;Sul;Colisão Lateral;
08/06/2021;terça-feira;05:12:00;3 - Acidente com Danos Materiais;523,1;BR-116/SP;Sul;Choque - Defensa, barreira ou submarino;
08/06/2021;terça-feira;12:10:00;2 - Acidente com VITIMA;563,3;BR-116/SP;Sul;Capotamento;
08/06/2021;terça-feira;16:44:00;3 - Acidente com Danos Materiais;340,8;BR-116/SP;Norte;Saida de Pista;
08/06/2021;terça-feira;03:47:00;3 - Acidente com Danos Materiais;399,396;BR-116/SP;Norte;Choque - Suporte de Sinalização;
08/06/2021;terça-feira;15:02:00;2 - Acidente com VITIMA;272,7;BR-116/SP;Sul;Queda de Moto;
08/06/2021;terça-feira;07:05:00;2 - Acidente com VITIMA;483,2;BR-116/SP;Norte;Colisão Traseira;
08/06/2021;terça-feira;08:42:00;2 - Acidente com VITIMA;317;BR-116/SP;Norte;Capotamento;
08/06/2021;terça-feira;08:21:00;2 - Acidente com VITIMA;317;BR-116/SP;Norte;Saida de Pista;
08/06/2021;terça-feira;08:33:00;2 - Acidente com VITIMA;541,3;BR-116/SP;Sul;Choque - Defensa, barreira ou submarino;
08/06/2021;terça-feira;08:34:00;2 - Acidente com VITIMA;545,7;BR-116/SP;Norte;Choque - Defensa, barreira ou submarino;
08/06/2021;terça-feira;10:48:00;2 - Acidente com VITIMA;515,2;BR-116/SP;Norte;Choque - Defensa, barreira ou submarino;
08/06/2021;terça-feira;12:10:00;3 - Acidente com Danos Materiais;549,3;BR-116/SP;Norte;Colisão Lateral;
08/06/2021;terça-feira;13:25:00;3 - Acidente com Danos Materiais;511,4;BR-116/SP;Norte;Choque - Defensa, barreira ou submarino;
08/06/2021;terça-feira;13:37:00;3 - Acidente com Danos Materiais;548,8;BR-116/SP;Sul;Choque - Defensa, barreira ou submarino;
08/06/2021;terça-feira;14:17:00;3 - Acidente com Danos Materiais;23,5;BR-116/PR;Norte;Queda de Moto;
08/06/2021;terça-feira;14:34:00;3 - Acidente com Danos Materiais;46,8;BR-116/PR;Norte;Saida de Pista;
08/06/2021;terça-feira;08:55:00;2 - Acidente com VITIMA;323;BR-116/SP;Norte;Choque - Talude;
08/06/2021;terça-feira;10:14:00;3 - Acidente com Danos Materiais;545,8;BR-116/SP;Sul;Choque - Defensa, barreira ou submarino;
08/06/2021;terça-feira;12:16:00;3 - Acidente com Danos Materiais;565,1;BR-116/SP;Sul;Choque - Defensa, barreira ou submarino;
08/06/2021;terça-feira;14:33:00;3 - Acidente com Danos Materiais;326,5;BR-116/SP;Norte;Choque - Talude;
08/06/2021;terça-feira;08:37:00;2 - Acidente com VITIMA;65,3;BR-116/PR;Sul;Saida de Pista;
08/06/2021;terça-feira;08:52:00;3 - Acidente com Danos Materiais;64,3;BR-116/PR;Sul;Choque - Defensa, barreira ou submarino;
08/06/2021;terça-feira;11:43:00;3 - Acidente com Danos Materiais;561,5;BR-116/SP;Sul;Choque - Defensa, barreira ou submarino;
08/06/2021;terça-feira;11:49:00;3 - Acidente com Danos Materiais;39,5;BR-116/PR;Sul;Saida de Pista;
08/06/2021;terça-feira;05:06:00;3 - Acidente com Danos Materiais;399,719;BR-116/SP;Norte;Choque - Outros;
08/06/2021;terça-feira;07:11:00;3 - Acidente com Danos Materiais;57,6;BR-116/PR;Norte;Choque - Defensa, barreira ou submarino;
08/06/2021;terça-feira;11:03:00;3 - Acidente com Danos Materiais;26,4;BR-116/PR;Norte;Choque - Defensa, barreira ou submarino;
08/06/2021;terça-feira;09:54:00;3 - Acidente com Danos Materiais;541,3;BR-116/SP;Sul;Choque - Defensa, barreira ou submarino;
09/06/2021;quarta-feira;12:13:00;3 - Acidente com Danos Materiais;488,01;BR-116/SP;Sul;Colisão Traseira;
09/06/2021;quarta-feira;17:36:00;3 - Acidente com Danos Materiais;10,3;BR-116/CW;Sul;Colisão Traseira;
09/06/2021;quarta-feira;17:48:00;3 - Acidente com Danos Materiais;388,1;BR-116/SP;Norte;Colisão Traseira;
09/06/2021;quarta-feira;01:39:00;2 - Acidente com VITIMA;269,5;BR-116/SP;Norte;Choque - Outros;
09/06/2021;quarta-feira;22:49:00;3 - Acidente com Danos Materiais;566,9;BR-116/SP;Sul;Choque - Defensa, barreira ou submarino;
09/06/2021;quarta-feira;15:26:00;3 - Acidente com Danos Materiais;414,659;BR-116/SP;Sul;Colisão Frontal;
10/06/2021;quinta-feira;19:57:00;3 - Acidente com Danos Materiais;499;BR-116/SP;Sul;Choque - Talude;
10/06/2021;quinta-feira;18:06:00;3 - Acidente com Danos Materiais;402,3;BR-116/SP;Norte;Tombamento;
10/06/2021;quinta-feira;01:10:00;3 - Acidente com Danos Materiais;281,9;BR-116/SP;Norte;Choque - Defensa, barreira ou submarino;
10/06/2021;quinta-feira;13:40:00;3 - Acidente com Danos Materiais;293;BR-116/SP;Norte;Colisão Lateral;
10/06/2021;quinta-feira;22:00:00;3 - Acidente com Danos Materiais;348,01;BR-116/SP;Sul;Colisão Traseira;
10/06/2021;quinta-feira;17:20:00;2 - Acidente com VITIMA;340,499;BR-116/SP;Norte;Capotamento;
10/06/2021;quinta-feira;11:27:00;3 - Acidente com Danos Materiais;1,5;BR-116/PR;Norte;Saida de Pista;
10/06/2021;quinta-feira;18:20:00;2 - Acidente com VITIMA;269,8;BR-116/SP;Sul;Queda de Moto;