data;dia_semana;horario;tipo_de_ocorrencia;km;trecho;sentido;tipo_de_acidente;mortos
10/06/2021;quinta-feira;10:02:00;2 - Acidente com VITIMA;503,4;BR-116/SP;Sul;Choque - Talude;
10/06/2021;quinta-feira;19:48:00;1 - Acidente com Vitima Fatal;311,9;BR-116/SP;Norte;Atropelamento - Andarilho;1
10/06/2021;quinta-feira;15:53:00;3 - Acidente com Danos Materiais;46,9;BR-116/PR;Norte;Choque - Elemento de Drenagem;
10/06/2021;quinta-feira;20:00:00;3 - Acidente com Danos Materiais;26,4;BR-116/PR;Norte;Choque - Defensa, barreira ou submarino;
10/06/2021;quinta-feira;07:36:00;3 - Acidente com Danos Materiais;276,5;BR-116/SP;Sul;Capotamento;
10/06/2021;quinta-feira;09:12:00;3 - Acidente com Danos Materiais;546,1;BR-116/SP;Sul;Choque - Defensa, barreira ou submarino;
10/06/2021;quinta-feira;09:33:00;3 - Acidente com Danos Materiais;541,5;BR-116/SP;Sul;Choque - Defensa, barreira ou submarino;
10/06/2021;quinta-feira;17:39:00;3 - Acidente com Danos Materiais;318,5;BR-116/SP;Norte;Choque - Defensa, barreira ou submarino;
10/06/2021;quinta-feira;02:44:00;3 - Acidente com Danos Materiais;514,7;BR-116/SP;Norte;Choque - Defensa, barreira ou submarino;
11/06/2021;sexta-feira;21:22:00;3 - Acidente com Danos Materiais;556,4;BR-116/SP;Norte;Tombamento;
11/06/2021;sexta-feira;21:39:00;3 - Acidente com Danos Materiais;334,487;BR-116/SP;Sul;Choque - Outros;
11/06/2021;sexta-feira;15:34:00;2 - Acidente com VITIMA;550,4;BR-116/SP;Norte;Tombamento;
11/06/2021;sexta-feira;17:12:00;2 - Acidente com VITIMA;273,12;BR-116/SP;Sul;Colisão Traseira;
11/06/2021;sexta-feira;13:57:00;3 - Acidente com Danos Materiais;326,153;BR-116/SP;Sul;Capotamento;
11/06/2021;sexta-feira;11:51:00;3 - Acidente com Danos Materiais;347,5;BR-116/SP;Norte;Choque - Defensa, barreira ou submarino;
11/06/2021;sexta-feira;02:58:00;3 - Acidente com Danos Materiais;547,9;BR-116/SP;Sul;Choque - Defensa, barreira ou submarino;
11/06/2021;sexta-feira;06:34:00;3 - Acidente com Danos Materiais;552,3;BR-116/SP;Sul;Colisão Traseira;
11/06/2021;sexta-feira;19:40:00;2 - Acidente com VITIMA;48;BR-116/PR;Norte;Colisão Lateral;
12/06/2021;sábado;01:00:00;3 - Acidente com Danos Materiais;458,8;BR-116/SP;Norte;Atropelamento de Animal;
12/06/2021;sábado;19:20:00;2 - Acidente com VITIMA;17,2;BR-116/CW;Norte;Colisão Lateral;
12/06/2021;sábado;14:04:00;3 - Acidente com Danos Materiais;275,8;BR-116/SP;Sul;Colisão Traseira;
12/06/2021;sábado;15:55:00;2 - Acidente com VITIMA;511,05;BR-116/SP;Sul;Queda de Moto;
12/06/2021;sábado;16:45:00;3 - Acidente com Danos Materiais;388,1;BR-116/SP;Norte;Capotamento;
13/06/2021;domingo;17:05:00;3 - Acidente com Danos Materiais;289,925;BR-116/SP;Sul;Saida de Pista;
13/06/2021;domingo;13:04:00;3 - Acidente com Danos Materiais;26,3;BR-116/PR;Sul;Atropelamento de Animal;
13/06/2021;domingo;18:24:00;3 - Acidente com Danos Materiais;297,3;BR-116/SP;Norte;Engavetamento;
13/06/2021;domingo;00:12:00;2 - Acidente com VITIMA;281,7;BR-116/SP;Norte;Colisão Lateral;
13/06/2021;domingo;06:50:00;3 - Acidente com Danos Materiais;453,2;BR-116/SP;Norte;Colisão Lateral;
13/06/2021;domingo;20:49:00;3 - Acidente com Danos Materiais;301;BR-116/SP;Norte;Colisão Lateral;
13/06/2021;domingo;12:42:00;2 - Acidente com VITIMA;269,1;BR-116/SP;Norte;Colisão Traseira;
13/06/2021;domingo;19:42:00;3 - Acidente com Danos Materiais;286,3;BR-116/SP;Norte;Colisão Traseira;
13/06/2021;domingo;08:54:00;2 - Acidente com VITIMA;46,9;BR-116/PR;Norte;Colisão Traseira;
13/06/2021;domingo;02:47:00;3 - Acidente com Danos Materiais;517,9;BR-116/SP;Sul;Saida de Pista;
13/06/2021;domingo;15:13:00;2 - Acidente com VITIMA;550,2;BR-116/SP;Norte;Tombamento;
13/06/2021;domingo;18:02:00;2 - Acidente com VITIMA;321,9;BR-116/SP;Norte;Colisão Traseira;
14/06/2021;segunda-feira;08:16:00;2 - Acidente com VITIMA;10,1;BR-116/PR;Sul;Choque - Defensa, barreira ou submarino;
14/06/2021;segunda-feira;06:40:00;2 - Acidente com VITIMA;499,7;BR-116/SP;Sul;Tombamento;
14/06/2021;segunda-feira;15:15:00;3 - Acidente com Danos Materiais;269,618;BR-116/SP;Norte;Colisão Traseira;
14/06/2021;segunda-feira;16:18:00;3 - Acidente com Danos Materiais;270,01;BR-116/SP;Norte;Colisão Lateral;
14/06/2021;segunda-feira;19:55:00;3 - Acidente com Danos Materiais;30,4;BR-116/PR;Sul;Choque - Elemento de Drenagem;
14/06/2021;segunda-feira;20:33:00;3 - Acidente com Danos Materiais;286,8;BR-116/SP;Sul;Colisão Lateral;
14/06/2021;segunda-feira;14:19:00;3 - Acidente com Danos Materiais;528;BR-116/SP;Sul;Saida de Pista;
14/06/2021;segunda-feira;17:24:00;2 - Acidente com VITIMA;0,6;BR-116/PR;Norte;Choque - Outros;
14/06/2021;segunda-feira;09:05:00;3 - Acidente com Danos Materiais;294,5;BR-116/SP;Norte;Colisão Lateral;
15/06/2021;terça-feira;19:27:00;2 - Acidente com VITIMA;472,14;BR-116/SP;Norte;Tombamento;
15/06/2021;terça-feira;23:18:00;2 - Acidente com VITIMA;10,4;BR-116/CW;Sul;Colisão Traseira;
15/06/2021;terça-feira;20:18:00;3 - Acidente com Danos Materiais;451,8;BR-116/SP;Sul;Atropelamento de Animal;
15/06/2021;terça-feira;23:58:00;3 - Acidente com Danos Materiais;399,405;BR-116/SP;Norte;Tombamento;
15/06/2021;terça-feira;00:36:00;2 - Acidente com VITIMA;496,456;BR-116/SP;Norte;Choque - Defensa, barreira ou submarino;
15/06/2021;terça-feira;11:26:00;3 - Acidente com Danos Materiais;399,3;BR-116/SP;Norte;Tombamento;
16/06/2021;quarta-feira;23:08:00;3 - Acidente com Danos Materiais;320,3;BR-116/SP;Norte;Saida de Pista;
16/06/2021;quarta-feira;02:12:00;2 - Acidente com VITIMA;414,075;BR-116/SP;Norte;Colisão Traseira;
16/06/2021;quarta-feira;16:30:00;3 - Acidente com Danos Materiais;485,7;BR-116/SP;Norte;Colisão Traseira;
16/06/2021;quarta-feira;06:49:00;3 - Acidente com Danos Materiais;519,2;BR-116/SP;Sul;Tombamento;
16/06/2021;quarta-feira;14:30:00;3 - Acidente com Danos Materiais;14,1;BR-116/PR;Norte;Choque - Talude;
16/06/2021;quarta-feira;14:08:00;3 - Acidente com Danos Materiais;14,1;BR-116/PR;Norte;Saida de Pista;
16/06/2021;quarta-feira;23:32:00;3 - Acidente com Danos Materiais;541,6;BR-116/SP;Sul;Choque - Defensa, barreira ou submarino;
16/06/2021;quarta-feira;08:53:00;3 - Acidente com Danos Materiais;28;BR-116/PR;Norte;Choque - Defensa, barreira ou submarino;
16/06/2021;quarta-feira;10:51:00;3 - Acidente com Danos Materiais;15,8;BR-116/PR;Norte;Choque - Defensa, barreira ou submarino;
16/06/2021;quarta-feira;11:50:00;3 - Acidente com Danos Materiais;14;BR-116/PR;Norte;Choque - Elemento de Drenagem;
16/06/2021;quarta-feira;13:24:00;3 - Acidente com Danos Materiais;546;BR-116/SP;Sul;Saida de Pista;
16/06/2021;quarta-feira;20:06:00;3 - Acidente com Danos Materiais;28;BR-116/PR;Norte;Choque - Defensa, barreira ou submarino;
16/06/2021;quarta-feira;08:55:00;3 - Acidente com Danos Materiais;5;BR-116/PR;Norte;Choque - Defensa, barreira ou submarino;
16/06/2021;quarta-feira;11:44:00;3 - Acidente com Danos Materiais;38;BR-116/PR;Norte;Choque - Talude;
16/06/2021;quarta-feira;12:09:00;3 - Acidente com Danos Materiais;5;BR-116/PR;Norte;Choque - Defensa, barreira ou submarino;
16/06/2021;quarta-feira;12:15:00;3 - Acidente com Danos Materiais;548;BR-116/SP;Sul;Choque - Talude;
16/06/2021;quarta-feira;13:39:00;2 - Acidente com VITIMA;513,5;BR-116/SP;Norte;Choque - Defensa, barreira ou submarino;
16/06/2021;quarta-feira;14:28:00;3 - Acidente com Danos Materiais;541,6;BR-116/SP;Sul;Choque - Defensa, barreira ou submarino;
16/06/2021;quarta-feira;14:30:00;2 - Acidente com VITIMA;541,6;BR-116/SP;Sul;Choque - Defensa, barreira ou submarino;
16/06/2021;quarta-feira;11:05:00;3 - Acidente com Danos Materiais;28;BR-116/PR;Norte;Choque - Defensa, barreira ou submarino;
16/06/2021;quarta-feira;14:15:00;2 - Acidente com VITIMA;475,1;BR-116/SP;Norte;Queda de Moto;
16/06/2021;quarta-feira;00:53:00;3 - Acidente com Danos Materiais;47,3;BR-116/PR;Norte;Saida de Pista;
16/06/2021;quarta-feira;15:42:00;3 - Acidente com Danos Materiais;30,6;BR-116/PR;Sul;Colisão Lateral;
17/06/2021;quinta-feira;18:25:00;3 - Acidente com Danos Materiais;312,322;BR-116/SP;Sul;Capotamento;
17/06/2021;quinta-feira;06:38:00;3 - Acidente com Danos Materiais;514,3;BR-116/SP;Sul;Saida de Pista;
17/06/2021;quinta-feira;22:27:00;3 - Acidente com Danos Materiais;399,5;BR-116/SP;Norte;Colisão Lateral;
17/06/2021;quinta-feira;15:55:00;3 - Acidente com Danos Materiais;281,812;BR-116/SP;Norte;Colisão Lateral;
17/06/2021;quinta-feira;18:51:00;2 - Acidente com VITIMA;270,117;BR-116/SP;Sul;Colisão Traseira;
17/06/2021;quinta-feira;17:03:00;3 - Acidente com Danos Materiais;51,4;BR-116/PR;Norte;Colisão Lateral;
17/06/2021;quinta-feira;19:18:00;2 - Acidente com VITIMA;279,528;BR-116/SP;Sul;Colisão Lateral;
17/06/2021;quinta-feira;07:57:00;2 - Acidente com VITIMA;286,1;BR-116/SP;Norte;Colisão Lateral;
17/06/2021;quinta-feira;09:10:00;3 - Acidente com Danos Materiais;14,2;BR-116/PR;Norte;Choque - Talude;
17/06/2021;quinta-feira;15:01:00;3 - Acidente com Danos Materiais;565,3;BR-116/SP;Sul;Choque - Defensa, barreira ou submarino;
17/06/2021;quinta-feira;15:46:00;3 - Acidente com Danos Materiais;555,3;BR-116/SP;Sul;Tombamento;
18/06/2021;sexta-feira;02:15:00;3 - Acidente com Danos Materiais;539;BR-116/SP;Norte;Choque - Veiculo parado no acostamento;
18/06/2021;sexta-feira;18:15:00;3 - Acidente com Danos Materiais;275,8;BR-116/SP;Sul;Colisão Traseira;
18/06/2021;sexta-feira;07:55:00;3 - Acidente com Danos Materiais;361,5;BR-116/SP;Norte;Tombamento;
18/06/2021;sexta-feira;07:24:00;3 - Acidente com Danos Materiais;402;BR-116/SP;Sul;Saida de Pista;
18/06/2021;sexta-feira;15:54:00;2 - Acidente com VITIMA;297,01;BR-116/SP;Sul;Queda de Moto;
18/06/2021;sexta-feira;19:13:00;2 - Acidente com VITIMA;286,1;BR-116/SP;Sul;Colisão Lateral;
18/06/2021;sexta-feira;22:11:00;3 - Acidente com Danos Materiais;273,01;BR-116/SP;Norte;Choque - Defensa, barreira ou submarino;
18/06/2021;sexta-feira;16:00:00;2 - Acidente com VITIMA;60,95;BR-116/PR;Sul;Colisão Lateral;
18/06/2021;sexta-feira;23:36:00;2 - Acidente com VITIMA;277;BR-116/SP;Sul;Engavetamento;
18/06/2021;sexta-feira;08:25:00;3 - Acidente com Danos Materiais;564,15;BR-116/SP;Sul;Choque - Defensa, barreira ou submarino;
18/06/2021;sexta-feira;22:40:00;3 - Acidente com Danos Materiais;543,7;BR-116/SP;Sul;Choque - Defensa, barreira ou submarino;
18/06/2021;sexta-feira;09:28:00;3 - Acidente com Danos Materiais;565,32;BR-116/SP;Sul;Saida de Pista;
18/06/2021;sexta-feira;04:39:00;3 - Acidente com Danos Materiais;418,2;BR-116/SP;Sul;Saida de Pista;
18/06/2021;sexta-feira;17:03:00;3 - Acidente com Danos Materiais;336,01;BR-116/SP;Sul;Saida de Pista;
18/06/2021;sexta-feira;11:33:00;3 - Acidente com Danos Materiais;514,3;BR-116/SP;Norte;Choque - Defensa, barreira ou submarino;
18/06/2021;sexta-feira;18:59:00;3 - Acidente com Danos Materiais;42,1;BR-116/PR;Sul;Capotamento;
18/06/2021;sexta-feira;13:11:00;2 - Acidente com VITIMA;461,2;BR-116/SP;Norte;Choque - Talude;
18/06/2021;sexta-feira;14:29:00;3 - Acidente com Danos Materiais;20,5;BR-116/PR;Sul;Saida de Pista;
18/06/2021;sexta-feira;17:56:00;3 - Acidente com Danos Materiais;5,7;BR-116/PR;Norte;Choque - Defensa, barreira ou submarino;
18/06/2021;sexta-feira;18:35:00;3 - Acidente com Danos Materiais;508,9;BR-116/SP;Sul;Saida de Pista;
18/06/2021;sexta-feira;19:28:00;3 - Acidente com Danos Materiais;37,9;BR-116/PR;Sul;Choque - Elemento de Drenagem;
18/06/2021;sexta-feira;20:26:00;3 - Acidente com Danos Materiais;565;BR-116/SP;Sul;Choque - Elemento de Drenagem;
18/06/2021;sexta-feira;21:08:00;3 - Acidente com Danos Materiais;51;BR-116/PR;Norte;Choque - Talude;
18/06/2021;sexta-feira;22:09:00;3 - Acidente com Danos Materiais;46,95;BR-116/PR;Norte;Saida de Pista;
18/06/2021;sexta-feira;22:10:00;3 - Acidente com Danos Materiais;513;BR-116/SP;Norte;Choque - Defensa, barreira ou submarino;
18/06/2021;sexta-feira;07:58:00;3 - Acidente com Danos Materiais;549,5;BR-116/SP;Norte;Choque - Talude;
18/06/2021;sexta-feira;19:38:00;3 - Acidente com Danos Materiais;28,1;BR-116/PR;Norte;Choque - Defensa, barreira ou submarino;
18/06/2021;sexta-feira;21:41:00;3 - Acidente com Danos Materiais;46,9;BR-116/PR;Norte;Choque - Talude;
18/06/2021;sexta-feira;20:40:00;3 - Acidente com Danos Materiais;554,8;BR-116/SP;Sul;Saida de Pista;
18/06/2021;sexta-feira;05:40:00;3 - Acidente com Danos Materiais;399,5;BR-116/SP;Norte;Tombamento;
18/06/2021;sexta-feira;11:19:00;3 - Acidente com Danos Materiais;428,7;BR-116/SP;Norte;Choque - Talude;
18/06/2021;sexta-feira;09:24:00;3 - Acidente com Danos Materiais;565,3;BR-116/SP;Sul;Colisão Traseira;
19/06/2021;sábado;16:09:00;3 - Acidente com Danos Materiais;280,01;BR-116/SP;Norte;Colisão Traseira;
19/06/2021;sábado;21:16:00;3 - Acidente com Danos Materiais;268,9;BR-116/SP;Norte;Engavetamento;
19/06/2021;sábado;23:34:00;3 - Acidente com Danos Materiais;398,7;BR-116/SP;Norte;Saida de Pista;
19/06/2021;sábado;00:54:00;3 - Acidente com Danos Materiais;512;BR-116/SP;Norte;Choque - Defensa, barreira ou submarino;
19/06/2021;sábado;14:25:00;3 - Acidente com Danos Materiais;339,5;BR-116/SP;Norte;Saida de Pista;
19/06/2021;sábado;15:10:00;2 - Acidente com VITIMA;23,9;BR-116/PR;Norte;Colisão Lateral;
19/06/2021;sábado;10:30:00;3 - Acidente com Danos Materiais;280,5;BR-116/SP;Sul;Colisão Lateral;
19/06/2021;sábado;22:32:00;3 - Acidente com Danos Materiais;399;BR-116/SP;Norte;Saida de Pista;
19/06/2021;sábado;17:44:00;3 - Acidente com Danos Materiais;485;BR-116/SP;Norte;Choque - Defensa, barreira ou submarino;
19/06/2021;sábado;07:39:00;3 - Acidente com Danos Materiais;347,5;BR-116/SP;Norte;Choque - Defensa, barreira ou submarino;
19/06/2021;sábado;17:14:00;3 - Acidente com Danos Materiais;14,5;BR-116/PR;Norte;Capotamento;
19/06/2021;sábado;10:52:00;3 - Acidente com Danos Materiais;564;BR-116/SP;Sul;Saida de Pista;
19/06/2021;sábado;12:04:00;3 - Acidente com Danos Materiais;347,5;BR-116/SP;Norte;Choque - Defensa, barreira ou submarino;
19/06/2021;sábado;13:21:00;3 - Acidente com Danos Materiais;499,75;BR-116/SP;Sul;Choque - Defensa, barreira ou submarino;
19/06/2021;sábado;13:24:00;3 - Acidente com Danos Materiais;359,5;BR-116/SP;Norte;Choque - Defensa, barreira ou submarino;
19/06/2021;sábado;14:31:00;3 - Acidente com Danos Materiais;541,7;BR-116/SP;Sul;Choque - Defensa, barreira ou submarino;
19/06/2021;sábado;15:22:00;3 - Acidente com Danos Materiais;514;BR-116/SP;Norte;Capotamento;
19/06/2021;sábado;15:53:00;3 - Acidente com Danos Materiais;44,7;BR-116/PR;Sul;Choque - Talude;
19/06/2021;sábado;16:08:00;3 - Acidente com Danos Materiais;14;BR-116/PR;Norte;Saida de Pista;
19/06/2021;sábado;17:23:00;3 - Acidente com Danos Materiais;550;BR-116/SP;Norte;Choque - Talude;
19/06/2021;sábado;19:32:00;3 - Acidente com Danos Materiais;59;BR-116/PR;Sul;Choque - Defensa, barreira ou submarino;
19/06/2021;sábado;01:33:00;3 - Acidente com Danos Materiais;567;BR-116/SP;Sul;Choque - Defensa, barreira ou submarino;
19/06/2021;sábado;06:51:00;3 - Acidente com Danos Materiais;566,9;BR-116/SP;Sul;Choque - Elemento de Drenagem;
19/06/2021;sábado;07:34:00;3 - Acidente com Danos Materiais;15;BR-116/PR;Norte;Choque - Elemento de Drenagem;
19/06/2021;sábado;08:08:00;3 - Acidente com Danos Materiais;549,5;BR-116/SP;Norte;Choque - Defensa, barreira ou submarino;
19/06/2021;sábado;08:10:00;3 - Acidente com Danos Materiais;362,3;BR-116/SP;Sul;Choque - Defensa, barreira ou submarino;
19/06/2021;sábado;08:25:00;3 - Acidente com Danos Materiais;541;BR-116/SP;Sul;Choque - Defensa, barreira ou submarino;
19/06/2021;sábado;10:10:00;3 - Acidente com Danos Materiais;43,3;BR-116/PR;Sul;Choque - Talude;
19/06/2021;sábado;10:26:00;3 - Acidente com Danos Materiais;567;BR-116/SP;Norte;Choque - Talude;
19/06/2021;sábado;11:35:00;3 - Acidente com Danos Materiais;499,5;BR-116/SP;Sul;Choque - Talude;
19/06/2021;sábado;11:43:00;3 - Acidente com Danos Materiais;567,7;BR-116/SP;Norte;Choque - Talude;
19/06/2021;sábado;11:48:00;3 - Acidente com Danos Materiais;41,2;BR-116/PR;Norte;Colisão Traseira;
19/06/2021;sábado;11:56:00;3 - Acidente com Danos Materiais;47,1;BR-116/PR;Norte;Capotamento;
19/06/2021;sábado;12:01:00;3 - Acidente com Danos Materiais;38,15;BR-116/PR;Sul;Choque - Defensa, barreira ou submarino;
19/06/2021;sábado;12:11:00;3 - Acidente com Danos Materiais;46,9;BR-116/PR;Norte;Capotamento;
19/06/2021;sábado;12:39:00;3 - Acidente com Danos Materiais;546;BR-116/SP;Sul;Colisão Traseira;
19/06/2021;sábado;13:39:00;3 - Acidente com Danos Materiais;5,5;BR-116/PR;Norte;Choque - Defensa, barreira ou submarino;
19/06/2021;sábado;14:10:00;3 - Acidente com Danos Materiais;38,4;BR-116/PR;Sul;Choque - Defensa, barreira ou submarino;
19/06/2021;sábado;14:30:00;3 - Acidente com Danos Materiais;541,7;BR-116/SP;Sul;Choque - Defensa, barreira ou submarino;
19/06/2021;sábado;15:28:00;2 - Acidente com VITIMA;561,8;BR-116/SP;Sul;Capotamento;
19/06/2021;sábado;20:38:00;3 - Acidente com Danos Materiais;5,7;BR-116/PR;Norte;Choque - Defensa, barreira ou submarino;
19/06/2021;sábado;07:34:00;2 - Acidente com VITIMA;290,662;BR-116/SP;Norte;Capotamento;
19/06/2021;sábado;15:23:00;3 - Acidente com Danos Materiais;567,8;BR-116/SP;Norte;Saida de Pista;
19/06/2021;sábado;16:01:00;3 - Acidente com Danos Materiais;5,6;BR-116/PR;Norte;Choque - Defensa, barreira ou submarino;
19/06/2021;sábado;19:50:00;3 - Acidente com Danos Materiais;59;BR-116/PR;Sul;Colisão Traseira;
19/06/2021;sábado;20:23:00;3 - Acidente com Danos Materiais;567;BR-116/SP;Sul;Choque - Talude;
19/06/2021;sábado;07:07:00;3 - Acidente com Danos Materiais;65;BR-116/PR;Sul;Choque - Defensa, barreira ou submarino;
19/06/2021;sábado;17:17:00;2 - Acidente com VITIMA;567;BR-116/SP;Sul;Choque - Defensa, barreira ou submarino;
19/06/2021;sábado;14:20:00;3 - Acidente com Danos Materiais;47,1;BR-116/PR;Norte;Choque - Elemento de Drenagem;
19/06/2021;sábado;05:15:00;3 - Acidente com Danos Materiais;447,896;BR-116/SP;Sul;Choque - Elemento de Drenagem;
19/06/2021;sábado;08:03:00;3 - Acidente com Danos Materiais;46,9;BR-116/PR;Norte;Capotamento;
19/06/2021;sábado;21:14:00;3 - Acidente com Danos Materiais;63,1;BR-116/PR;Sul;Saida de Pista;
19/06/2021;sábado;07:24:00;3 - Acidente com Danos Materiais;22,6;BR-116/PR;Sul;Saida de Pista;
19/06/2021;sábado;00:11:00;3 - Acidente com Danos Materiais;13,9;BR-116/CW;Norte;Colisão Traseira;
20/06/2021;domingo;14:19:00;3 - Acidente com Danos Materiais;275,3;BR-116/SP;Norte;Colisão Lateral;
20/06/2021;domingo;20:27:00;3 - Acidente com Danos Materiais;566,6;BR-116/SP;Norte;Choque - Objeto sobre a pista;
20/06/2021;domingo;19:46:00;3 - Acidente com Danos Materiais;29,05;BR-116/PR;Sul;Colisão Lateral;
20/06/2021;domingo;20:20:00;3 - Acidente com Danos Materiais;272,9;BR-116/SP;Sul;Capotamento;
20/06/2021;domingo;06:57:00;3 - Acidente com Danos Materiais;541,6;BR-116/SP;Sul;Choque - Defensa, barreira ou submarino;
20/06/2021;domingo;14:01:00;3 - Acidente com Danos Materiais;5,9;BR-116/PR;Sul;Choque - Defensa, barreira ou submarino;
20/06/2021;domingo;11:23:00;3 - Acidente com Danos Materiais;561,4;BR-116/SP;Norte;Saida de Pista;
20/06/2021;domingo;06:42:00;3 - Acidente com Danos Materiais;14,9;BR-116/PR;Sul;Choque - Talude;
20/06/2021;domingo;16:01:00;2 - Acidente com VITIMA;488,015;BR-116/SP;Norte;Atropelamento - Morador;
20/06/2021;domingo;21:02:00;1 - Acidente com Vitima Fatal;474,07;BR-116/SP;Norte;Atropelamento - Ciclista;1
20/06/2021;domingo;15:39:00;3 - Acidente com Danos Materiais;561,5;BR-116/SP;Sul;Choque - Defensa, barreira ou submarino;
20/06/2021;domingo;14:35:00;3 - Acidente com Danos Materiais;6,9;BR-116/PR;Sul;Choque - Defensa, barreira ou submarino;
20/06/2021;domingo;15:54:00;3 - Acidente com Danos Materiais;564,2;BR-116/SP;Sul;Choque - Outros;
20/06/2021;domingo;03:01:00;3 - Acidente com Danos Materiais;5,6;BR-116/PR;Norte;Tombamento;
20/06/2021;domingo;08:35:00;3 - Acidente com Danos Materiais;57,25;BR-116/PR;Sul;Choque - Defensa, barreira ou submarino;
20/06/2021;domingo;19:12:00;3 - Acidente com Danos Materiais;439,2;BR-116/SP;Norte;Choque - Defensa, barreira ou submarino;
20/06/2021;domingo;06:43:00;3 - Acidente com Danos Materiais;399,5;BR-116/SP;Norte;Tombamento;
20/06/2021;domingo;00:54:00;3 - Acidente com Danos Materiais;323,4;BR-116/SP;Sul;Capotamento;
20/06/2021;domingo;00:19:00;3 - Acidente com Danos Materiais;271,6;BR-116/SP;Norte;Colisão Traseira;
20/06/2021;domingo;06:04:00;3 - Acidente com Danos Materiais;488,2;BR-116/SP;Sul;Saida de Pista;
20/06/2021;domingo;19:18:00;2 - Acidente com VITIMA;277;BR-116/SP;Norte;Queda de Moto;
20/06/2021;domingo;03:12:00;3 - Acidente com Danos Materiais;64,4;BR-116/PR;Norte;Choque - Defensa, barreira ou submarino;
20/06/2021;domingo;05:04:00;3 - Acidente com Danos Materiais;44,1;BR-116/PR;Sul;Choque - Defensa, barreira ou submarino;
20/06/2021;domingo;16:17:00;3 - Acidente com Danos Materiais;488,4;BR-116/SP;Norte;Colisão Lateral;
20/06/2021;domingo;14:58:00;3 - Acidente com Danos Materiais;543,1;BR-116/SP;Sul;Choque - Veiculo parado na pista;
21/06/2021;segunda-feira;08:52:00;3 - Acidente com Danos Materiais;337,2;BR-116/SP;Sul;Capotamento;
21/06/2021;segunda-feira;22:03:00;3 - Acidente com Danos Materiais;481,4;BR-116/SP;Norte;Saida de Pista;
21/06/2021;segunda-feira;11:18:00;3 - Acidente com Danos Materiais;7,8;BR-116/CW;Sul;Choque - Defensa, barreira ou submarino;
21/06/2021;segunda-feira;20:40:00;2 - Acidente com VITIMA;276,1;BR-116/SP;Norte;Atropelamento de Animal;
21/06/2021;segunda-feira;17:23:00;2 - Acidente com VITIMA;279,558;BR-116/SP;Sul;Colisão Traseira;
21/06/2021;segunda-feira;16:35:00;3 - Acidente com Danos Materiais;549,8;BR-116/SP;Norte;Choque - Defensa, barreira ou submarino;
21/06/2021;segunda-feira;19:27:00;3 - Acidente com Danos Materiais;273,3;BR-116/SP;Norte;Choque - Outros;
21/06/2021;segunda-feira;07:15:00;3 - Acidente com Danos Materiais;541,7;BR-116/SP;Sul;Choque - Defensa, barreira ou submarino;
21/06/2021;segunda-feira;08:32:00;3 - Acidente com Danos Materiais;28,2;BR-116/PR;Norte;Colisão Traseira;
21/06/2021;segunda-feira;16:06:00;3 - Acidente com Danos Materiais;28;BR-116/PR;Norte;Choque - Defensa, barreira ou submarino;
21/06/2021;segunda-feira;21:10:00;3 - Acidente com Danos Materiais;14,1;BR-116/PR;Norte;Choque - Talude;
21/06/2021;segunda-feira;06:58:00;2 - Acidente com VITIMA;362,6;BR-116/SP;Sul;Choque - Defensa, barreira ou submarino;
21/06/2021;segunda-feira;21:15:00;3 - Acidente com Danos Materiais;43,1;BR-116/PR;Sul;Choque - Defensa, barreira ou submarino;
21/06/2021;segunda-feira;21:24:00;3 - Acidente com Danos Materiais;14,1;BR-116/PR;Norte;Choque - Talude;
21/06/2021;segunda-feira;23:13:00;3 - Acidente com Danos Materiais;362,3;BR-116/SP;Sul;Colisão Lateral;
21/06/2021;segunda-feira;23:36:00;3 - Acidente com Danos Materiais;426;BR-116/SP;Norte;Tombamento;
21/06/2021;segunda-feira;04:33:00;3 - Acidente com Danos Materiais;549,3;BR-116/SP;Sul;Choque - Veiculo parado no acostamento;
21/06/2021;segunda-feira;16:31:00;3 - Acidente com Danos Materiais;47,8;BR-116/PR;Norte;Capotamento;
21/06/2021;segunda-feira;20:31:00;3 - Acidente com Danos Materiais;44,1;BR-116/PR;Sul;Choque - Defensa, barreira ou submarino;
21/06/2021;segunda-feira;16:48:00;2 - Acidente com VITIMA;43,8;BR-116/PR;Norte;Capotamento;
21/06/2021;segunda-feira;17:26:00;3 - Acidente com Danos Materiais;45,3;BR-116/PR;Sul;Choque - Defensa, barreira ou submarino;