data;dia_semana;horario;tipo_de_ocorrencia;km;trecho;sentido;tipo_de_acidente;mortos
21/06/2021;segunda-feira;20:40:00;3 - Acidente com Danos Materiais;485;BR-116/SP;Norte;Saida de Pista;
21/06/2021;segunda-feira;21:34:00;3 - Acidente com Danos Materiais;13,9;BR-116/CW;Sul;Choque - Defensa, barreira ou submarino;
21/06/2021;segunda-feira;22:54:00;3 - Acidente com Danos Materiais;536,1;BR-116/SP;Sul;Saida de Pista;
21/06/2021;segunda-feira;01:58:00;3 - Acidente com Danos Materiais;516,3;BR-116/SP;Sul;Tombamento;
22/06/2021;terça-feira;05:25:00;3 - Acidente com Danos Materiais;10,4;BR-116/PR;Sul;Saida de Pista;
22/06/2021;terça-feira;21:48:00;3 - Acidente com Danos Materiais;550,2;BR-116/SP;Norte;Choque - Defensa, barreira ou submarino;
22/06/2021;terça-feira;22:18:00;3 - Acidente com Danos Materiais;549,35;BR-116/SP;Norte;Choque - Defensa, barreira ou submarino;
22/06/2021;terça-feira;17:14:00;3 - Acidente com Danos Materiais;26,35;BR-116/PR;Norte;Colisão Traseira;
22/06/2021;terça-feira;17:44:00;2 - Acidente com VITIMA;281,1;BR-116/SP;Norte;Colisão Lateral;
22/06/2021;terça-feira;15:22:00;2 - Acidente com VITIMA;9,9;BR-116/CW;Norte;Engavetamento;
22/06/2021;terça-feira;13:05:00;2 - Acidente com VITIMA;527,3;BR-116/SP;Sul;Colisão Traseira;
22/06/2021;terça-feira;18:11:00;3 - Acidente com Danos Materiais;47,6;BR-116/PR;Sul;Colisão Lateral;
22/06/2021;terça-feira;07:27:00;3 - Acidente com Danos Materiais;567,5;BR-116/SP;Norte;Choque - Defensa, barreira ou submarino;
22/06/2021;terça-feira;08:08:00;3 - Acidente com Danos Materiais;444,5;BR-116/SP;Norte;Colisão Traseira;
22/06/2021;terça-feira;01:47:00;3 - Acidente com Danos Materiais;331,4;BR-116/SP;Norte;Choque - Talude;
22/06/2021;terça-feira;14:49:00;3 - Acidente com Danos Materiais;347,5;BR-116/SP;Norte;Colisão Traseira;
22/06/2021;terça-feira;06:46:00;2 - Acidente com VITIMA;15,2;BR-116/CW;Norte;Capotamento;
22/06/2021;terça-feira;19:47:00;2 - Acidente com VITIMA;514,001;BR-116/SP;Norte;Colisão Traseira;
23/06/2021;quarta-feira;13:44:00;3 - Acidente com Danos Materiais;498,6;BR-116/SP;Sul;Tombamento;
23/06/2021;quarta-feira;10:32:00;3 - Acidente com Danos Materiais;347,5;BR-116/SP;Norte;Choque - Objeto sobre a pista;
23/06/2021;quarta-feira;17:32:00;3 - Acidente com Danos Materiais;15,4;BR-116/PR;Norte;Choque - Defensa, barreira ou submarino;
23/06/2021;quarta-feira;15:42:00;3 - Acidente com Danos Materiais;528,3;BR-116/SP;Norte;Choque - Defensa, barreira ou submarino;
23/06/2021;quarta-feira;15:43:00;3 - Acidente com Danos Materiais;7,01;BR-116/PR;Sul;Choque - Defensa, barreira ou submarino;
23/06/2021;quarta-feira;14:02:00;3 - Acidente com Danos Materiais;34,85;BR-116/PR;Norte;Colisão Traseira;
23/06/2021;quarta-feira;14:33:00;3 - Acidente com Danos Materiais;34,8;BR-116/PR;Norte;Colisão Traseira;
23/06/2021;quarta-feira;17:21:00;3 - Acidente com Danos Materiais;564,001;BR-116/SP;Sul;Saida de Pista;
23/06/2021;quarta-feira;18:19:00;2 - Acidente com VITIMA;283,8;BR-116/SP;Norte;Colisão Lateral;
23/06/2021;quarta-feira;19:13:00;3 - Acidente com Danos Materiais;43,01;BR-116/PR;Sul;Choque - Defensa, barreira ou submarino;
23/06/2021;quarta-feira;12:16:00;3 - Acidente com Danos Materiais;541,6;BR-116/SP;Sul;Choque - Defensa, barreira ou submarino;
23/06/2021;quarta-feira;14:40:00;3 - Acidente com Danos Materiais;564,1;BR-116/SP;Sul;Choque - Talude;
23/06/2021;quarta-feira;10:20:00;3 - Acidente com Danos Materiais;515,1;BR-116/SP;Norte;Choque - Defensa, barreira ou submarino;
23/06/2021;quarta-feira;09:15:00;3 - Acidente com Danos Materiais;499,6;BR-116/SP;Sul;Choque - Elemento de Drenagem;
23/06/2021;quarta-feira;17:04:00;2 - Acidente com VITIMA;279,6;BR-116/SP;Norte;Queda de Moto;
23/06/2021;quarta-feira;17:57:00;3 - Acidente com Danos Materiais;275,6;BR-116/SP;Sul;Colisão Traseira;
23/06/2021;quarta-feira;18:49:00;3 - Acidente com Danos Materiais;288,2;BR-116/SP;Sul;Colisão Lateral;
23/06/2021;quarta-feira;10:05:00;3 - Acidente com Danos Materiais;513,7;BR-116/SP;Norte;Choque - Defensa, barreira ou submarino;
23/06/2021;quarta-feira;13:13:00;2 - Acidente com VITIMA;32,5;BR-116/PR;Norte;Tombamento;
23/06/2021;quarta-feira;20:04:00;2 - Acidente com VITIMA;364,01;BR-116/SP;Sul;Choque - Talude;
23/06/2021;quarta-feira;07:25:00;3 - Acidente com Danos Materiais;513,5;BR-116/SP;Norte;Saida de Pista;
23/06/2021;quarta-feira;07:25:00;3 - Acidente com Danos Materiais;565,45;BR-116/SP;Sul;Saida de Pista;
23/06/2021;quarta-feira;07:33:00;3 - Acidente com Danos Materiais;511,8;BR-116/SP;Norte;Saida de Pista;
23/06/2021;quarta-feira;08:37:00;2 - Acidente com VITIMA;14,3;BR-116/PR;Norte;Capotamento;
23/06/2021;quarta-feira;08:40:00;2 - Acidente com VITIMA;44,4;BR-116/PR;Norte;Capotamento;
23/06/2021;quarta-feira;09:24:00;2 - Acidente com VITIMA;26,1;BR-116/PR;Norte;Capotamento;
23/06/2021;quarta-feira;12:19:00;3 - Acidente com Danos Materiais;14,3;BR-116/PR;Norte;Saida de Pista;
23/06/2021;quarta-feira;12:26:00;3 - Acidente com Danos Materiais;505,2;BR-116/SP;Sul;Choque - Defensa, barreira ou submarino;
24/06/2021;quinta-feira;02:42:00;3 - Acidente com Danos Materiais;399,4;BR-116/SP;Norte;Saida de Pista;
24/06/2021;quinta-feira;09:14:00;2 - Acidente com VITIMA;402,3;BR-116/SP;Norte;Engavetamento;
24/06/2021;quinta-feira;09:19:00;3 - Acidente com Danos Materiais;443,3;BR-116/SP;Sul;Colisão Lateral;
24/06/2021;quinta-feira;19:27:00;3 - Acidente com Danos Materiais;370,4;BR-116/SP;Sul;Colisão Lateral;
24/06/2021;quinta-feira;04:06:00;3 - Acidente com Danos Materiais;28,6;BR-116/PR;Norte;Tombamento;
24/06/2021;quinta-feira;09:06:00;2 - Acidente com VITIMA;307,5;BR-116/SP;Norte;Queda de Moto;
24/06/2021;quinta-feira;10:35:00;3 - Acidente com Danos Materiais;555,4;BR-116/SP;Sul;Tombamento;
24/06/2021;quinta-feira;09:01:00;3 - Acidente com Danos Materiais;52,6;BR-116/PR;Sul;Choque - Elemento de Drenagem;
24/06/2021;quinta-feira;04:05:00;3 - Acidente com Danos Materiais;26,5;BR-116/PR;Sul;Saida de Pista;
25/06/2021;sexta-feira;05:12:00;3 - Acidente com Danos Materiais;473,8;BR-116/SP;Norte;Saida de Pista;
25/06/2021;sexta-feira;05:22:00;3 - Acidente com Danos Materiais;66,3;BR-116/PR;Norte;Choque - Defensa, barreira ou submarino;
25/06/2021;sexta-feira;23:38:00;3 - Acidente com Danos Materiais;399,1;BR-116/SP;Norte;Saida de Pista;
25/06/2021;sexta-feira;03:46:00;2 - Acidente com VITIMA;313,8;BR-116/SP;Norte;Colisão Traseira;
25/06/2021;sexta-feira;01:00:00;2 - Acidente com VITIMA;282,8;BR-116/SP;Sul;Capotamento;
25/06/2021;sexta-feira;08:10:00;3 - Acidente com Danos Materiais;400,3;BR-116/SP;Norte;Colisão Traseira;
25/06/2021;sexta-feira;03:50:00;3 - Acidente com Danos Materiais;352,8;BR-116/SP;Sul;Colisão Traseira;
25/06/2021;sexta-feira;16:30:00;2 - Acidente com VITIMA;320,9;BR-116/SP;Norte;Colisão Traseira;
25/06/2021;sexta-feira;23:00:00;2 - Acidente com VITIMA;487,8;BR-116/SP;Sul;Capotamento;
25/06/2021;sexta-feira;05:01:00;3 - Acidente com Danos Materiais;455,6;BR-116/SP;Norte;Colisão Traseira;
25/06/2021;sexta-feira;06:27:00;3 - Acidente com Danos Materiais;279,8;BR-116/SP;Sul;Colisão Traseira;
25/06/2021;sexta-feira;08:12:00;3 - Acidente com Danos Materiais;279;BR-116/SP;Sul;Colisão Traseira;
26/06/2021;sábado;02:39:00;2 - Acidente com VITIMA;46;BR-116/PR;Sul;Capotamento;
26/06/2021;sábado;12:44:00;2 - Acidente com VITIMA;40,485;BR-116/PR;Sul;Colisão Frontal;
26/06/2021;sábado;08:32:00;3 - Acidente com Danos Materiais;52,7;BR-116/PR;Sul;Choque - Elemento de Drenagem;
26/06/2021;sábado;14:24:00;2 - Acidente com VITIMA;17,95;BR-116/PR;Norte;Queda de Moto;
26/06/2021;sábado;16:48:00;2 - Acidente com VITIMA;270,06;BR-116/SP;Norte;Colisão Traseira;
26/06/2021;sábado;20:17:00;1 - Acidente com Vitima Fatal;327,7;BR-116/SP;Sul;Atropelamento - Andarilho;1
26/06/2021;sábado;22:37:00;2 - Acidente com VITIMA;275,5;BR-116/SP;Norte;Atropelamento - Andarilho;
26/06/2021;sábado;18:39:00;2 - Acidente com VITIMA;463,4;BR-116/SP;Sul;Capotamento;
26/06/2021;sábado;09:08:00;3 - Acidente com Danos Materiais;51,5;BR-116/PR;Norte;Choque - Talude;
26/06/2021;sábado;22:42:00;3 - Acidente com Danos Materiais;40,1;BR-116/PR;Sul;Colisão Lateral;
27/06/2021;domingo;06:24:00;2 - Acidente com VITIMA;387,468;BR-116/SP;Norte;Queda de Moto;
27/06/2021;domingo;09:31:00;3 - Acidente com Danos Materiais;30,7;BR-116/PR;Sul;Tombamento;
27/06/2021;domingo;11:04:00;3 - Acidente com Danos Materiais;35;BR-116/PR;Norte;Choque - Elemento de Drenagem;
27/06/2021;domingo;17:36:00;3 - Acidente com Danos Materiais;289,3;BR-116/SP;Norte;Choque - Elemento de Drenagem;
27/06/2021;domingo;05:27:00;3 - Acidente com Danos Materiais;279,2;BR-116/SP;Sul;Choque - Defensa, barreira ou submarino;
27/06/2021;domingo;09:09:00;3 - Acidente com Danos Materiais;346,6;BR-116/SP;Sul;Choque - Defensa, barreira ou submarino;
28/06/2021;segunda-feira;18:56:00;3 - Acidente com Danos Materiais;278,9;BR-116/SP;Sul;Colisão Traseira;
28/06/2021;segunda-feira;06:40:00;2 - Acidente com VITIMA;15,61;BR-116/PR;Sul;Saida de Pista;
28/06/2021;segunda-feira;17:55:00;3 - Acidente com Danos Materiais;272,8;BR-116/SP;Sul;Colisão Traseira;
28/06/2021;segunda-feira;19:00:00;3 - Acidente com Danos Materiais;378;BR-116/SP;Norte;Colisão Traseira;
28/06/2021;segunda-feira;09:27:00;3 - Acidente com Danos Materiais;16,01;BR-116/PR;Sul;Colisão Lateral;
28/06/2021;segunda-feira;15:05:00;3 - Acidente com Danos Materiais;14,8;BR-116/PR;Sul;Choque - Talude;
28/06/2021;segunda-feira;19:23:00;3 - Acidente com Danos Materiais;541,1;BR-116/SP;Sul;Choque - Defensa, barreira ou submarino;
28/06/2021;segunda-feira;22:28:00;3 - Acidente com Danos Materiais;18,7;BR-116/PR;Norte;Colisão Lateral;
28/06/2021;segunda-feira;22:38:00;3 - Acidente com Danos Materiais;280,5;BR-116/SP;Sul;Colisão Traseira;
28/06/2021;segunda-feira;17:20:00;3 - Acidente com Danos Materiais;13,2;BR-116/PR;Norte;Saida de Pista;
28/06/2021;segunda-feira;00:43:00;2 - Acidente com VITIMA;286,05;BR-116/SP;Sul;Colisão Traseira;
28/06/2021;segunda-feira;23:34:00;3 - Acidente com Danos Materiais;377,195;BR-116/SP;Sul;Choque - Defensa, barreira ou submarino;
29/06/2021;terça-feira;01:17:00;3 - Acidente com Danos Materiais;392,05;BR-116/SP;Sul;Atropelamento de Animal;
29/06/2021;terça-feira;11:44:00;3 - Acidente com Danos Materiais;307,5;BR-116/SP;Norte;Colisão Traseira;
29/06/2021;terça-feira;11:24:00;2 - Acidente com VITIMA;17,864;BR-116/CW;Norte;Tombamento;
29/06/2021;terça-feira;14:33:00;3 - Acidente com Danos Materiais;370,8;BR-116/SP;Norte;Choque - Veiculo parado na pista;
29/06/2021;terça-feira;05:57:00;3 - Acidente com Danos Materiais;274,7;BR-116/SP;Norte;Colisão Traseira;
29/06/2021;terça-feira;08:19:00;3 - Acidente com Danos Materiais;387;BR-116/SP;Norte;Choque - Arvore;
29/06/2021;terça-feira;19:59:00;3 - Acidente com Danos Materiais;15,3;BR-116/CW;Norte;Colisão Traseira;
29/06/2021;terça-feira;10:26:00;3 - Acidente com Danos Materiais;390,4;BR-116/SP;Norte;Colisão Lateral;
29/06/2021;terça-feira;03:59:00;3 - Acidente com Danos Materiais;5,5;BR-116/PR;Norte;Saida de Pista;
29/06/2021;terça-feira;04:39:00;3 - Acidente com Danos Materiais;5,5;BR-116/PR;Norte;Saida de Pista;
29/06/2021;terça-feira;19:26:00;3 - Acidente com Danos Materiais;385,01;BR-116/SP;Norte;Capotamento;
29/06/2021;terça-feira;09:43:00;2 - Acidente com VITIMA;307,3;BR-116/SP;Norte;Capotamento;
29/06/2021;terça-feira;17:45:00;3 - Acidente com Danos Materiais;337,027;BR-116/SP;Norte;Choque - Poste;
30/06/2021;quarta-feira;06:24:00;3 - Acidente com Danos Materiais;461,301;BR-116/SP;Norte;Tombamento;
30/06/2021;quarta-feira;06:08:00;3 - Acidente com Danos Materiais;6,478;BR-116/PR;Norte;Colisão Lateral;
30/06/2021;quarta-feira;11:46:00;2 - Acidente com VITIMA;32,713;BR-116/PR;Norte;Tombamento;
30/06/2021;quarta-feira;09:20:00;3 - Acidente com Danos Materiais;461,001;BR-116/SP;Norte;Colisão Traseira;
30/06/2021;quarta-feira;10:00:00;3 - Acidente com Danos Materiais;52,9;BR-116/PR;Sul;Saida de Pista;
30/06/2021;quarta-feira;14:11:00;2 - Acidente com VITIMA;279;BR-116/SP;Sul;Colisão Traseira;
30/06/2021;quarta-feira;18:10:00;3 - Acidente com Danos Materiais;461,8;BR-116/SP;Norte;Saida de Pista;
30/06/2021;quarta-feira;09:17:00;2 - Acidente com VITIMA;488,899;BR-116/SP;Norte;Choque - Defensa, barreira ou submarino;
30/06/2021;quarta-feira;07:57:00;2 - Acidente com VITIMA;440,1;BR-116/SP;Sul;Queda de Moto;
30/06/2021;quarta-feira;05:11:00;3 - Acidente com Danos Materiais;319,5;BR-116/SP;Norte;Engavetamento;
30/06/2021;quarta-feira;17:25:00;3 - Acidente com Danos Materiais;477,5;BR-116/SP;Sul;Colisão Lateral;
01/07/2021;quinta-feira;11:05:00;3 - Acidente com Danos Materiais;67,499;BR-116/PR;Sul;Colisão Traseira;
01/07/2021;quinta-feira;11:50:00;2 - Acidente com VITIMA;404;BR-116/SP;Norte;Colisão Traseira;
01/07/2021;quinta-feira;13:22:00;3 - Acidente com Danos Materiais;55,8;BR-116/PR;Norte;Saida de Pista;
01/07/2021;quinta-feira;16:12:00;3 - Acidente com Danos Materiais;46,8;BR-116/PR;Sul;Engavetamento;
01/07/2021;quinta-feira;16:24:00;3 - Acidente com Danos Materiais;542,9;BR-116/SP;Sul;Colisão Lateral;
01/07/2021;quinta-feira;16:42:00;2 - Acidente com VITIMA;499,7;BR-116/SP;Sul;Capotamento;
01/07/2021;quinta-feira;17:05:00;2 - Acidente com VITIMA;549;BR-116/SP;Sul;Choque - Defensa, barreira ou submarino;
01/07/2021;quinta-feira;17:08:00;2 - Acidente com VITIMA;269,9;BR-116/SP;Sul;Colisão Lateral;
01/07/2021;quinta-feira;18:37:00;3 - Acidente com Danos Materiais;43,15;BR-116/PR;Norte;Choque - Defensa, barreira ou submarino;
02/07/2021;sexta-feira;00:27:00;3 - Acidente com Danos Materiais;465,5;BR-116/SP;Sul;Saida de Pista;
02/07/2021;sexta-feira;05:14:00;3 - Acidente com Danos Materiais;284,1;BR-116/SP;Norte;Choque - Defensa, barreira ou submarino;
02/07/2021;sexta-feira;08:30:00;3 - Acidente com Danos Materiais;51,322;BR-116/PR;Norte;Colisão Traseira;
02/07/2021;sexta-feira;08:47:00;3 - Acidente com Danos Materiais;284,05;BR-116/SP;Norte;Queda de Moto;
02/07/2021;sexta-feira;09:38:00;3 - Acidente com Danos Materiais;52,279;BR-116/PR;Sul;Saida de Pista;
02/07/2021;sexta-feira;13:18:00;2 - Acidente com VITIMA;303,8;BR-116/SP;Norte;Capotamento;
02/07/2021;sexta-feira;18:44:00;2 - Acidente com VITIMA;271,5;BR-116/SP;Sul;Colisão Traseira;
02/07/2021;sexta-feira;19:13:00;3 - Acidente com Danos Materiais;62,05;BR-116/PR;Norte;Engavetamento;
02/07/2021;sexta-feira;19:16:00;2 - Acidente com VITIMA;272,9;BR-116/SP;Norte;Atropelamento - Andarilho;
03/07/2021;sábado;06:17:00;3 - Acidente com Danos Materiais;289,7;BR-116/SP;Sul;Colisão Traseira;
03/07/2021;sábado;09:02:00;2 - Acidente com VITIMA;270,8;BR-116/SP;Norte;Colisão Traseira;
03/07/2021;sábado;09:48:00;3 - Acidente com Danos Materiais;353,9;BR-116/SP;Sul;Colisão Traseira;
03/07/2021;sábado;16:40:00;2 - Acidente com VITIMA;301,6;BR-116/SP;Sul;Tombamento;
03/07/2021;sábado;19:42:00;2 - Acidente com VITIMA;270,8;BR-116/SP;Sul;Colisão Traseira;
03/07/2021;sábado;23:11:00;2 - Acidente com VITIMA;321,75;BR-116/SP;Sul;Colisão Traseira;
03/07/2021;sábado;23:17:00;3 - Acidente com Danos Materiais;348,4;BR-116/SP;Sul;Choque - Defensa, barreira ou submarino;
04/07/2021;domingo;10:56:00;2 - Acidente com VITIMA;70,9;BR-116/PR;Norte;Choque - Veiculo parado na pista;
04/07/2021;domingo;14:54:00;2 - Acidente com VITIMA;6,8;BR-116/PR;Sul;Tombamento;
04/07/2021;domingo;16:36:00;3 - Acidente com Danos Materiais;564,4;BR-116/SP;Sul;Queda de Moto;
05/07/2021;segunda-feira;02:17:00;2 - Acidente com VITIMA;278,8;BR-116/SP;Sul;Queda de Moto;
05/07/2021;segunda-feira;08:36:00;3 - Acidente com Danos Materiais;505;BR-116/SP;Sul;Capotamento;
05/07/2021;segunda-feira;11:50:00;3 - Acidente com Danos Materiais;33,599;BR-116/PR;Sul;Capotamento;
05/07/2021;segunda-feira;17:26:00;2 - Acidente com VITIMA;476,8;BR-116/SP;Norte;Colisão Lateral;
05/07/2021;segunda-feira;18:54:00;3 - Acidente com Danos Materiais;9;BR-116/PR;Sul;Colisão Lateral;
06/07/2021;terça-feira;06:18:00;2 - Acidente com VITIMA;270,001;BR-116/SP;Norte;Colisão Traseira;
06/07/2021;terça-feira;10:06:00;3 - Acidente com Danos Materiais;14,1;BR-116/PR;Norte;Capotamento;
06/07/2021;terça-feira;10:17:00;3 - Acidente com Danos Materiais;18,55;BR-116/PR;Norte;Choque - Talude;
06/07/2021;terça-feira;10:43:00;2 - Acidente com VITIMA;45;BR-116/PR;Sul;Capotamento;
06/07/2021;terça-feira;11:06:00;3 - Acidente com Danos Materiais;504,6;BR-116/SP;Norte;Tombamento;
06/07/2021;terça-feira;11:25:00;3 - Acidente com Danos Materiais;45,35;BR-116/PR;Sul;Choque - Defensa, barreira ou submarino;
06/07/2021;terça-feira;11:34:00;3 - Acidente com Danos Materiais;509,7;BR-116/SP;Norte;Choque - Talude;
06/07/2021;terça-feira;12:00:00;3 - Acidente com Danos Materiais;564,1;BR-116/SP;Sul;Choque - Defensa, barreira ou submarino;
06/07/2021;terça-feira;12:15:00;3 - Acidente com Danos Materiais;65,4;BR-116/PR;Sul;Colisão Lateral;
06/07/2021;terça-feira;12:49:00;3 - Acidente com Danos Materiais;26;BR-116/PR;Norte;Choque - Defensa, barreira ou submarino;
06/07/2021;terça-feira;12:52:00;3 - Acidente com Danos Materiais;564,1;BR-116/SP;Sul;Choque - Suporte de Sinalização;
06/07/2021;terça-feira;13:12:00;3 - Acidente com Danos Materiais;541,9;BR-116/SP;Sul;Choque - Defensa, barreira ou submarino;
06/07/2021;terça-feira;13:26:00;2 - Acidente com VITIMA;547,8;BR-116/SP;Norte;Choque - Elemento de Drenagem;
06/07/2021;terça-feira;13:29:00;3 - Acidente com Danos Materiais;42,5;BR-116/PR;Sul;Choque - Defensa, barreira ou submarino;
06/07/2021;terça-feira;14:01:00;2 - Acidente com VITIMA;545,85;BR-116/SP;Norte;Atropelamento - Andarilho;
06/07/2021;terça-feira;14:08:00;3 - Acidente com Danos Materiais;545,4;BR-116/SP;Norte;Choque - Defensa, barreira ou submarino;
06/07/2021;terça-feira;14:11:00;2 - Acidente com VITIMA;47;BR-116/PR;Norte;Choque - Defensa, barreira ou submarino;
06/07/2021;terça-feira;14:54:00;3 - Acidente com Danos Materiais;541,6;BR-116/SP;Sul;Choque - Defensa, barreira ou submarino;
06/07/2021;terça-feira;14:58:00;3 - Acidente com Danos Materiais;567,122;BR-116/SP;Sul;Choque - Defensa, barreira ou submarino;
06/07/2021;terça-feira;15:03:00;3 - Acidente com Danos Materiais;67,15;BR-116/PR;Sul;Saida de Pista;
06/07/2021;terça-feira;15:07:00;3 - Acidente com Danos Materiais;42,001;BR-116/PR;Sul;Choque - Defensa, barreira ou submarino;
06/07/2021;terça-feira;15:40:00;3 - Acidente com Danos Materiais;560,3;BR-116/SP;Sul;Choque - Defensa, barreira ou submarino;
06/07/2021;terça-feira;15:57:00;3 - Acidente com Danos Materiais;550,6;BR-116/SP;Norte;Capotamento;
06/07/2021;terça-feira;16:09:00;3 - Acidente com Danos Materiais;44,5;BR-116/PR;Sul;Saida de Pista;
06/07/2021;terça-feira;16:16:00;3 - Acidente com Danos Materiais;28,3;BR-116/PR;Norte;Choque - Defensa, barreira ou submarino;
06/07/2021;terça-feira;16:56:00;3 - Acidente com Danos Materiais;42,001;BR-116/PR;Sul;Choque - Defensa, barreira ou submarino;
06/07/2021;terça-feira;17:33:00;2 - Acidente com VITIMA;20,6;BR-116/PR;Sul;Capotamento;
06/07/2021;terça-feira;17:41:00;3 - Acidente com Danos Materiais;511,079;BR-116/SP;Sul;Saida de Pista;
06/07/2021;terça-feira;18:40:00;3 - Acidente com Danos Materiais;465,2;BR-116/SP;Sul;Choque - Veiculo parado na pista;
06/07/2021;terça-feira;19:34:00;1 - Acidente com Vitima Fatal;324,6;BR-116/SP;Norte;Atropelamento - Outros;1
06/07/2021;terça-feira;20:57:00;3 - Acidente com Danos Materiais;24,3;BR-116/PR;Norte;Choque - Outros;
07/07/2021;quarta-feira;00:35:00;3 - Acidente com Danos Materiais;46,9;BR-116/PR;Norte;Saida de Pista;
07/07/2021;quarta-feira;01:07:00;2 - Acidente com VITIMA;39,373;BR-116/PR;Sul;Choque - Talude;
07/07/2021;quarta-feira;03:00:00;2 - Acidente com VITIMA;530,5;BR-116/SP;Norte;Colisão Traseira;
07/07/2021;quarta-feira;11:15:00;2 - Acidente com VITIMA;282,274;BR-116/SP;Norte;Colisão Lateral;
07/07/2021;quarta-feira;15:35:00;3 - Acidente com Danos Materiais;328,011;BR-116/SP;Sul;Capotamento;
07/07/2021;quarta-feira;19:03:00;3 - Acidente com Danos Materiais;47,5;BR-116/PR;Sul;Colisão Lateral;
07/07/2021;quarta-feira;19:24:00;2 - Acidente com VITIMA;306,5;BR-116/SP;Sul;Tombamento;
07/07/2021;quarta-feira;23:20:00;3 - Acidente com Danos Materiais;288,1;BR-116/SP;Norte;Colisão Lateral;
08/07/2021;quinta-feira;06:41:00;2 - Acidente com VITIMA;294,125;BR-116/SP;Sul;Queda de Moto;
08/07/2021;quinta-feira;08:24:00;2 - Acidente com VITIMA;316,364;BR-116/SP;Norte;Tombamento;
08/07/2021;quinta-feira;09:44:00;2 - Acidente com VITIMA;279,33;BR-116/SP;Sul;Colisão Traseira;
08/07/2021;quinta-feira;11:35:00;3 - Acidente com Danos Materiais;380,767;BR-116/SP;Norte;Saida de Pista;
08/07/2021;quinta-feira;12:44:00;3 - Acidente com Danos Materiais;286,991;BR-116/SP;Sul;Colisão Transversal;
08/07/2021;quinta-feira;13:27:00;3 - Acidente com Danos Materiais;10,6;BR-116/CW;Sul;Engavetamento;
08/07/2021;quinta-feira;14:13:00;2 - Acidente com VITIMA;10,4;BR-116/CW;Sul;Colisão Traseira;
08/07/2021;quinta-feira;14:43:00;2 - Acidente com VITIMA;286,95;BR-116/SP;Norte;Colisão Traseira;
08/07/2021;quinta-feira;17:08:00;2 - Acidente com VITIMA;280,9;BR-116/SP;Norte;Colisão Lateral;
08/07/2021;quinta-feira;17:38:00;2 - Acidente com VITIMA;282;BR-116/SP;Sul;Colisão Traseira;
08/07/2021;quinta-feira;18:18:00;3 - Acidente com Danos Materiais;488,1;BR-116/SP;Sul;Objeto lançado contra veículo;
08/07/2021;quinta-feira;18:58:00;3 - Acidente com Danos Materiais;488,1;BR-116/SP;Sul;Objeto lançado contra veículo;
08/07/2021;quinta-feira;22:51:00;3 - Acidente com Danos Materiais;353,001;BR-116/SP;Sul;Saida de Pista;
08/07/2021;quinta-feira;23:41:00;3 - Acidente com Danos Materiais;395,5;BR-116/SP;Sul;Atropelamento de Animal;
09/07/2021;sexta-feira;12:31:00;2 - Acidente com VITIMA;271,759;BR-116/SP;Norte;Colisão Traseira;
09/07/2021;sexta-feira;15:43:00;3 - Acidente com Danos Materiais;298,8;BR-116/SP;Sul;Colisão Traseira;
09/07/2021;sexta-feira;23:35:00;2 - Acidente com VITIMA;6,001;BR-116/CW;Norte;Queda de Moto;
10/07/2021;sábado;06:44:00;2 - Acidente com VITIMA;279,481;BR-116/SP;Sul;Queda de Moto;
10/07/2021;sábado;08:12:00;3 - Acidente com Danos Materiais;346,44;BR-116/SP;Sul;Choque - Defensa, barreira ou submarino;
10/07/2021;sábado;10:31:00;3 - Acidente com Danos Materiais;282,12;BR-116/SP;Sul;Colisão Traseira;
10/07/2021;sábado;14:44:00;2 - Acidente com VITIMA;437,3;BR-116/SP;Norte;Colisão Traseira;
10/07/2021;sábado;15:05:00;2 - Acidente com VITIMA;504,1;BR-116/SP;Sul;Tombamento;
10/07/2021;sábado;17:58:00;2 - Acidente com VITIMA;445;BR-116/SP;Sul;Colisão Lateral;
10/07/2021;sábado;18:22:00;3 - Acidente com Danos Materiais;284,9;BR-116/SP;Sul;Choque - Defensa, barreira ou submarino;
10/07/2021;sábado;20:41:00;2 - Acidente com VITIMA;280,2;BR-116/SP;Sul;Colisão Traseira;
10/07/2021;sábado;20:59:00;3 - Acidente com Danos Materiais;500,1;BR-116/SP;Norte;Choque - Defensa, barreira ou submarino;
10/07/2021;sábado;21:20:00;2 - Acidente com VITIMA;451,2;BR-116/SP;Sul;Colisão Traseira;
11/07/2021;domingo;04:47:00;3 - Acidente com Danos Materiais;13,6;BR-116/CW;Sul;Choque - Defensa, barreira ou submarino;
11/07/2021;domingo;08:29:00;3 - Acidente com Danos Materiais;413,2;BR-116/SP;Sul;Capotamento;
11/07/2021;domingo;12:06:00;3 - Acidente com Danos Materiais;28,1;BR-116/PR;Norte;Tombamento;