data;dia_semana;horario;tipo_de_ocorrencia;km;trecho;sentido;tipo_de_acidente;mortos
27/07/2021;terça-feira;12:16:00;2 - Acidente com VITIMA;536,9;BR-116/SP;Norte;Colisão Lateral;
27/07/2021;terça-feira;13:47:00;3 - Acidente com Danos Materiais;45,09;BR-116/PR;Norte;Choque - Elemento de Drenagem;
27/07/2021;terça-feira;14:34:00;2 - Acidente com VITIMA;14,013;BR-116/PR;Norte;Capotamento;
27/07/2021;terça-feira;15:03:00;3 - Acidente com Danos Materiais;561,6;BR-116/SP;Sul;Capotamento;
27/07/2021;terça-feira;15:36:00;3 - Acidente com Danos Materiais;39,4;BR-116/PR;Sul;Capotamento;
27/07/2021;terça-feira;15:46:00;3 - Acidente com Danos Materiais;44,4;BR-116/PR;Norte;Saida de Pista;
27/07/2021;terça-feira;15:51:00;2 - Acidente com VITIMA;561,8;BR-116/SP;Sul;Saida de Pista;
27/07/2021;terça-feira;15:52:00;3 - Acidente com Danos Materiais;46,8;BR-116/PR;Norte;Engavetamento;
27/07/2021;terça-feira;16:06:00;2 - Acidente com VITIMA;71,05;BR-116/PR;Norte;Tombamento;
27/07/2021;terça-feira;16:43:00;3 - Acidente com Danos Materiais;39,9;BR-116/PR;Norte;Choque - Defensa, barreira ou submarino;
27/07/2021;terça-feira;17:55:00;3 - Acidente com Danos Materiais;70,9;BR-116/PR;Sul;Colisão Traseira;
27/07/2021;terça-feira;18:50:00;3 - Acidente com Danos Materiais;27,05;BR-116/PR;Norte;Colisão Lateral;
27/07/2021;terça-feira;19:22:00;1 - Acidente com Vitima Fatal;68,3;BR-116/PR;Norte;Atropelamento - Usuário;1
27/07/2021;terça-feira;20:41:00;3 - Acidente com Danos Materiais;0,2;BR-116/PR;Sul;Saida de Pista;
27/07/2021;terça-feira;21:16:00;3 - Acidente com Danos Materiais;541,01;BR-116/SP;Sul;Choque - Defensa, barreira ou submarino;
27/07/2021;terça-feira;21:38:00;2 - Acidente com VITIMA;417,003;BR-116/SP;Sul;Saida de Pista;
27/07/2021;terça-feira;22:31:00;3 - Acidente com Danos Materiais;516,5;BR-116/SP;Norte;Saida de Pista;
27/07/2021;terça-feira;23:47:00;3 - Acidente com Danos Materiais;363,6;BR-116/SP;Sul;Engavetamento;
28/07/2021;quarta-feira;00:15:00;3 - Acidente com Danos Materiais;271,9;BR-116/SP;Sul;Choque - Defensa, barreira ou submarino;
28/07/2021;quarta-feira;00:18:00;3 - Acidente com Danos Materiais;567,3;BR-116/SP;Norte;Outros;
28/07/2021;quarta-feira;00:21:00;2 - Acidente com VITIMA;567,5;BR-116/SP;Norte;Choque - Defensa, barreira ou submarino;
28/07/2021;quarta-feira;00:34:00;3 - Acidente com Danos Materiais;422,9;BR-116/SP;Norte;Capotamento;
28/07/2021;quarta-feira;01:44:00;3 - Acidente com Danos Materiais;518,6;BR-116/SP;Sul;Tombamento;
28/07/2021;quarta-feira;07:31:00;3 - Acidente com Danos Materiais;281,001;BR-116/SP;Norte;Colisão Lateral;
28/07/2021;quarta-feira;10:14:00;2 - Acidente com VITIMA;279,2;BR-116/SP;Sul;Colisão Traseira;
28/07/2021;quarta-feira;10:30:00;3 - Acidente com Danos Materiais;362,2;BR-116/SP;Sul;Choque - Defensa, barreira ou submarino;
28/07/2021;quarta-feira;11:03:00;3 - Acidente com Danos Materiais;315,8;BR-116/SP;Norte;Choque - Defensa, barreira ou submarino;
28/07/2021;quarta-feira;13:26:00;3 - Acidente com Danos Materiais;410,8;BR-116/SP;Norte;Colisão Lateral;
28/07/2021;quarta-feira;15:34:00;3 - Acidente com Danos Materiais;295,01;BR-116/SP;Norte;Colisão Traseira;
28/07/2021;quarta-feira;17:46:00;3 - Acidente com Danos Materiais;296,2;BR-116/SP;Sul;Colisão Traseira;
28/07/2021;quarta-feira;18:13:00;3 - Acidente com Danos Materiais;280,4;BR-116/SP;Sul;Colisão Traseira;
28/07/2021;quarta-feira;20:05:00;3 - Acidente com Danos Materiais;559,6;BR-116/SP;Sul;Colisão Traseira;
28/07/2021;quarta-feira;22:27:00;3 - Acidente com Danos Materiais;31,015;BR-116/PR;Norte;Colisão Traseira;
29/07/2021;quinta-feira;05:56:00;2 - Acidente com VITIMA;389,5;BR-116/SP;Sul;Choque - Objeto não identificado;
29/07/2021;quinta-feira;06:20:00;3 - Acidente com Danos Materiais;308,118;BR-116/SP;Sul;Choque - Elemento de Drenagem;
29/07/2021;quinta-feira;06:49:00;3 - Acidente com Danos Materiais;506,5;BR-116/SP;Sul;Saida de Pista;
29/07/2021;quinta-feira;10:26:00;3 - Acidente com Danos Materiais;465,1;BR-116/SP;Norte;Colisão Traseira;
29/07/2021;quinta-feira;10:35:00;3 - Acidente com Danos Materiais;278,95;BR-116/SP;Norte;Colisão Traseira;
29/07/2021;quinta-feira;12:37:00;3 - Acidente com Danos Materiais;410,284;BR-116/SP;Sul;Choque - Defensa, barreira ou submarino;
29/07/2021;quinta-feira;17:26:00;2 - Acidente com VITIMA;280,64;BR-116/SP;Sul;Colisão Lateral;
29/07/2021;quinta-feira;17:37:00;2 - Acidente com VITIMA;279,2;BR-116/SP;Sul;Colisão Transversal;
29/07/2021;quinta-feira;20:57:00;3 - Acidente com Danos Materiais;377,5;BR-116/SP;Norte;Colisão Traseira;
30/07/2021;sexta-feira;03:11:00;3 - Acidente com Danos Materiais;431,3;BR-116/SP;Norte;Saida de Pista;
30/07/2021;sexta-feira;03:43:00;3 - Acidente com Danos Materiais;288,05;BR-116/SP;Norte;Choque - Defensa, barreira ou submarino;
30/07/2021;sexta-feira;08:14:00;2 - Acidente com VITIMA;278,9;BR-116/SP;Sul;Colisão Traseira;
30/07/2021;sexta-feira;09:44:00;3 - Acidente com Danos Materiais;361,52;BR-116/SP;Sul;Colisão Lateral;
30/07/2021;sexta-feira;09:48:00;2 - Acidente com VITIMA;270,5;BR-116/SP;Sul;Colisão Traseira;
30/07/2021;sexta-feira;14:37:00;2 - Acidente com VITIMA;281,1;BR-116/SP;Norte;Colisão Lateral;
30/07/2021;sexta-feira;15:02:00;2 - Acidente com VITIMA;3,45;BR-116/PR;Sul;Queda de Moto;
30/07/2021;sexta-feira;15:56:00;2 - Acidente com VITIMA;17,876;BR-116/CW;Sul;Colisão Traseira;
30/07/2021;sexta-feira;18:20:00;2 - Acidente com VITIMA;12,768;BR-116/CW;Norte;Colisão Traseira;
30/07/2021;sexta-feira;18:48:00;3 - Acidente com Danos Materiais;13,1;BR-116/CW;Norte;Colisão Traseira;
30/07/2021;sexta-feira;19:28:00;3 - Acidente com Danos Materiais;12,9;BR-116/CW;Norte;Colisão Traseira;
30/07/2021;sexta-feira;19:30:00;3 - Acidente com Danos Materiais;286,1;BR-116/SP;Norte;Colisão Traseira;
30/07/2021;sexta-feira;19:37:00;3 - Acidente com Danos Materiais;10,1;BR-116/CW;Norte;Colisão Lateral;
31/07/2021;sábado;01:05:00;3 - Acidente com Danos Materiais;269,524;BR-116/SP;Norte;Choque - Poste;
31/07/2021;sábado;03:28:00;2 - Acidente com VITIMA;364,74;BR-116/SP;Sul;Tombamento;
31/07/2021;sábado;08:20:00;2 - Acidente com VITIMA;281,859;BR-116/SP;Norte;Queda de Moto;
31/07/2021;sábado;09:18:00;3 - Acidente com Danos Materiais;388,461;BR-116/SP;Norte;Choque - Defensa, barreira ou submarino;
31/07/2021;sábado;10:09:00;3 - Acidente com Danos Materiais;57,01;BR-116/PR;Norte;Colisão Traseira;
31/07/2021;sábado;11:14:00;2 - Acidente com VITIMA;67,5;BR-116/PR;Norte;Choque - Defensa, barreira ou submarino;
31/07/2021;sábado;11:28:00;2 - Acidente com VITIMA;550,01;BR-116/SP;Norte;Choque - Defensa, barreira ou submarino;
31/07/2021;sábado;19:09:00;2 - Acidente com VITIMA;292,021;BR-116/SP;Sul;Tombamento;
31/07/2021;sábado;19:44:00;3 - Acidente com Danos Materiais;272,499;BR-116/SP;Norte;Capotamento;
31/07/2021;sábado;19:50:00;3 - Acidente com Danos Materiais;291,963;BR-116/SP;Sul;Choque - Outros;
01/08/2021;domingo;02:46:00;3 - Acidente com Danos Materiais;313,212;BR-116/SP;Sul;Colisão Traseira;
01/08/2021;domingo;02:55:00;3 - Acidente com Danos Materiais;545,6;BR-116/SP;Norte;Choque - Defensa, barreira ou submarino;
01/08/2021;domingo;04:58:00;2 - Acidente com VITIMA;270,628;BR-116/SP;Sul;Choque - Defensa, barreira ou submarino;
01/08/2021;domingo;07:58:00;3 - Acidente com Danos Materiais;541,3;BR-116/SP;Sul;Choque - Defensa, barreira ou submarino;
01/08/2021;domingo;07:58:00;3 - Acidente com Danos Materiais;541,3;BR-116/SP;Sul;Choque - Defensa, barreira ou submarino;
01/08/2021;domingo;09:20:00;3 - Acidente com Danos Materiais;4,3;BR-116/CW;Norte;Colisão Lateral;
01/08/2021;domingo;09:28:00;3 - Acidente com Danos Materiais;513,6;BR-116/SP;Norte;Colisão Lateral;
01/08/2021;domingo;10:01:00;3 - Acidente com Danos Materiais;9,9;BR-116/PR;Sul;Saida de Pista;
01/08/2021;domingo;10:12:00;3 - Acidente com Danos Materiais;1,483;BR-116/PR;Sul;Colisão Lateral;
01/08/2021;domingo;11:40:00;2 - Acidente com VITIMA;565,9;BR-116/SP;Sul;Choque - Defensa, barreira ou submarino;
01/08/2021;domingo;13:35:00;3 - Acidente com Danos Materiais;392,152;BR-116/SP;Sul;Colisão Lateral;
01/08/2021;domingo;16:25:00;3 - Acidente com Danos Materiais;508,65;BR-116/SP;Norte;Colisão Traseira;
01/08/2021;domingo;19:34:00;2 - Acidente com VITIMA;46,3;BR-116/PR;Sul;Colisão Lateral;
01/08/2021;domingo;20:58:00;2 - Acidente com VITIMA;269,1;BR-116/SP;Sul;Colisão Frontal;
01/08/2021;domingo;21:03:00;3 - Acidente com Danos Materiais;20,1;BR-116/PR;Sul;Saida de Pista;
01/08/2021;domingo;21:07:00;3 - Acidente com Danos Materiais;10,01;BR-116/CW;Sul;Colisão Traseira;
02/08/2021;segunda-feira;10:09:00;3 - Acidente com Danos Materiais;305,779;BR-116/SP;Norte;Colisão Traseira;
02/08/2021;segunda-feira;10:37:00;2 - Acidente com VITIMA;535,2;BR-116/SP;Sul;Queda de Moto;
02/08/2021;segunda-feira;12:09:00;2 - Acidente com VITIMA;6,13;BR-116/CW;Sul;Colisão Traseira;
02/08/2021;segunda-feira;15:26:00;2 - Acidente com VITIMA;482,2;BR-116/SP;Norte;Atropelamento - Andarilho;
02/08/2021;segunda-feira;23:50:00;2 - Acidente com VITIMA;512,5;BR-116/SP;Sul;Tombamento;
03/08/2021;terça-feira;02:34:00;2 - Acidente com VITIMA;284,133;BR-116/SP;Sul;Atropelamento - Andarilho;
03/08/2021;terça-feira;04:57:00;3 - Acidente com Danos Materiais;289,418;BR-116/SP;Sul;Colisão Traseira;
03/08/2021;terça-feira;13:53:00;3 - Acidente com Danos Materiais;293,335;BR-116/SP;Sul;Atropelamento de Animal;
03/08/2021;terça-feira;14:40:00;3 - Acidente com Danos Materiais;498,2;BR-116/SP;Sul;Colisão Transversal;
03/08/2021;terça-feira;16:04:00;2 - Acidente com VITIMA;513,5;BR-116/SP;Norte;Colisão Traseira;
03/08/2021;terça-feira;17:18:00;3 - Acidente com Danos Materiais;303,8;BR-116/SP;Norte;Saida de Pista;
03/08/2021;terça-feira;18:20:00;2 - Acidente com VITIMA;272,537;BR-116/SP;Sul;Engavetamento;
03/08/2021;terça-feira;19:27:00;2 - Acidente com VITIMA;323,371;BR-116/SP;Norte;Colisão Traseira;
03/08/2021;terça-feira;22:09:00;2 - Acidente com VITIMA;420,9;BR-116/SP;Sul;Atropelamento - Ciclista;
04/08/2021;quarta-feira;01:09:00;2 - Acidente com VITIMA;508,95;BR-116/SP;Sul;Tombamento;
04/08/2021;quarta-feira;06:03:00;1 - Acidente com Vitima Fatal;290,417;BR-116/SP;Norte;Atropelamento - Morador;1
04/08/2021;quarta-feira;07:19:00;3 - Acidente com Danos Materiais;292,026;BR-116/SP;Norte;Choque - Defensa, barreira ou submarino;
04/08/2021;quarta-feira;10:09:00;3 - Acidente com Danos Materiais;284,12;BR-116/SP;Sul;Colisão Lateral;
04/08/2021;quarta-feira;16:40:00;2 - Acidente com VITIMA;272,8;BR-116/SP;Norte;Colisão Traseira;
04/08/2021;quarta-feira;16:41:00;2 - Acidente com VITIMA;561,8;BR-116/SP;Sul;Choque - Defensa, barreira ou submarino;
04/08/2021;quarta-feira;17:33:00;3 - Acidente com Danos Materiais;2,9;BR-116/PR;Sul;Choque - Defensa, barreira ou submarino;
04/08/2021;quarta-feira;17:44:00;3 - Acidente com Danos Materiais;452,1;BR-116/SP;Norte;Engavetamento;
04/08/2021;quarta-feira;18:19:00;2 - Acidente com VITIMA;495,05;BR-116/SP;Sul;Colisão Traseira;
04/08/2021;quarta-feira;20:37:00;3 - Acidente com Danos Materiais;512,4;BR-116/SP;Norte;Choque - Defensa, barreira ou submarino;
04/08/2021;quarta-feira;20:49:00;3 - Acidente com Danos Materiais;541,6;BR-116/SP;Sul;Choque - Defensa, barreira ou submarino;
04/08/2021;quarta-feira;22:31:00;3 - Acidente com Danos Materiais;28,267;BR-116/PR;Norte;Choque - Defensa, barreira ou submarino;
04/08/2021;quarta-feira;23:29:00;2 - Acidente com VITIMA;1,8;BR-116/PR;Norte;Tombamento;
04/08/2021;quarta-feira;23:53:00;3 - Acidente com Danos Materiais;512,4;BR-116/SP;Norte;Choque - Defensa, barreira ou submarino;
04/08/2021;quarta-feira;23:58:00;3 - Acidente com Danos Materiais;46,715;BR-116/PR;Norte;Capotamento;
05/08/2021;quinta-feira;01:21:00;3 - Acidente com Danos Materiais;543,5;BR-116/SP;Norte;Colisão Traseira;
05/08/2021;quinta-feira;02:51:00;3 - Acidente com Danos Materiais;538,1;BR-116/SP;Sul;Choque - Defensa, barreira ou submarino;
05/08/2021;quinta-feira;03:14:00;3 - Acidente com Danos Materiais;541,1;BR-116/SP;Sul;Choque - Defensa, barreira ou submarino;
05/08/2021;quinta-feira;03:44:00;3 - Acidente com Danos Materiais;426,6;BR-116/SP;Norte;Choque - Defensa, barreira ou submarino;
05/08/2021;quinta-feira;06:54:00;3 - Acidente com Danos Materiais;54,608;BR-116/PR;Sul;Saida de Pista;
05/08/2021;quinta-feira;07:13:00;3 - Acidente com Danos Materiais;567,2;BR-116/SP;Sul;Choque - Talude;
05/08/2021;quinta-feira;08:11:00;3 - Acidente com Danos Materiais;12,5;BR-116/CW;Norte;Choque - Defensa, barreira ou submarino;
05/08/2021;quinta-feira;08:28:00;3 - Acidente com Danos Materiais;280,9;BR-116/SP;Norte;Colisão Traseira;
05/08/2021;quinta-feira;09:07:00;3 - Acidente com Danos Materiais;43,1;BR-116/PR;Sul;Choque - Talude;
05/08/2021;quinta-feira;10:18:00;3 - Acidente com Danos Materiais;310,7;BR-116/SP;Norte;Colisão Lateral;
05/08/2021;quinta-feira;11:34:00;3 - Acidente com Danos Materiais;28,06;BR-116/PR;Norte;Choque - Defensa, barreira ou submarino;
05/08/2021;quinta-feira;18:11:00;2 - Acidente com VITIMA;358,8;BR-116/SP;Sul;Engavetamento;
05/08/2021;quinta-feira;19:44:00;2 - Acidente com VITIMA;511,5;BR-116/SP;Norte;Tombamento;
05/08/2021;quinta-feira;20:26:00;3 - Acidente com Danos Materiais;280,4;BR-116/SP;Sul;Colisão Traseira;
06/08/2021;sexta-feira;00:26:00;3 - Acidente com Danos Materiais;314,8;BR-116/SP;Sul;Atropelamento de Animal;
06/08/2021;sexta-feira;00:50:00;3 - Acidente com Danos Materiais;325,046;BR-116/SP;Norte;Colisão Lateral;
06/08/2021;sexta-feira;03:49:00;3 - Acidente com Danos Materiais;516,4;BR-116/SP;Norte;Choque - Defensa, barreira ou submarino;
06/08/2021;sexta-feira;05:22:00;2 - Acidente com VITIMA;486,8;BR-116/SP;Norte;Tombamento;
06/08/2021;sexta-feira;08:47:00;3 - Acidente com Danos Materiais;513,3;BR-116/SP;Norte;Choque - Defensa, barreira ou submarino;
06/08/2021;sexta-feira;09:13:00;3 - Acidente com Danos Materiais;443,9;BR-116/SP;Sul;Capotamento;
06/08/2021;sexta-feira;09:14:00;3 - Acidente com Danos Materiais;499,1;BR-116/SP;Sul;Choque - Talude;
06/08/2021;sexta-feira;09:22:00;3 - Acidente com Danos Materiais;541,6;BR-116/SP;Sul;Colisão Lateral;
06/08/2021;sexta-feira;10:25:00;3 - Acidente com Danos Materiais;28,2;BR-116/PR;Sul;Saida de Pista;
06/08/2021;sexta-feira;11:17:00;3 - Acidente com Danos Materiais;514,5;BR-116/SP;Norte;Choque - Talude;
06/08/2021;sexta-feira;13:22:00;2 - Acidente com VITIMA;274,7;BR-116/SP;Norte;Engavetamento;
06/08/2021;sexta-feira;14:49:00;3 - Acidente com Danos Materiais;11,2;BR-116/CW;Sul;Saida de Pista;
06/08/2021;sexta-feira;16:28:00;3 - Acidente com Danos Materiais;485,8;BR-116/SP;Sul;Colisão Lateral;
06/08/2021;sexta-feira;19:02:00;3 - Acidente com Danos Materiais;0,5;BR-116/CW;Norte;Colisão Lateral;
06/08/2021;sexta-feira;19:47:00;3 - Acidente com Danos Materiais;20,95;BR-116/PR;Sul;Saida de Pista;
06/08/2021;sexta-feira;19:50:00;3 - Acidente com Danos Materiais;280,1;BR-116/SP;Sul;Colisão Lateral;
06/08/2021;sexta-feira;20:37:00;3 - Acidente com Danos Materiais;514,2;BR-116/SP;Norte;Choque - Defensa, barreira ou submarino;
06/08/2021;sexta-feira;20:57:00;3 - Acidente com Danos Materiais;279,2;BR-116/SP;Sul;Colisão Traseira;
06/08/2021;sexta-feira;21:12:00;3 - Acidente com Danos Materiais;513,6;BR-116/SP;Norte;Saida de Pista;
07/08/2021;sábado;00:52:00;3 - Acidente com Danos Materiais;353,05;BR-116/SP;Sul;Saida de Pista;
07/08/2021;sábado;01:06:00;2 - Acidente com VITIMA;0,9;BR-116/CW;Norte;Saida de Pista;
07/08/2021;sábado;01:48:00;3 - Acidente com Danos Materiais;6,8;BR-116/PR;Sul;Choque - Defensa, barreira ou submarino;
07/08/2021;sábado;04:20:00;2 - Acidente com VITIMA;36,342;BR-116/PR;Norte;Saida de Pista;
07/08/2021;sábado;04:31:00;3 - Acidente com Danos Materiais;480,5;BR-116/SP;Sul;Capotamento;
07/08/2021;sábado;04:59:00;3 - Acidente com Danos Materiais;468,05;BR-116/SP;Norte;Saida de Pista;
07/08/2021;sábado;05:19:00;2 - Acidente com VITIMA;269,95;BR-116/SP;Norte;Queda de Moto;
07/08/2021;sábado;05:53:00;2 - Acidente com VITIMA;328,842;BR-116/SP;Sul;Choque - Defensa, barreira ou submarino;
07/08/2021;sábado;06:03:00;3 - Acidente com Danos Materiais;529,137;BR-116/SP;Sul;Saida de Pista;
07/08/2021;sábado;08:06:00;2 - Acidente com VITIMA;513,12;BR-116/SP;Norte;Colisão Traseira;
07/08/2021;sábado;08:08:00;3 - Acidente com Danos Materiais;514,41;BR-116/SP;Norte;Choque - Defensa, barreira ou submarino;
07/08/2021;sábado;10:34:00;2 - Acidente com VITIMA;274,5;BR-116/SP;Sul;Queda de Moto;
07/08/2021;sábado;14:50:00;2 - Acidente com VITIMA;279,8;BR-116/SP;Norte;Engavetamento;
07/08/2021;sábado;18:01:00;3 - Acidente com Danos Materiais;459,95;BR-116/SP;Sul;Colisão Lateral;
07/08/2021;sábado;21:03:00;2 - Acidente com VITIMA;444,1;BR-116/SP;Sul;Colisão Lateral;
08/08/2021;domingo;04:16:00;3 - Acidente com Danos Materiais;279,5;BR-116/SP;Sul;Choque - Defensa, barreira ou submarino;
08/08/2021;domingo;04:19:00;2 - Acidente com VITIMA;272,8;BR-116/SP;Sul;Capotamento;
08/08/2021;domingo;07:04:00;3 - Acidente com Danos Materiais;28,124;BR-116/PR;Norte;Tombamento;
08/08/2021;domingo;07:34:00;3 - Acidente com Danos Materiais;442,19;BR-116/SP;Norte;Saida de Pista;
08/08/2021;domingo;13:08:00;2 - Acidente com VITIMA;550,3;BR-116/SP;Norte;Tombamento;
08/08/2021;domingo;13:09:00;3 - Acidente com Danos Materiais;272,8;BR-116/SP;Norte;Colisão Traseira;
08/08/2021;domingo;13:42:00;3 - Acidente com Danos Materiais;276,7;BR-116/SP;Sul;Engavetamento;
08/08/2021;domingo;20:17:00;2 - Acidente com VITIMA;285,235;BR-116/SP;Norte;Colisão Lateral;
09/08/2021;segunda-feira;07:33:00;3 - Acidente com Danos Materiais;280,3;BR-116/SP;Norte;Engavetamento;
09/08/2021;segunda-feira;07:48:00;2 - Acidente com VITIMA;270,5;BR-116/SP;Norte;Queda de Moto;
09/08/2021;segunda-feira;08:50:00;3 - Acidente com Danos Materiais;288,6;BR-116/SP;Norte;Engavetamento;
10/08/2021;terça-feira;00:02:00;2 - Acidente com VITIMA;24,887;BR-116/PR;Norte;Tombamento;
10/08/2021;terça-feira;01:35:00;3 - Acidente com Danos Materiais;433,1;BR-116/SP;Sul;Saida de Pista;
10/08/2021;terça-feira;06:20:00;2 - Acidente com VITIMA;270,1;BR-116/SP;Norte;Colisão Traseira;
10/08/2021;terça-feira;06:58:00;2 - Acidente com VITIMA;485,764;BR-116/SP;Norte;Colisão Traseira;
10/08/2021;terça-feira;07:35:00;2 - Acidente com VITIMA;271,3;BR-116/SP;Norte;Colisão Lateral;
10/08/2021;terça-feira;07:56:00;2 - Acidente com VITIMA;272,3;BR-116/SP;Norte;Engavetamento;
10/08/2021;terça-feira;08:37:00;2 - Acidente com VITIMA;390,75;BR-116/SP;Sul;Colisão Traseira;
10/08/2021;terça-feira;12:54:00;3 - Acidente com Danos Materiais;62,947;BR-116/PR;Norte;Colisão Lateral;
10/08/2021;terça-feira;14:46:00;3 - Acidente com Danos Materiais;541,01;BR-116/SP;Sul;Saida de Pista;
10/08/2021;terça-feira;17:44:00;2 - Acidente com VITIMA;284,3;BR-116/SP;Norte;Colisão Traseira;
10/08/2021;terça-feira;18:28:00;3 - Acidente com Danos Materiais;273,7;BR-116/SP;Norte;Colisão Lateral;
10/08/2021;terça-feira;19:43:00;2 - Acidente com VITIMA;476,9;BR-116/SP;Norte;Colisão Lateral;
10/08/2021;terça-feira;22:08:00;3 - Acidente com Danos Materiais;283,88;BR-116/SP;Norte;Choque - Defensa, barreira ou submarino;
10/08/2021;terça-feira;22:29:00;3 - Acidente com Danos Materiais;45,088;BR-116/PR;Norte;Colisão Traseira;
10/08/2021;terça-feira;22:56:00;3 - Acidente com Danos Materiais;283,8;BR-116/SP;Sul;Colisão Traseira;
10/08/2021;terça-feira;23:48:00;3 - Acidente com Danos Materiais;40,5;BR-116/PR;Sul;Queda de Moto;
11/08/2021;quarta-feira;00:16:00;1 - Acidente com Vitima Fatal;471,902;BR-116/SP;Norte;Atropelamento - Andarilho;1
11/08/2021;quarta-feira;04:57:00;2 - Acidente com VITIMA;508,9;BR-116/SP;Sul;Tombamento;
11/08/2021;quarta-feira;05:04:00;3 - Acidente com Danos Materiais;371,8;BR-116/SP;Norte;Choque - Defensa, barreira ou submarino;
11/08/2021;quarta-feira;08:29:00;3 - Acidente com Danos Materiais;51,005;BR-116/PR;Norte;Choque - Defensa, barreira ou submarino;
11/08/2021;quarta-feira;09:05:00;2 - Acidente com VITIMA;17,905;BR-116/CW;Sul;Capotamento;
11/08/2021;quarta-feira;09:19:00;3 - Acidente com Danos Materiais;403,2;BR-116/SP;Norte;Saida de Pista;
11/08/2021;quarta-feira;12:29:00;2 - Acidente com VITIMA;28,12;BR-116/PR;Norte;Saida de Pista;
11/08/2021;quarta-feira;12:44:00;3 - Acidente com Danos Materiais;458,186;BR-116/SP;Sul;Colisão Traseira;
11/08/2021;quarta-feira;13:57:00;2 - Acidente com VITIMA;459,75;BR-116/SP;Sul;Colisão Traseira;
11/08/2021;quarta-feira;15:39:00;3 - Acidente com Danos Materiais;460,9;BR-116/SP;Sul;Colisão Traseira;
11/08/2021;quarta-feira;16:04:00;3 - Acidente com Danos Materiais;281,3;BR-116/SP;Sul;Colisão Traseira;
11/08/2021;quarta-feira;19:00:00;2 - Acidente com VITIMA;529,9;BR-116/SP;Sul;Colisão Transversal;
11/08/2021;quarta-feira;20:01:00;3 - Acidente com Danos Materiais;65,7;BR-116/PR;Sul;Colisão Lateral;
11/08/2021;quarta-feira;22:25:00;3 - Acidente com Danos Materiais;59,1;BR-116/PR;Sul;Choque - Elemento de Drenagem;
11/08/2021;quarta-feira;22:25:00;3 - Acidente com Danos Materiais;299,5;BR-116/SP;Sul;Colisão Traseira;
11/08/2021;quarta-feira;22:57:00;3 - Acidente com Danos Materiais;348,8;BR-116/SP;Sul;Colisão Traseira;
11/08/2021;quarta-feira;22:59:00;3 - Acidente com Danos Materiais;504,96;BR-116/SP;Sul;Tombamento;
12/08/2021;quinta-feira;05:47:00;3 - Acidente com Danos Materiais;340,2;BR-116/SP;Norte;Saida de Pista;
12/08/2021;quinta-feira;06:56:00;3 - Acidente com Danos Materiais;5,511;BR-116/PR;Norte;Choque - Defensa, barreira ou submarino;
12/08/2021;quinta-feira;08:13:00;3 - Acidente com Danos Materiais;362,7;BR-116/SP;Norte;Colisão Lateral;
12/08/2021;quinta-feira;08:56:00;3 - Acidente com Danos Materiais;541,12;BR-116/SP;Sul;Choque - Defensa, barreira ou submarino;
12/08/2021;quinta-feira;08:58:00;2 - Acidente com VITIMA;327,6;BR-116/SP;Sul;Queda de Moto;
12/08/2021;quinta-feira;09:16:00;3 - Acidente com Danos Materiais;336,15;BR-116/SP;Norte;Colisão Lateral;
12/08/2021;quinta-feira;09:25:00;2 - Acidente com VITIMA;347,15;BR-116/SP;Norte;Colisão Traseira;
12/08/2021;quinta-feira;09:45:00;3 - Acidente com Danos Materiais;5,593;BR-116/PR;Norte;Choque - Defensa, barreira ou submarino;
12/08/2021;quinta-feira;10:42:00;3 - Acidente com Danos Materiais;15,55;BR-116/PR;Norte;Choque - Elemento de Drenagem;
12/08/2021;quinta-feira;11:29:00;3 - Acidente com Danos Materiais;6,975;BR-116/PR;Sul;Choque - Defensa, barreira ou submarino;
12/08/2021;quinta-feira;13:32:00;3 - Acidente com Danos Materiais;18,12;BR-116/PR;Norte;Choque - Defensa, barreira ou submarino;
12/08/2021;quinta-feira;13:57:00;3 - Acidente com Danos Materiais;340;BR-116/SP;Norte;Choque - Talude;
12/08/2021;quinta-feira;15:57:00;3 - Acidente com Danos Materiais;514,5;BR-116/SP;Norte;Capotamento;
12/08/2021;quinta-feira;16:20:00;2 - Acidente com VITIMA;509,8;BR-116/SP;Sul;Capotamento;
12/08/2021;quinta-feira;16:27:00;3 - Acidente com Danos Materiais;542,9;BR-116/SP;Sul;Engavetamento;
12/08/2021;quinta-feira;16:36:00;3 - Acidente com Danos Materiais;565,01;BR-116/SP;Sul;Choque - Defensa, barreira ou submarino;
12/08/2021;quinta-feira;16:46:00;3 - Acidente com Danos Materiais;499,5;BR-116/SP;Sul;Choque - Elemento de Drenagem;
12/08/2021;quinta-feira;17:15:00;2 - Acidente com VITIMA;6,9;BR-116/PR;Sul;Capotamento;