data;dia_semana;horario;tipo_de_ocorrencia;km;trecho;sentido;tipo_de_acidente;mortos
12/08/2021;quinta-feira;17:32:00;3 - Acidente com Danos Materiais;561,5;BR-116/SP;Norte;Choque - Elemento de Drenagem;
12/08/2021;quinta-feira;18:04:00;3 - Acidente com Danos Materiais;6,85;BR-116/PR;Sul;Choque - Defensa, barreira ou submarino;
12/08/2021;quinta-feira;20:07:00;3 - Acidente com Danos Materiais;345,65;BR-116/SP;Sul;Choque - Defensa, barreira ou submarino;
12/08/2021;quinta-feira;20:29:00;3 - Acidente com Danos Materiais;347,5;BR-116/SP;Norte;Saida de Pista;
12/08/2021;quinta-feira;20:46:00;2 - Acidente com VITIMA;513,202;BR-116/SP;Norte;Choque - Defensa, barreira ou submarino;
12/08/2021;quinta-feira;20:53:00;3 - Acidente com Danos Materiais;565,4;BR-116/SP;Sul;Choque - Veiculo parado na pista;
12/08/2021;quinta-feira;21:03:00;3 - Acidente com Danos Materiais;566,9;BR-116/SP;Norte;Choque - Defensa, barreira ou submarino;
12/08/2021;quinta-feira;21:58:00;3 - Acidente com Danos Materiais;547,2;BR-116/SP;Sul;Capotamento;
12/08/2021;quinta-feira;22:45:00;3 - Acidente com Danos Materiais;359,15;BR-116/SP;Norte;Saida de Pista;
12/08/2021;quinta-feira;22:46:00;2 - Acidente com VITIMA;550,1;BR-116/SP;Norte;Choque - Defensa, barreira ou submarino;
12/08/2021;quinta-feira;23:14:00;3 - Acidente com Danos Materiais;512,9;BR-116/SP;Norte;Choque - Defensa, barreira ou submarino;
12/08/2021;quinta-feira;23:28:00;3 - Acidente com Danos Materiais;280,7;BR-116/SP;Sul;Colisão Traseira;
12/08/2021;quinta-feira;23:33:00;2 - Acidente com VITIMA;515,8;BR-116/SP;Norte;Capotamento;
13/08/2021;sexta-feira;00:39:00;2 - Acidente com VITIMA;517,1;BR-116/SP;Norte;Colisão Lateral;
13/08/2021;sexta-feira;02:56:00;3 - Acidente com Danos Materiais;292,05;BR-116/SP;Norte;Choque - Defensa, barreira ou submarino;
13/08/2021;sexta-feira;05:22:00;3 - Acidente com Danos Materiais;541,7;BR-116/SP;Sul;Choque - Defensa, barreira ou submarino;
13/08/2021;sexta-feira;05:23:00;2 - Acidente com VITIMA;473,949;BR-116/SP;Sul;Colisão Traseira;
13/08/2021;sexta-feira;05:43:00;3 - Acidente com Danos Materiais;348;BR-116/SP;Norte;Choque - Defensa, barreira ou submarino;
13/08/2021;sexta-feira;05:47:00;3 - Acidente com Danos Materiais;46,9;BR-116/PR;Norte;Choque - Poste;
13/08/2021;sexta-feira;07:44:00;3 - Acidente com Danos Materiais;28,27;BR-116/PR;Norte;Choque - Defensa, barreira ou submarino;
13/08/2021;sexta-feira;07:56:00;3 - Acidente com Danos Materiais;27,833;BR-116/PR;Norte;Colisão Traseira;
13/08/2021;sexta-feira;08:53:00;3 - Acidente com Danos Materiais;513,3;BR-116/SP;Norte;Choque - Defensa, barreira ou submarino;
13/08/2021;sexta-feira;09:00:00;3 - Acidente com Danos Materiais;3,5;BR-116/PR;Norte;Saida de Pista;
13/08/2021;sexta-feira;09:01:00;3 - Acidente com Danos Materiais;46,95;BR-116/PR;Norte;Choque - Defensa, barreira ou submarino;
13/08/2021;sexta-feira;09:13:00;3 - Acidente com Danos Materiais;269,7;BR-116/SP;Sul;Colisão Traseira;
13/08/2021;sexta-feira;10:13:00;3 - Acidente com Danos Materiais;504,1;BR-116/SP;Sul;Tombamento;
13/08/2021;sexta-feira;10:14:00;3 - Acidente com Danos Materiais;514,2;BR-116/SP;Norte;Choque - Talude;
13/08/2021;sexta-feira;10:15:00;3 - Acidente com Danos Materiais;46,25;BR-116/PR;Norte;Choque - Elemento de Drenagem;
13/08/2021;sexta-feira;10:49:00;3 - Acidente com Danos Materiais;509,5;BR-116/SP;Sul;Choque - Elemento de Drenagem;
13/08/2021;sexta-feira;10:58:00;3 - Acidente com Danos Materiais;33,8;BR-116/PR;Norte;Choque - Talude;
13/08/2021;sexta-feira;11:16:00;3 - Acidente com Danos Materiais;549,15;BR-116/SP;Norte;Choque - Defensa, barreira ou submarino;
13/08/2021;sexta-feira;11:30:00;3 - Acidente com Danos Materiais;26,388;BR-116/PR;Norte;Capotamento;
13/08/2021;sexta-feira;11:52:00;3 - Acidente com Danos Materiais;446,4;BR-116/SP;Sul;Saida de Pista;
13/08/2021;sexta-feira;12:28:00;3 - Acidente com Danos Materiais;515,5;BR-116/SP;Norte;Capotamento;
13/08/2021;sexta-feira;12:31:00;3 - Acidente com Danos Materiais;511,4;BR-116/SP;Norte;Colisão Traseira;
13/08/2021;sexta-feira;12:37:00;2 - Acidente com VITIMA;550,2;BR-116/SP;Norte;Choque - Talude;
13/08/2021;sexta-feira;12:39:00;3 - Acidente com Danos Materiais;567,1;BR-116/SP;Norte;Choque - Defensa, barreira ou submarino;
13/08/2021;sexta-feira;12:39:00;3 - Acidente com Danos Materiais;326,1;BR-116/SP;Norte;Capotamento;
13/08/2021;sexta-feira;12:48:00;3 - Acidente com Danos Materiais;42,3;BR-116/PR;Sul;Capotamento;
13/08/2021;sexta-feira;13:14:00;3 - Acidente com Danos Materiais;289,8;BR-116/SP;Norte;Colisão Lateral;
13/08/2021;sexta-feira;13:21:00;3 - Acidente com Danos Materiais;44,1;BR-116/PR;Sul;Choque - Elemento de Drenagem;
13/08/2021;sexta-feira;13:23:00;2 - Acidente com VITIMA;282,2;BR-116/SP;Norte;Colisão Traseira;
13/08/2021;sexta-feira;13:37:00;3 - Acidente com Danos Materiais;561,5;BR-116/SP;Sul;Choque - Elemento de Drenagem;
13/08/2021;sexta-feira;14:04:00;2 - Acidente com VITIMA;481,893;BR-116/SP;Sul;Saida de Pista;
13/08/2021;sexta-feira;14:39:00;3 - Acidente com Danos Materiais;44,25;BR-116/PR;Norte;Capotamento;
13/08/2021;sexta-feira;14:56:00;3 - Acidente com Danos Materiais;45,6;BR-116/PR;Sul;Saida de Pista;
13/08/2021;sexta-feira;14:57:00;3 - Acidente com Danos Materiais;463,75;BR-116/SP;Sul;Capotamento;
13/08/2021;sexta-feira;15:04:00;3 - Acidente com Danos Materiais;362,1;BR-116/SP;Sul;Saida de Pista;
13/08/2021;sexta-feira;15:23:00;3 - Acidente com Danos Materiais;567,5;BR-116/SP;Norte;Tombamento;
13/08/2021;sexta-feira;15:24:00;3 - Acidente com Danos Materiais;509,7;BR-116/SP;Norte;Choque - Talude;
13/08/2021;sexta-feira;15:26:00;3 - Acidente com Danos Materiais;560,4;BR-116/SP;Sul;Choque - Defensa, barreira ou submarino;
13/08/2021;sexta-feira;15:30:00;3 - Acidente com Danos Materiais;457,1;BR-116/SP;Sul;Choque - Defensa, barreira ou submarino;
13/08/2021;sexta-feira;16:08:00;3 - Acidente com Danos Materiais;515,25;BR-116/SP;Norte;Choque - Defensa, barreira ou submarino;
13/08/2021;sexta-feira;16:19:00;3 - Acidente com Danos Materiais;565,15;BR-116/SP;Sul;Choque - Defensa, barreira ou submarino;
13/08/2021;sexta-feira;16:21:00;2 - Acidente com VITIMA;38,3;BR-116/PR;Sul;Choque - Talude;
13/08/2021;sexta-feira;16:46:00;3 - Acidente com Danos Materiais;513,6;BR-116/SP;Norte;Choque - Defensa, barreira ou submarino;
13/08/2021;sexta-feira;17:16:00;3 - Acidente com Danos Materiais;561,8;BR-116/SP;Sul;Saida de Pista;
13/08/2021;sexta-feira;18:11:00;3 - Acidente com Danos Materiais;5,3;BR-116/CW;Norte;Saida de Pista;
13/08/2021;sexta-feira;18:24:00;2 - Acidente com VITIMA;280,3;BR-116/SP;Sul;Colisão Lateral;
13/08/2021;sexta-feira;18:51:00;3 - Acidente com Danos Materiais;377,01;BR-116/SP;Norte;Choque - Defensa, barreira ou submarino;
13/08/2021;sexta-feira;19:17:00;3 - Acidente com Danos Materiais;513,1;BR-116/SP;Norte;Saida de Pista;
13/08/2021;sexta-feira;22:09:00;3 - Acidente com Danos Materiais;548,7;BR-116/SP;Sul;Colisão Lateral;
13/08/2021;sexta-feira;22:53:00;2 - Acidente com VITIMA;45,5;BR-116/PR;Norte;Saida de Pista;
14/08/2021;sábado;00:27:00;3 - Acidente com Danos Materiais;416,478;BR-116/SP;Sul;Colisão Traseira;
14/08/2021;sábado;02:19:00;3 - Acidente com Danos Materiais;550,12;BR-116/SP;Norte;Capotamento;
14/08/2021;sábado;05:17:00;3 - Acidente com Danos Materiais;46,9;BR-116/PR;Norte;Choque - Poste;
14/08/2021;sábado;07:08:00;2 - Acidente com VITIMA;513,6;BR-116/SP;Norte;Capotamento;
14/08/2021;sábado;07:20:00;3 - Acidente com Danos Materiais;565,3;BR-116/SP;Sul;Choque - Defensa, barreira ou submarino;
14/08/2021;sábado;07:32:00;3 - Acidente com Danos Materiais;44,3;BR-116/PR;Norte;Saida de Pista;
14/08/2021;sábado;07:35:00;1 - Acidente com Vitima Fatal;514,8;BR-116/SP;Norte;Tombamento;1
14/08/2021;sábado;07:59:00;3 - Acidente com Danos Materiais;6,3;BR-116/PR;Norte;Saida de Pista;
14/08/2021;sábado;08:10:00;3 - Acidente com Danos Materiais;567,1;BR-116/SP;Norte;Choque - Talude;
14/08/2021;sábado;08:15:00;2 - Acidente com VITIMA;520,95;BR-116/SP;Norte;Saida de Pista;
14/08/2021;sábado;08:21:00;3 - Acidente com Danos Materiais;47,1;BR-116/PR;Norte;Saida de Pista;
14/08/2021;sábado;08:28:00;3 - Acidente com Danos Materiais;568,1;BR-116/SP;Norte;Choque - Defensa, barreira ou submarino;
14/08/2021;sábado;08:47:00;3 - Acidente com Danos Materiais;500,099;BR-116/SP;Sul;Capotamento;
14/08/2021;sábado;08:56:00;3 - Acidente com Danos Materiais;6,801;BR-116/PR;Sul;Choque - Elemento de Drenagem;
14/08/2021;sábado;09:09:00;3 - Acidente com Danos Materiais;26,4;BR-116/PR;Norte;Choque - Defensa, barreira ou submarino;
14/08/2021;sábado;09:14:00;3 - Acidente com Danos Materiais;565,1;BR-116/SP;Sul;Choque - Defensa, barreira ou submarino;
14/08/2021;sábado;09:20:00;3 - Acidente com Danos Materiais;47,1;BR-116/PR;Norte;Choque - Talude;
14/08/2021;sábado;09:51:00;3 - Acidente com Danos Materiais;547,3;BR-116/SP;Norte;Choque - Defensa, barreira ou submarino;
14/08/2021;sábado;10:49:00;3 - Acidente com Danos Materiais;5,8;BR-116/PR;Norte;Choque - Defensa, barreira ou submarino;
14/08/2021;sábado;11:05:00;3 - Acidente com Danos Materiais;280,274;BR-116/SP;Sul;Colisão Traseira;
14/08/2021;sábado;12:10:00;3 - Acidente com Danos Materiais;512,6;BR-116/SP;Norte;Choque - Defensa, barreira ou submarino;
14/08/2021;sábado;13:23:00;3 - Acidente com Danos Materiais;47,1;BR-116/PR;Norte;Choque - Elemento de Drenagem;
14/08/2021;sábado;13:44:00;3 - Acidente com Danos Materiais;511,9;BR-116/SP;Norte;Choque - Defensa, barreira ou submarino;
14/08/2021;sábado;13:59:00;3 - Acidente com Danos Materiais;45,8;BR-116/PR;Sul;Choque - Defensa, barreira ou submarino;
14/08/2021;sábado;14:14:00;3 - Acidente com Danos Materiais;45,6;BR-116/PR;Sul;Colisão Lateral;
14/08/2021;sábado;14:37:00;2 - Acidente com VITIMA;548,1;BR-116/SP;Sul;Tombamento;
14/08/2021;sábado;10:00:00;2 - Acidente com VITIMA;565,3;BR-116/SP;Sul;Choque - Defensa, barreira ou submarino;
14/08/2021;sábado;15:11:00;3 - Acidente com Danos Materiais;549,8;BR-116/SP;Norte;Choque - Defensa, barreira ou submarino;
14/08/2021;sábado;15:38:00;3 - Acidente com Danos Materiais;27,7;BR-116/PR;Sul;Saida de Pista;
14/08/2021;sábado;16:53:00;3 - Acidente com Danos Materiais;532,2;BR-116/SP;Sul;Colisão Lateral;
14/08/2021;sábado;18:39:00;3 - Acidente com Danos Materiais;566,3;BR-116/SP;Sul;Choque - Elemento de Drenagem;
14/08/2021;sábado;21:57:00;2 - Acidente com VITIMA;286,95;BR-116/SP;Norte;Atropelamento - Usuário;
14/08/2021;sábado;22:59:00;3 - Acidente com Danos Materiais;403,1;BR-116/SP;Norte;Colisão Lateral;
14/08/2021;sábado;23:33:00;3 - Acidente com Danos Materiais;297;BR-116/SP;Sul;Capotamento;
15/08/2021;domingo;04:00:00;2 - Acidente com VITIMA;319,295;BR-116/SP;Norte;Colisão Traseira;
15/08/2021;domingo;06:50:00;3 - Acidente com Danos Materiais;512,9;BR-116/SP;Norte;Choque - Defensa, barreira ou submarino;
15/08/2021;domingo;08:10:00;3 - Acidente com Danos Materiais;13,01;BR-116/CW;Norte;Choque - Elemento de Drenagem;
15/08/2021;domingo;09:17:00;2 - Acidente com VITIMA;359,744;BR-116/SP;Norte;Tombamento;
15/08/2021;domingo;11:16:00;2 - Acidente com VITIMA;498,3;BR-116/SP;Sul;Queda de Moto;
15/08/2021;domingo;13:59:00;2 - Acidente com VITIMA;490,254;BR-116/SP;Norte;Choque - Defensa, barreira ou submarino;
15/08/2021;domingo;19:59:00;2 - Acidente com VITIMA;511,9;BR-116/SP;Norte;Capotamento;
16/08/2021;segunda-feira;04:01:00;2 - Acidente com VITIMA;45,354;BR-116/PR;Sul;Capotamento;
16/08/2021;segunda-feira;04:55:00;2 - Acidente com VITIMA;28,436;BR-116/PR;Norte;Capotamento;
16/08/2021;segunda-feira;05:13:00;3 - Acidente com Danos Materiais;6,8;BR-116/PR;Sul;Choque - Defensa, barreira ou submarino;
16/08/2021;segunda-feira;05:52:00;3 - Acidente com Danos Materiais;283,2;BR-116/SP;Norte;Colisão Traseira;
16/08/2021;segunda-feira;06:08:00;3 - Acidente com Danos Materiais;362,223;BR-116/SP;Sul;Saida de Pista;
16/08/2021;segunda-feira;06:24:00;2 - Acidente com VITIMA;279,2;BR-116/SP;Norte;Queda de Moto;
16/08/2021;segunda-feira;07:04:00;3 - Acidente com Danos Materiais;43,3;BR-116/PR;Sul;Choque - Elemento de Drenagem;
16/08/2021;segunda-feira;07:08:00;2 - Acidente com VITIMA;541,5;BR-116/SP;Sul;Choque - Defensa, barreira ou submarino;
16/08/2021;segunda-feira;07:34:00;3 - Acidente com Danos Materiais;520,2;BR-116/SP;Norte;Choque - Defensa, barreira ou submarino;
16/08/2021;segunda-feira;08:20:00;3 - Acidente com Danos Materiais;285,1;BR-116/SP;Norte;Colisão Lateral;
16/08/2021;segunda-feira;08:27:00;2 - Acidente com VITIMA;567,3;BR-116/SP;Norte;Choque - Elemento de Drenagem;
16/08/2021;segunda-feira;08:31:00;3 - Acidente com Danos Materiais;46,9;BR-116/PR;Norte;Saida de Pista;
16/08/2021;segunda-feira;10:09:00;3 - Acidente com Danos Materiais;44,1;BR-116/PR;Sul;Saida de Pista;
16/08/2021;segunda-feira;10:14:00;3 - Acidente com Danos Materiais;70,2;BR-116/PR;Sul;Engavetamento;
16/08/2021;segunda-feira;10:29:00;3 - Acidente com Danos Materiais;38,3;BR-116/PR;Sul;Saida de Pista;
16/08/2021;segunda-feira;10:31:00;3 - Acidente com Danos Materiais;566,2;BR-116/SP;Sul;Saida de Pista;
16/08/2021;segunda-feira;11:00:00;3 - Acidente com Danos Materiais;567,3;BR-116/SP;Norte;Saida de Pista;
16/08/2021;segunda-feira;11:13:00;3 - Acidente com Danos Materiais;26,3;BR-116/PR;Norte;Saida de Pista;
16/08/2021;segunda-feira;11:26:00;3 - Acidente com Danos Materiais;546,01;BR-116/SP;Sul;Choque - Defensa, barreira ou submarino;
16/08/2021;segunda-feira;11:35:00;3 - Acidente com Danos Materiais;44,15;BR-116/PR;Sul;Capotamento;
16/08/2021;segunda-feira;11:44:00;3 - Acidente com Danos Materiais;16,1;BR-116/CW;Norte;Capotamento;
16/08/2021;segunda-feira;12:59:00;3 - Acidente com Danos Materiais;290,12;BR-116/SP;Sul;Choque - Poste;
16/08/2021;segunda-feira;13:04:00;3 - Acidente com Danos Materiais;568,2;BR-116/SP;Sul;Saida de Pista;
16/08/2021;segunda-feira;13:22:00;3 - Acidente com Danos Materiais;509,6;BR-116/SP;Sul;Capotamento;
16/08/2021;segunda-feira;13:25:00;3 - Acidente com Danos Materiais;47,2;BR-116/PR;Norte;Choque - Talude;
16/08/2021;segunda-feira;14:07:00;3 - Acidente com Danos Materiais;301,65;BR-116/SP;Sul;Capotamento;
16/08/2021;segunda-feira;14:15:00;2 - Acidente com VITIMA;301,45;BR-116/SP;Sul;Tombamento;
16/08/2021;segunda-feira;14:19:00;2 - Acidente com VITIMA;51,056;BR-116/PR;Sul;Capotamento;
16/08/2021;segunda-feira;14:21:00;2 - Acidente com VITIMA;44,44;BR-116/PR;Sul;Capotamento;
16/08/2021;segunda-feira;14:24:00;3 - Acidente com Danos Materiais;545,7;BR-116/SP;Sul;Saida de Pista;
16/08/2021;segunda-feira;14:25:00;3 - Acidente com Danos Materiais;541,6;BR-116/SP;Sul;Choque - Defensa, barreira ou submarino;
16/08/2021;segunda-feira;14:51:00;3 - Acidente com Danos Materiais;566,15;BR-116/SP;Sul;Engavetamento;
16/08/2021;segunda-feira;15:08:00;3 - Acidente com Danos Materiais;561,5;BR-116/SP;Sul;Choque - Talude;
16/08/2021;segunda-feira;15:09:00;3 - Acidente com Danos Materiais;561,5;BR-116/SP;Sul;Saida de Pista;
16/08/2021;segunda-feira;15:31:00;3 - Acidente com Danos Materiais;538,05;BR-116/SP;Sul;Choque - Defensa, barreira ou submarino;
16/08/2021;segunda-feira;15:33:00;3 - Acidente com Danos Materiais;426,8;BR-116/SP;Norte;Colisão Traseira;
16/08/2021;segunda-feira;15:35:00;3 - Acidente com Danos Materiais;561,5;BR-116/SP;Sul;Choque - Defensa, barreira ou submarino;
16/08/2021;segunda-feira;15:50:00;3 - Acidente com Danos Materiais;567,5;BR-116/SP;Norte;Saida de Pista;
16/08/2021;segunda-feira;16:03:00;3 - Acidente com Danos Materiais;339,5;BR-116/SP;Norte;Choque - Suporte de Sinalização;
16/08/2021;segunda-feira;16:10:00;3 - Acidente com Danos Materiais;508,5;BR-116/SP;Sul;Tombamento;
16/08/2021;segunda-feira;21:29:00;2 - Acidente com VITIMA;443,9;BR-116/SP;Norte;Atropelamento - Outros;
17/08/2021;terça-feira;08:07:00;2 - Acidente com VITIMA;16,5;BR-116/CW;Sul;Colisão Traseira;
17/08/2021;terça-feira;08:18:00;2 - Acidente com VITIMA;517,9;BR-116/SP;Norte;Capotamento;
17/08/2021;terça-feira;08:31:00;3 - Acidente com Danos Materiais;282,12;BR-116/SP;Sul;Saida de Pista;
17/08/2021;terça-feira;15:15:00;2 - Acidente com VITIMA;465,4;BR-116/SP;Norte;Atropelamento - Ciclista;
17/08/2021;terça-feira;16:36:00;2 - Acidente com VITIMA;290,01;BR-116/SP;Sul;Queda de Moto;
17/08/2021;terça-feira;17:17:00;3 - Acidente com Danos Materiais;17,15;BR-116/PR;Norte;Colisão Traseira;
17/08/2021;terça-feira;18:11:00;2 - Acidente com VITIMA;269,1;BR-116/SP;Sul;Colisão Traseira;
17/08/2021;terça-feira;19:50:00;2 - Acidente com VITIMA;269,1;BR-116/SP;Sul;Colisão Lateral;
17/08/2021;terça-feira;23:31:00;3 - Acidente com Danos Materiais;271,005;BR-116/SP;Sul;Colisão Traseira;
18/08/2021;quarta-feira;03:35:00;3 - Acidente com Danos Materiais;47,6;BR-116/PR;Sul;Choque - Defensa, barreira ou submarino;
18/08/2021;quarta-feira;09:33:00;3 - Acidente com Danos Materiais;397,448;BR-116/SP;Norte;Colisão Traseira;
18/08/2021;quarta-feira;12:14:00;3 - Acidente com Danos Materiais;404,705;BR-116/SP;Norte;Colisão Traseira;
18/08/2021;quarta-feira;12:23:00;3 - Acidente com Danos Materiais;10,2;BR-116/CW;Sul;Colisão Traseira;
18/08/2021;quarta-feira;12:32:00;3 - Acidente com Danos Materiais;405,562;BR-116/SP;Norte;Saida de Pista;
18/08/2021;quarta-feira;18:57:00;3 - Acidente com Danos Materiais;299,001;BR-116/SP;Norte;Queda de Moto;
18/08/2021;quarta-feira;19:01:00;3 - Acidente com Danos Materiais;335,9;BR-116/SP;Sul;Colisão Traseira;
18/08/2021;quarta-feira;22:54:00;1 - Acidente com Vitima Fatal;499,6;BR-116/SP;Sul;Tombamento;1
19/08/2021;quinta-feira;00:01:00;3 - Acidente com Danos Materiais;282,785;BR-116/SP;Norte;Choque - Veiculo parado na pista;
19/08/2021;quinta-feira;03:21:00;3 - Acidente com Danos Materiais;392,752;BR-116/SP;Norte;Colisão Lateral;
19/08/2021;quinta-feira;04:26:00;3 - Acidente com Danos Materiais;311,525;BR-116/SP;Sul;Atropelamento de Animal;
19/08/2021;quinta-feira;10:26:00;3 - Acidente com Danos Materiais;57,01;BR-116/PR;Sul;Colisão Lateral;
19/08/2021;quinta-feira;12:19:00;2 - Acidente com VITIMA;512,7;BR-116/SP;Norte;Colisão Traseira;
19/08/2021;quinta-feira;15:33:00;2 - Acidente com VITIMA;273,3;BR-116/SP;Norte;Atropelamento - Outros;
19/08/2021;quinta-feira;18:54:00;2 - Acidente com VITIMA;326,8;BR-116/SP;Sul;Choque - Defensa, barreira ou submarino;
19/08/2021;quinta-feira;22:41:00;3 - Acidente com Danos Materiais;530,43;BR-116/SP;Sul;Saida de Pista;
20/08/2021;sexta-feira;01:09:00;2 - Acidente com VITIMA;317,6;BR-116/SP;Sul;Capotamento;
20/08/2021;sexta-feira;06:53:00;2 - Acidente com VITIMA;281,836;BR-116/SP;Norte;Colisão Traseira;
20/08/2021;sexta-feira;07:31:00;2 - Acidente com VITIMA;278,904;BR-116/SP;Sul;Colisão Traseira;
20/08/2021;sexta-feira;07:49:00;2 - Acidente com VITIMA;278,06;BR-116/SP;Sul;Colisão Traseira;
20/08/2021;sexta-feira;08:08:00;3 - Acidente com Danos Materiais;270,12;BR-116/SP;Sul;Colisão Traseira;
20/08/2021;sexta-feira;17:40:00;2 - Acidente com VITIMA;10,01;BR-116/CW;Norte;Engavetamento;
20/08/2021;sexta-feira;22:09:00;1 - Acidente com Vitima Fatal;45,35;BR-116/PR;Sul;Tombamento;1
21/08/2021;sábado;03:51:00;3 - Acidente com Danos Materiais;412,2;BR-116/SP;Sul;Capotamento;
21/08/2021;sábado;06:14:00;3 - Acidente com Danos Materiais;27,192;BR-116/PR;Norte;Choque - Defensa, barreira ou submarino;
21/08/2021;sábado;07:40:00;2 - Acidente com VITIMA;270,1;BR-116/SP;Norte;Engavetamento;
21/08/2021;sábado;08:02:00;3 - Acidente com Danos Materiais;465,3;BR-116/SP;Norte;Choque - Elemento de Drenagem;
21/08/2021;sábado;08:46:00;2 - Acidente com VITIMA;270,8;BR-116/SP;Norte;Colisão Traseira;
21/08/2021;sábado;10:05:00;2 - Acidente com VITIMA;280,542;BR-116/SP;Sul;Engavetamento;
21/08/2021;sábado;16:59:00;3 - Acidente com Danos Materiais;275,01;BR-116/SP;Norte;Colisão Traseira;
21/08/2021;sábado;17:51:00;2 - Acidente com VITIMA;296,2;BR-116/SP;Sul;Queda de Moto;
21/08/2021;sábado;20:20:00;3 - Acidente com Danos Materiais;66,3;BR-116/PR;Sul;Colisão Lateral;
22/08/2021;domingo;00:09:00;3 - Acidente com Danos Materiais;276,3;BR-116/SP;Norte;Colisão Traseira;
22/08/2021;domingo;00:15:00;3 - Acidente com Danos Materiais;276,4;BR-116/SP;Sul;Choque - Objeto sobre a pista;
22/08/2021;domingo;01:24:00;3 - Acidente com Danos Materiais;465,3;BR-116/SP;Norte;Saida de Pista;
22/08/2021;domingo;02:27:00;2 - Acidente com VITIMA;272,2;BR-116/SP;Sul;Capotamento;
22/08/2021;domingo;16:17:00;2 - Acidente com VITIMA;347,8;BR-116/SP;Sul;Tombamento;
22/08/2021;domingo;16:59:00;3 - Acidente com Danos Materiais;286,4;BR-116/SP;Norte;Colisão Traseira;
22/08/2021;domingo;17:49:00;3 - Acidente com Danos Materiais;416,1;BR-116/SP;Sul;Saida de Pista;
22/08/2021;domingo;18:01:00;3 - Acidente com Danos Materiais;297,8;BR-116/SP;Norte;Choque - Defensa, barreira ou submarino;
22/08/2021;domingo;18:30:00;1 - Acidente com Vitima Fatal;21,1;BR-116/PR;Sul;Atropelamento - Ambulante;1
22/08/2021;domingo;18:46:00;3 - Acidente com Danos Materiais;9,846;BR-116/CW;Norte;Colisão Traseira;
22/08/2021;domingo;19:40:00;3 - Acidente com Danos Materiais;1,5;BR-116/PR;Sul;Queda de Moto;
22/08/2021;domingo;19:55:00;3 - Acidente com Danos Materiais;298,6;BR-116/SP;Norte;Colisão Traseira;
22/08/2021;domingo;20:59:00;2 - Acidente com VITIMA;275,8;BR-116/SP;Sul;Colisão Traseira;
22/08/2021;domingo;23:11:00;2 - Acidente com VITIMA;16,2;BR-116/CW;Norte;Colisão Traseira;
23/08/2021;segunda-feira;00:02:00;2 - Acidente com VITIMA;275,05;BR-116/SP;Norte;Capotamento;
23/08/2021;segunda-feira;00:13:00;2 - Acidente com VITIMA;275,1;BR-116/SP;Sul;Colisão Traseira;
23/08/2021;segunda-feira;05:55:00;2 - Acidente com VITIMA;284,2;BR-116/SP;Norte;Colisão Traseira;
23/08/2021;segunda-feira;07:43:00;3 - Acidente com Danos Materiais;281,5;BR-116/SP;Norte;Colisão Lateral;
23/08/2021;segunda-feira;10:04:00;3 - Acidente com Danos Materiais;273,5;BR-116/SP;Norte;Choque - Elemento de Drenagem;
23/08/2021;segunda-feira;18:38:00;2 - Acidente com VITIMA;269,605;BR-116/SP;Norte;Colisão Lateral;
23/08/2021;segunda-feira;23:45:00;3 - Acidente com Danos Materiais;499,8;BR-116/SP;Sul;Saida de Pista;
24/08/2021;terça-feira;00:36:00;2 - Acidente com VITIMA;289,9;BR-116/SP;Sul;Queda de Moto;
24/08/2021;terça-feira;01:12:00;2 - Acidente com VITIMA;399,9;BR-116/SP;Norte;Capotamento;
24/08/2021;terça-feira;02:27:00;3 - Acidente com Danos Materiais;447,8;BR-116/SP;Sul;Atropelamento de Animal;
24/08/2021;terça-feira;05:05:00;2 - Acidente com VITIMA;29,564;BR-116/PR;Norte;Tombamento;
24/08/2021;terça-feira;08:00:00;2 - Acidente com VITIMA;325,396;BR-116/SP;Norte;Colisão Lateral;
24/08/2021;terça-feira;11:45:00;2 - Acidente com VITIMA;482,92;BR-116/SP;Norte;Saida de Pista;
24/08/2021;terça-feira;17:00:00;2 - Acidente com VITIMA;462,1;BR-116/SP;Sul;Atropelamento - Outros;
24/08/2021;terça-feira;17:08:00;3 - Acidente com Danos Materiais;295,7;BR-116/SP;Sul;Colisão Traseira;
25/08/2021;quarta-feira;00:17:00;1 - Acidente com Vitima Fatal;11,3;BR-116/PR;Sul;Atropelamento - Outros;1
25/08/2021;quarta-feira;07:56:00;2 - Acidente com VITIMA;395,092;BR-116/SP;Sul;Capotamento;
25/08/2021;quarta-feira;09:23:00;3 - Acidente com Danos Materiais;277,3;BR-116/SP;Norte;Choque - Defensa, barreira ou submarino;
25/08/2021;quarta-feira;13:16:00;3 - Acidente com Danos Materiais;302,5;BR-116/SP;Sul;Capotamento;