data;dia_semana;horario;tipo_de_ocorrencia;km;trecho;sentido;tipo_de_acidente;mortos
25/08/2021;quarta-feira;15:22:00;3 - Acidente com Danos Materiais;349,1;BR-116/SP;Norte;Colisão Traseira;
25/08/2021;quarta-feira;17:28:00;2 - Acidente com VITIMA;48,4;BR-116/PR;Norte;Colisão Lateral;
25/08/2021;quarta-feira;19:39:00;2 - Acidente com VITIMA;444,358;BR-116/SP;Sul;Colisão Frontal;
26/08/2021;quinta-feira;04:24:00;2 - Acidente com VITIMA;320,9;BR-116/SP;Norte;Colisão Traseira;
26/08/2021;quinta-feira;11:35:00;3 - Acidente com Danos Materiais;295,9;BR-116/SP;Norte;Colisão Traseira;
26/08/2021;quinta-feira;12:44:00;3 - Acidente com Danos Materiais;545,4;BR-116/SP;Norte;Tombamento;
26/08/2021;quinta-feira;16:56:00;2 - Acidente com VITIMA;50,75;BR-116/PR;Norte;Capotamento;
26/08/2021;quinta-feira;17:46:00;3 - Acidente com Danos Materiais;28,6;BR-116/PR;Norte;Choque - Defensa, barreira ou submarino;
26/08/2021;quinta-feira;19:22:00;3 - Acidente com Danos Materiais;6,85;BR-116/PR;Sul;Capotamento;
26/08/2021;quinta-feira;19:36:00;3 - Acidente com Danos Materiais;513,3;BR-116/SP;Norte;Choque - Defensa, barreira ou submarino;
26/08/2021;quinta-feira;21:24:00;3 - Acidente com Danos Materiais;513,6;BR-116/SP;Norte;Choque - Defensa, barreira ou submarino;
27/08/2021;sexta-feira;01:41:00;2 - Acidente com VITIMA;502,001;BR-116/SP;Sul;Capotamento;
27/08/2021;sexta-feira;02:21:00;3 - Acidente com Danos Materiais;362,5;BR-116/SP;Sul;Choque - Talude;
27/08/2021;sexta-feira;05:07:00;2 - Acidente com VITIMA;5,5;BR-116/PR;Norte;Capotamento;
27/08/2021;sexta-feira;05:34:00;3 - Acidente com Danos Materiais;423,93;BR-116/SP;Norte;Choque - Objeto sobre a pista;
27/08/2021;sexta-feira;06:18:00;3 - Acidente com Danos Materiais;356,9;BR-116/SP;Sul;Colisão Traseira;
27/08/2021;sexta-feira;06:50:00;3 - Acidente com Danos Materiais;280,5;BR-116/SP;Norte;Colisão Traseira;
27/08/2021;sexta-feira;08:43:00;2 - Acidente com VITIMA;270,2;BR-116/SP;Sul;Colisão Traseira;
27/08/2021;sexta-feira;09:04:00;3 - Acidente com Danos Materiais;284,5;BR-116/SP;Norte;Colisão Traseira;
27/08/2021;sexta-feira;09:08:00;3 - Acidente com Danos Materiais;15,5;BR-116/PR;Norte;Choque - Defensa, barreira ou submarino;
27/08/2021;sexta-feira;10:14:00;3 - Acidente com Danos Materiais;15,5;BR-116/PR;Norte;Colisão Traseira;
27/08/2021;sexta-feira;13:30:00;3 - Acidente com Danos Materiais;370,2;BR-116/SP;Sul;Colisão Traseira;
27/08/2021;sexta-feira;13:33:00;3 - Acidente com Danos Materiais;12;BR-116/PR;Sul;Choque - Defensa, barreira ou submarino;
27/08/2021;sexta-feira;14:40:00;3 - Acidente com Danos Materiais;515,8;BR-116/SP;Norte;Colisão Traseira;
27/08/2021;sexta-feira;14:54:00;3 - Acidente com Danos Materiais;533,2;BR-116/SP;Norte;Colisão Traseira;
27/08/2021;sexta-feira;14:57:00;3 - Acidente com Danos Materiais;12,6;BR-116/PR;Sul;Choque - Defensa, barreira ou submarino;
27/08/2021;sexta-feira;15:33:00;3 - Acidente com Danos Materiais;22,8;BR-116/PR;Sul;Choque - Defensa, barreira ou submarino;
27/08/2021;sexta-feira;15:37:00;3 - Acidente com Danos Materiais;339,01;BR-116/SP;Norte;Choque - Defensa, barreira ou submarino;
27/08/2021;sexta-feira;15:47:00;3 - Acidente com Danos Materiais;358,01;BR-116/SP;Sul;Colisão Traseira;
27/08/2021;sexta-feira;16:04:00;3 - Acidente com Danos Materiais;6,9;BR-116/PR;Sul;Choque - Defensa, barreira ou submarino;
27/08/2021;sexta-feira;16:25:00;3 - Acidente com Danos Materiais;567,05;BR-116/SP;Sul;Choque - Defensa, barreira ou submarino;
27/08/2021;sexta-feira;16:47:00;3 - Acidente com Danos Materiais;565,05;BR-116/SP;Sul;Choque - Defensa, barreira ou submarino;
27/08/2021;sexta-feira;17:17:00;3 - Acidente com Danos Materiais;46,9;BR-116/PR;Sul;Tombamento;
27/08/2021;sexta-feira;17:18:00;3 - Acidente com Danos Materiais;40,01;BR-116/PR;Norte;Choque - Defensa, barreira ou submarino;
27/08/2021;sexta-feira;18:06:00;3 - Acidente com Danos Materiais;339,01;BR-116/SP;Norte;Saida de Pista;
27/08/2021;sexta-feira;18:34:00;2 - Acidente com VITIMA;273,898;BR-116/SP;Norte;Colisão Lateral;
27/08/2021;sexta-feira;19:28:00;3 - Acidente com Danos Materiais;550,3;BR-116/SP;Norte;Choque - Talude;
27/08/2021;sexta-feira;19:56:00;3 - Acidente com Danos Materiais;365,103;BR-116/SP;Sul;Saida de Pista;
27/08/2021;sexta-feira;20:51:00;3 - Acidente com Danos Materiais;1,1;BR-116/PR;Sul;Choque - Defensa, barreira ou submarino;
27/08/2021;sexta-feira;21:08:00;2 - Acidente com VITIMA;6,95;BR-116/PR;Sul;Choque - Defensa, barreira ou submarino;
27/08/2021;sexta-feira;22:16:00;2 - Acidente com VITIMA;504,4;BR-116/SP;Norte;Engavetamento;
27/08/2021;sexta-feira;22:16:00;2 - Acidente com VITIMA;54,3;BR-116/PR;Sul;Colisão Traseira;
27/08/2021;sexta-feira;22:37:00;3 - Acidente com Danos Materiais;408,15;BR-116/SP;Norte;Saida de Pista;
27/08/2021;sexta-feira;23:43:00;3 - Acidente com Danos Materiais;565,16;BR-116/SP;Sul;Choque - Defensa, barreira ou submarino;
28/08/2021;sábado;00:14:00;3 - Acidente com Danos Materiais;509,6;BR-116/SP;Sul;Capotamento;
28/08/2021;sábado;00:41:00;3 - Acidente com Danos Materiais;269,7;BR-116/SP;Norte;Colisão Traseira;
28/08/2021;sábado;01:38:00;3 - Acidente com Danos Materiais;554,7;BR-116/SP;Sul;Colisão Traseira;
28/08/2021;sábado;02:34:00;2 - Acidente com VITIMA;554,5;BR-116/SP;Sul;Choque - Veiculo parado na pista;
28/08/2021;sábado;03:50:00;2 - Acidente com VITIMA;449,1;BR-116/SP;Norte;Queda de Moto;
28/08/2021;sábado;05:07:00;3 - Acidente com Danos Materiais;26,25;BR-116/PR;Norte;Choque - Defensa, barreira ou submarino;
28/08/2021;sábado;05:46:00;2 - Acidente com VITIMA;271,585;BR-116/SP;Norte;Colisão Traseira;
28/08/2021;sábado;06:08:00;2 - Acidente com VITIMA;271,8;BR-116/SP;Norte;Queda de Moto;
28/08/2021;sábado;06:45:00;3 - Acidente com Danos Materiais;26,4;BR-116/PR;Norte;Choque - Defensa, barreira ou submarino;
28/08/2021;sábado;06:57:00;2 - Acidente com VITIMA;271,5;BR-116/SP;Norte;Engavetamento;
28/08/2021;sábado;07:03:00;2 - Acidente com VITIMA;284,5;BR-116/SP;Sul;Queda de Moto;
28/08/2021;sábado;07:30:00;3 - Acidente com Danos Materiais;375,6;BR-116/SP;Norte;Saida de Pista;
28/08/2021;sábado;08:20:00;3 - Acidente com Danos Materiais;485,7;BR-116/SP;Sul;Colisão Traseira;
28/08/2021;sábado;08:54:00;2 - Acidente com VITIMA;367,25;BR-116/SP;Norte;Choque - Poste;
28/08/2021;sábado;09:35:00;3 - Acidente com Danos Materiais;550,201;BR-116/SP;Norte;Choque - Talude;
28/08/2021;sábado;10:07:00;3 - Acidente com Danos Materiais;485,7;BR-116/SP;Sul;Colisão Traseira;
28/08/2021;sábado;10:27:00;3 - Acidente com Danos Materiais;15,574;BR-116/PR;Norte;Choque - Defensa, barreira ou submarino;
28/08/2021;sábado;11:00:00;2 - Acidente com VITIMA;498,436;BR-116/SP;Sul;Choque - Talude;
28/08/2021;sábado;11:34:00;3 - Acidente com Danos Materiais;566,099;BR-116/SP;Sul;Saida de Pista;
28/08/2021;sábado;11:34:00;3 - Acidente com Danos Materiais;15,5;BR-116/PR;Norte;Choque - Defensa, barreira ou submarino;
28/08/2021;sábado;11:45:00;3 - Acidente com Danos Materiais;362,2;BR-116/SP;Sul;Choque - Defensa, barreira ou submarino;
28/08/2021;sábado;12:11:00;3 - Acidente com Danos Materiais;567,1;BR-116/SP;Norte;Tombamento;
28/08/2021;sábado;12:22:00;3 - Acidente com Danos Materiais;545,8;BR-116/SP;Sul;Choque - Defensa, barreira ou submarino;
28/08/2021;sábado;12:23:00;2 - Acidente com VITIMA;14,1;BR-116/PR;Norte;Capotamento;
28/08/2021;sábado;13:11:00;3 - Acidente com Danos Materiais;478,9;BR-116/SP;Sul;Choque - Defensa, barreira ou submarino;
28/08/2021;sábado;14:05:00;3 - Acidente com Danos Materiais;513,6;BR-116/SP;Norte;Choque - Defensa, barreira ou submarino;
28/08/2021;sábado;14:06:00;3 - Acidente com Danos Materiais;316,5;BR-116/SP;Norte;Choque - Defensa, barreira ou submarino;
28/08/2021;sábado;14:25:00;3 - Acidente com Danos Materiais;551,08;BR-116/SP;Sul;Choque - Defensa, barreira ou submarino;
28/08/2021;sábado;14:34:00;3 - Acidente com Danos Materiais;514,01;BR-116/SP;Norte;Choque - Defensa, barreira ou submarino;
28/08/2021;sábado;15:05:00;2 - Acidente com VITIMA;461,3;BR-116/SP;Norte;Colisão Lateral;
28/08/2021;sábado;15:24:00;3 - Acidente com Danos Materiais;548,862;BR-116/SP;Sul;Choque - Defensa, barreira ou submarino;
28/08/2021;sábado;15:38:00;2 - Acidente com VITIMA;325,35;BR-116/SP;Sul;Atropelamento - Outros;
28/08/2021;sábado;16:13:00;2 - Acidente com VITIMA;403,9;BR-116/SP;Sul;Capotamento;
28/08/2021;sábado;21:46:00;3 - Acidente com Danos Materiais;545,4;BR-116/SP;Norte;Choque - Defensa, barreira ou submarino;
28/08/2021;sábado;23:29:00;3 - Acidente com Danos Materiais;563,8;BR-116/SP;Norte;Choque - Defensa, barreira ou submarino;
29/08/2021;domingo;01:00:00;3 - Acidente com Danos Materiais;518,2;BR-116/SP;Sul;Colisão Traseira;
29/08/2021;domingo;04:47:00;3 - Acidente com Danos Materiais;381,95;BR-116/SP;Sul;Saida de Pista;
29/08/2021;domingo;07:13:00;3 - Acidente com Danos Materiais;561,2;BR-116/SP;Norte;Saida de Pista;
29/08/2021;domingo;07:35:00;2 - Acidente com VITIMA;512,9;BR-116/SP;Norte;Choque - Defensa, barreira ou submarino;
29/08/2021;domingo;08:10:00;3 - Acidente com Danos Materiais;362,4;BR-116/SP;Sul;Choque - Defensa, barreira ou submarino;
29/08/2021;domingo;08:14:00;3 - Acidente com Danos Materiais;473,5;BR-116/SP;Sul;Capotamento;
29/08/2021;domingo;09:26:00;3 - Acidente com Danos Materiais;509,5;BR-116/SP;Sul;Choque - Talude;
29/08/2021;domingo;10:37:00;3 - Acidente com Danos Materiais;9,5;BR-116/PR;Sul;Choque - Defensa, barreira ou submarino;
29/08/2021;domingo;12:06:00;3 - Acidente com Danos Materiais;6,958;BR-116/PR;Sul;Choque - Talude;
29/08/2021;domingo;12:20:00;3 - Acidente com Danos Materiais;20,2;BR-116/PR;Sul;Choque - Defensa, barreira ou submarino;
29/08/2021;domingo;12:20:00;3 - Acidente com Danos Materiais;5,515;BR-116/PR;Norte;Choque - Defensa, barreira ou submarino;
29/08/2021;domingo;12:37:00;3 - Acidente com Danos Materiais;0,2;BR-116/PR;Norte;Tombamento;
29/08/2021;domingo;12:53:00;3 - Acidente com Danos Materiais;6,9;BR-116/PR;Sul;Choque - Defensa, barreira ou submarino;
29/08/2021;domingo;13:36:00;3 - Acidente com Danos Materiais;340,5;BR-116/SP;Norte;Saida de Pista;
29/08/2021;domingo;13:59:00;3 - Acidente com Danos Materiais;32,8;BR-116/PR;Norte;Choque - Defensa, barreira ou submarino;
29/08/2021;domingo;14:51:00;3 - Acidente com Danos Materiais;326,1;BR-116/SP;Norte;Choque - Defensa, barreira ou submarino;
29/08/2021;domingo;15:02:00;3 - Acidente com Danos Materiais;6,95;BR-116/PR;Sul;Colisão Lateral;
29/08/2021;domingo;15:10:00;3 - Acidente com Danos Materiais;275,01;BR-116/SP;Norte;Choque - Elemento de Drenagem;
29/08/2021;domingo;16:16:00;3 - Acidente com Danos Materiais;6,95;BR-116/PR;Sul;Colisão Traseira;
29/08/2021;domingo;17:35:00;3 - Acidente com Danos Materiais;288,142;BR-116/SP;Norte;Choque - Defensa, barreira ou submarino;
29/08/2021;domingo;19:03:00;2 - Acidente com VITIMA;318,1;BR-116/SP;Norte;Choque - Defensa, barreira ou submarino;
29/08/2021;domingo;20:15:00;3 - Acidente com Danos Materiais;340,354;BR-116/SP;Norte;Capotamento;
29/08/2021;domingo;21:01:00;3 - Acidente com Danos Materiais;340,01;BR-116/SP;Sul;Colisão Lateral;
29/08/2021;domingo;22:58:00;2 - Acidente com VITIMA;6,9;BR-116/PR;Sul;Capotamento;
30/08/2021;segunda-feira;00:18:00;3 - Acidente com Danos Materiais;0,1;BR-116/PR;Sul;Colisão Traseira;
30/08/2021;segunda-feira;02:09:00;3 - Acidente com Danos Materiais;26,3;BR-116/PR;Norte;Choque - Veiculo parado no acostamento;
30/08/2021;segunda-feira;02:27:00;3 - Acidente com Danos Materiais;353,001;BR-116/SP;Sul;Saida de Pista;
30/08/2021;segunda-feira;03:06:00;2 - Acidente com VITIMA;278,9;BR-116/SP;Sul;Capotamento;
30/08/2021;segunda-feira;05:26:00;2 - Acidente com VITIMA;306,6;BR-116/SP;Norte;Choque - Defensa, barreira ou submarino;
30/08/2021;segunda-feira;05:51:00;3 - Acidente com Danos Materiais;326,89;BR-116/SP;Norte;Choque - Defensa, barreira ou submarino;
30/08/2021;segunda-feira;07:33:00;2 - Acidente com VITIMA;511,7;BR-116/SP;Norte;Tombamento;
30/08/2021;segunda-feira;08:46:00;2 - Acidente com VITIMA;561,4;BR-116/SP;Sul;Choque - Defensa, barreira ou submarino;
30/08/2021;segunda-feira;09:21:00;3 - Acidente com Danos Materiais;21,1;BR-116/PR;Sul;Capotamento;
30/08/2021;segunda-feira;09:45:00;3 - Acidente com Danos Materiais;385,5;BR-116/SP;Norte;Choque - Defensa, barreira ou submarino;
30/08/2021;segunda-feira;10:45:00;3 - Acidente com Danos Materiais;518,3;BR-116/SP;Sul;Capotamento;
30/08/2021;segunda-feira;11:07:00;3 - Acidente com Danos Materiais;498,95;BR-116/SP;Sul;Tombamento;
30/08/2021;segunda-feira;11:49:00;3 - Acidente com Danos Materiais;447,5;BR-116/SP;Norte;Tombamento;
30/08/2021;segunda-feira;12:07:00;3 - Acidente com Danos Materiais;549,1;BR-116/SP;Sul;Choque - Defensa, barreira ou submarino;
30/08/2021;segunda-feira;12:14:00;3 - Acidente com Danos Materiais;561,3;BR-116/SP;Sul;Choque - Defensa, barreira ou submarino;
30/08/2021;segunda-feira;12:58:00;3 - Acidente com Danos Materiais;39,2;BR-116/PR;Sul;Saida de Pista;
30/08/2021;segunda-feira;13:16:00;3 - Acidente com Danos Materiais;565,2;BR-116/SP;Sul;Choque - Defensa, barreira ou submarino;
30/08/2021;segunda-feira;13:55:00;3 - Acidente com Danos Materiais;550,1;BR-116/SP;Norte;Choque - Defensa, barreira ou submarino;
30/08/2021;segunda-feira;13:57:00;3 - Acidente com Danos Materiais;541,1;BR-116/SP;Sul;Choque - Defensa, barreira ou submarino;
30/08/2021;segunda-feira;14:38:00;3 - Acidente com Danos Materiais;565,2;BR-116/SP;Sul;Choque - Defensa, barreira ou submarino;
30/08/2021;segunda-feira;15:00:00;3 - Acidente com Danos Materiais;541,01;BR-116/SP;Sul;Capotamento;
30/08/2021;segunda-feira;15:07:00;3 - Acidente com Danos Materiais;514,01;BR-116/SP;Norte;Colisão Traseira;
30/08/2021;segunda-feira;15:53:00;3 - Acidente com Danos Materiais;564,01;BR-116/SP;Sul;Choque - Defensa, barreira ou submarino;
30/08/2021;segunda-feira;17:44:00;3 - Acidente com Danos Materiais;514,15;BR-116/SP;Norte;Capotamento;
30/08/2021;segunda-feira;17:49:00;3 - Acidente com Danos Materiais;42,1;BR-116/PR;Sul;Choque - Defensa, barreira ou submarino;
30/08/2021;segunda-feira;18:02:00;3 - Acidente com Danos Materiais;541,6;BR-116/SP;Sul;Choque - Defensa, barreira ou submarino;
30/08/2021;segunda-feira;18:31:00;3 - Acidente com Danos Materiais;17,5;BR-116/CW;Sul;Colisão Traseira;
30/08/2021;segunda-feira;22:37:00;3 - Acidente com Danos Materiais;59,1;BR-116/PR;Sul;Colisão Traseira;
30/08/2021;segunda-feira;22:55:00;3 - Acidente com Danos Materiais;59,1;BR-116/PR;Sul;Choque - Defensa, barreira ou submarino;
30/08/2021;segunda-feira;23:40:00;1 - Acidente com Vitima Fatal;403,1;BR-116/SP;Norte;Colisão Traseira;1
31/08/2021;terça-feira;04:28:00;3 - Acidente com Danos Materiais;285,5;BR-116/SP;Sul;Colisão Traseira;
31/08/2021;terça-feira;06:01:00;2 - Acidente com VITIMA;282,05;BR-116/SP;Norte;Colisão Traseira;
31/08/2021;terça-feira;06:05:00;2 - Acidente com VITIMA;392,85;BR-116/SP;Norte;Colisão Traseira;
31/08/2021;terça-feira;09:31:00;2 - Acidente com VITIMA;550,5;BR-116/SP;Norte;Tombamento;
31/08/2021;terça-feira;09:52:00;3 - Acidente com Danos Materiais;512,8;BR-116/SP;Norte;Choque - Defensa, barreira ou submarino;
31/08/2021;terça-feira;11:00:00;3 - Acidente com Danos Materiais;296,3;BR-116/SP;Norte;Choque - Defensa, barreira ou submarino;
31/08/2021;terça-feira;11:59:00;3 - Acidente com Danos Materiais;510,15;BR-116/SP;Norte;Choque - Defensa, barreira ou submarino;
31/08/2021;terça-feira;15:33:00;2 - Acidente com VITIMA;282,8;BR-116/SP;Norte;Capotamento;
31/08/2021;terça-feira;16:28:00;3 - Acidente com Danos Materiais;541,6;BR-116/SP;Sul;Choque - Defensa, barreira ou submarino;
31/08/2021;terça-feira;17:32:00;3 - Acidente com Danos Materiais;383,601;BR-116/SP;Norte;Colisão Lateral;
31/08/2021;terça-feira;18:46:00;3 - Acidente com Danos Materiais;276,001;BR-116/SP;Norte;Engavetamento;
31/08/2021;terça-feira;18:59:00;3 - Acidente com Danos Materiais;43,5;BR-116/PR;Sul;Capotamento;
31/08/2021;terça-feira;19:07:00;3 - Acidente com Danos Materiais;391,4;BR-116/SP;Sul;Saida de Pista;
31/08/2021;terça-feira;19:35:00;3 - Acidente com Danos Materiais;512,9;BR-116/SP;Norte;Choque - Defensa, barreira ou submarino;
31/08/2021;terça-feira;20:44:00;3 - Acidente com Danos Materiais;22,5;BR-116/PR;Sul;Choque - Elemento de Drenagem;
31/08/2021;terça-feira;21:45:00;3 - Acidente com Danos Materiais;548,9;BR-116/SP;Sul;Saida de Pista;
31/08/2021;terça-feira;21:54:00;3 - Acidente com Danos Materiais;33,32;BR-116/PR;Norte;Capotamento;
31/08/2021;terça-feira;22:02:00;3 - Acidente com Danos Materiais;567,1;BR-116/SP;Sul;Choque - Defensa, barreira ou submarino;
31/08/2021;terça-feira;22:29:00;3 - Acidente com Danos Materiais;548,9;BR-116/SP;Sul;Choque - Defensa, barreira ou submarino;
31/08/2021;terça-feira;23:24:00;2 - Acidente com VITIMA;546,3;BR-116/SP;Sul;Choque - Suporte de Sinalização;
01/09/2021;quarta-feira;01:18:00;3 - Acidente com Danos Materiais;40,1;BR-116/PR;Norte;Choque - Defensa, barreira ou submarino;
01/09/2021;quarta-feira;04:20:00;2 - Acidente com VITIMA;268,9;BR-116/SP;Sul;Capotamento;
01/09/2021;quarta-feira;06:20:00;2 - Acidente com VITIMA;567,55;BR-116/SP;Norte;Choque - Defensa, barreira ou submarino;
01/09/2021;quarta-feira;06:43:00;2 - Acidente com VITIMA;560,2;BR-116/SP;Sul;Saida de Pista;
01/09/2021;quarta-feira;11:36:00;3 - Acidente com Danos Materiais;353,001;BR-116/SP;Sul;Saida de Pista;
01/09/2021;quarta-feira;14:23:00;3 - Acidente com Danos Materiais;271,585;BR-116/SP;Norte;Colisão Traseira;
01/09/2021;quarta-feira;15:59:00;3 - Acidente com Danos Materiais;5,399;BR-116/CW;Norte;Tombamento;
01/09/2021;quarta-feira;16:45:00;2 - Acidente com VITIMA;312,675;BR-116/SP;Norte;Engavetamento;
01/09/2021;quarta-feira;17:22:00;3 - Acidente com Danos Materiais;279,9;BR-116/SP;Sul;Colisão Lateral;
01/09/2021;quarta-feira;18:05:00;3 - Acidente com Danos Materiais;292,8;BR-116/SP;Sul;Atropelamento de Animal;
01/09/2021;quarta-feira;18:52:00;3 - Acidente com Danos Materiais;414,9;BR-116/SP;Sul;Colisão Traseira;
02/09/2021;quinta-feira;00:01:00;3 - Acidente com Danos Materiais;427,6;BR-116/SP;Norte;Tombamento;
02/09/2021;quinta-feira;01:00:00;3 - Acidente com Danos Materiais;283,3;BR-116/SP;Norte;Capotamento;
02/09/2021;quinta-feira;02:01:00;3 - Acidente com Danos Materiais;353,001;BR-116/SP;Sul;Saida de Pista;
02/09/2021;quinta-feira;02:12:00;3 - Acidente com Danos Materiais;48,5;BR-116/PR;Sul;Colisão Traseira;
02/09/2021;quinta-feira;03:41:00;3 - Acidente com Danos Materiais;443,7;BR-116/SP;Sul;Saida de Pista;
02/09/2021;quinta-feira;05:55:00;2 - Acidente com VITIMA;16,1;BR-116/CW;Norte;Atropelamento - Andarilho;
02/09/2021;quinta-feira;10:13:00;3 - Acidente com Danos Materiais;513,8;BR-116/SP;Norte;Colisão Traseira;
02/09/2021;quinta-feira;12:53:00;2 - Acidente com VITIMA;274,837;BR-116/SP;Sul;Queda de Moto;
02/09/2021;quinta-feira;15:59:00;3 - Acidente com Danos Materiais;309,1;BR-116/SP;Sul;Capotamento;
02/09/2021;quinta-feira;16:08:00;2 - Acidente com VITIMA;470,05;BR-116/SP;Norte;Tombamento;
02/09/2021;quinta-feira;17:09:00;2 - Acidente com VITIMA;538,3;BR-116/SP;Sul;Colisão Traseira;
02/09/2021;quinta-feira;20:21:00;3 - Acidente com Danos Materiais;442,01;BR-116/SP;Norte;Saida de Pista;
02/09/2021;quinta-feira;21:06:00;3 - Acidente com Danos Materiais;300,01;BR-116/SP;Norte;Colisão Lateral;
03/09/2021;sexta-feira;00:59:00;3 - Acidente com Danos Materiais;35,6;BR-116/PR;Sul;Choque - Objeto sobre a pista;
03/09/2021;sexta-feira;05:33:00;2 - Acidente com VITIMA;285,116;BR-116/SP;Norte;Engavetamento;
03/09/2021;sexta-feira;07:01:00;3 - Acidente com Danos Materiais;57,2;BR-116/PR;Sul;Colisão Lateral;
03/09/2021;sexta-feira;07:48:00;2 - Acidente com VITIMA;281,121;BR-116/SP;Norte;Colisão Traseira;
03/09/2021;sexta-feira;12:16:00;3 - Acidente com Danos Materiais;9,1;BR-116/CW;Norte;Colisão Lateral;
03/09/2021;sexta-feira;16:11:00;3 - Acidente com Danos Materiais;283,7;BR-116/SP;Sul;Engavetamento;
03/09/2021;sexta-feira;16:35:00;3 - Acidente com Danos Materiais;0,1;BR-116/CW;Norte;Capotamento;
03/09/2021;sexta-feira;16:58:00;3 - Acidente com Danos Materiais;444,3;BR-116/SP;Norte;Saida de Pista;
03/09/2021;sexta-feira;21:08:00;2 - Acidente com VITIMA;269,2;BR-116/SP;Sul;Colisão Lateral;
03/09/2021;sexta-feira;21:44:00;3 - Acidente com Danos Materiais;497,9;BR-116/SP;Norte;Choque - Defensa, barreira ou submarino;
03/09/2021;sexta-feira;23:51:00;3 - Acidente com Danos Materiais;279,5;BR-116/SP;Sul;Colisão Traseira;
04/09/2021;sábado;00:08:00;3 - Acidente com Danos Materiais;484,6;BR-116/SP;Sul;Colisão Traseira;
04/09/2021;sábado;01:05:00;2 - Acidente com VITIMA;507,4;BR-116/SP;Norte;Tombamento;
04/09/2021;sábado;03:05:00;2 - Acidente com VITIMA;272,54;BR-116/SP;Sul;Colisão Traseira;
04/09/2021;sábado;03:25:00;3 - Acidente com Danos Materiais;564,4;BR-116/SP;Sul;Colisão Traseira;
04/09/2021;sábado;04:01:00;3 - Acidente com Danos Materiais;316,5;BR-116/SP;Norte;Choque - Talude;
04/09/2021;sábado;08:41:00;2 - Acidente com VITIMA;419,419;BR-116/SP;Sul;Atropelamento - Andarilho;
04/09/2021;sábado;09:48:00;3 - Acidente com Danos Materiais;328,029;BR-116/SP;Sul;Tombamento;
04/09/2021;sábado;10:08:00;2 - Acidente com VITIMA;488,2;BR-116/SP;Sul;Colisão Lateral;
04/09/2021;sábado;10:45:00;3 - Acidente com Danos Materiais;8,2;BR-116/PR;Norte;Choque - Defensa, barreira ou submarino;
04/09/2021;sábado;11:24:00;3 - Acidente com Danos Materiais;308,106;BR-116/SP;Norte;Colisão Traseira;
04/09/2021;sábado;12:05:00;3 - Acidente com Danos Materiais;281,01;BR-116/SP;Sul;Colisão Traseira;
04/09/2021;sábado;12:45:00;3 - Acidente com Danos Materiais;280,543;BR-116/SP;Sul;Colisão Traseira;
04/09/2021;sábado;14:55:00;2 - Acidente com VITIMA;277,713;BR-116/SP;Sul;Engavetamento;
04/09/2021;sábado;15:28:00;3 - Acidente com Danos Materiais;1,75;BR-116/PR;Norte;Queda de Moto;
04/09/2021;sábado;16:15:00;2 - Acidente com VITIMA;282,131;BR-116/SP;Sul;Colisão Traseira;
04/09/2021;sábado;17:45:00;2 - Acidente com VITIMA;288,125;BR-116/SP;Norte;Queda de Moto;
04/09/2021;sábado;19:37:00;2 - Acidente com VITIMA;554,6;BR-116/SP;Norte;Choque - Defensa, barreira ou submarino;
04/09/2021;sábado;20:24:00;3 - Acidente com Danos Materiais;503,2;BR-116/SP;Sul;Tombamento;
04/09/2021;sábado;21:10:00;2 - Acidente com VITIMA;326,8;BR-116/SP;Sul;Colisão Lateral;
04/09/2021;sábado;23:40:00;3 - Acidente com Danos Materiais;21,05;BR-116/PR;Sul;Capotamento;
05/09/2021;domingo;02:17:00;2 - Acidente com VITIMA;393,9;BR-116/SP;Norte;Capotamento;
05/09/2021;domingo;05:43:00;3 - Acidente com Danos Materiais;46,85;BR-116/PR;Norte;Capotamento;
05/09/2021;domingo;07:08:00;2 - Acidente com VITIMA;362,5;BR-116/SP;Sul;Capotamento;
05/09/2021;domingo;07:21:00;3 - Acidente com Danos Materiais;567,5;BR-116/SP;Norte;Choque - Defensa, barreira ou submarino;
05/09/2021;domingo;07:23:00;3 - Acidente com Danos Materiais;327,78;BR-116/SP;Norte;Choque - Defensa, barreira ou submarino;
05/09/2021;domingo;07:56:00;2 - Acidente com VITIMA;18,058;BR-116/PR;Sul;Choque - Elemento de Drenagem;
05/09/2021;domingo;08:22:00;3 - Acidente com Danos Materiais;504,4;BR-116/SP;Sul;Tombamento;
05/09/2021;domingo;11:40:00;1 - Acidente com Vitima Fatal;567,886;BR-116/SP;Norte;Choque - Arvore;1