data;dia_semana;horario;tipo_de_ocorrencia;km;trecho;sentido;tipo_de_acidente;mortos
05/09/2021;domingo;12:51:00;3 - Acidente com Danos Materiais;338,7;BR-116/SP;Sul;Capotamento;
05/09/2021;domingo;14:46:00;2 - Acidente com VITIMA;467,82;BR-116/SP;Norte;Choque - Objeto sobre a pista;
05/09/2021;domingo;18:07:00;2 - Acidente com VITIMA;332,3;BR-116/SP;Sul;Choque - Outros;
05/09/2021;domingo;20:34:00;2 - Acidente com VITIMA;288,5;BR-116/SP;Norte;Colisão Traseira;
05/09/2021;domingo;21:19:00;3 - Acidente com Danos Materiais;331,1;BR-116/SP;Sul;Choque - Elemento de Drenagem;
05/09/2021;domingo;22:30:00;2 - Acidente com VITIMA;449,3;BR-116/SP;Norte;Queda de Moto;
06/09/2021;segunda-feira;01:05:00;3 - Acidente com Danos Materiais;270,05;BR-116/SP;Sul;Choque - Outros;
06/09/2021;segunda-feira;05:29:00;3 - Acidente com Danos Materiais;5,5;BR-116/PR;Norte;Capotamento;
06/09/2021;segunda-feira;05:32:00;2 - Acidente com VITIMA;514,68;BR-116/SP;Norte;Capotamento;
06/09/2021;segunda-feira;06:04:00;1 - Acidente com Vitima Fatal;438,8;BR-116/SP;Norte;Queda de Moto;1
06/09/2021;segunda-feira;07:15:00;3 - Acidente com Danos Materiais;22,2;BR-116/PR;Sul;Choque - Defensa, barreira ou submarino;
06/09/2021;segunda-feira;08:49:00;2 - Acidente com VITIMA;515,1;BR-116/SP;Norte;Saida de Pista;
06/09/2021;segunda-feira;09:05:00;3 - Acidente com Danos Materiais;522,5;BR-116/SP;Sul;Choque - Defensa, barreira ou submarino;
06/09/2021;segunda-feira;09:29:00;3 - Acidente com Danos Materiais;327,78;BR-116/SP;Norte;Choque - Defensa, barreira ou submarino;
06/09/2021;segunda-feira;10:11:00;3 - Acidente com Danos Materiais;514,3;BR-116/SP;Norte;Capotamento;
06/09/2021;segunda-feira;10:47:00;3 - Acidente com Danos Materiais;508,1;BR-116/SP;Sul;Choque - Defensa, barreira ou submarino;
06/09/2021;segunda-feira;10:52:00;3 - Acidente com Danos Materiais;515,1;BR-116/SP;Norte;Saida de Pista;
06/09/2021;segunda-feira;13:04:00;3 - Acidente com Danos Materiais;415,001;BR-116/SP;Norte;Saida de Pista;
06/09/2021;segunda-feira;15:24:00;2 - Acidente com VITIMA;499,52;BR-116/SP;Sul;Tombamento;
06/09/2021;segunda-feira;15:43:00;3 - Acidente com Danos Materiais;61,767;BR-116/PR;Norte;Colisão Traseira;
06/09/2021;segunda-feira;17:46:00;3 - Acidente com Danos Materiais;29,6;BR-116/PR;Norte;Queda de Moto;
06/09/2021;segunda-feira;17:50:00;2 - Acidente com VITIMA;544,4;BR-116/SP;Norte;Tombamento;
06/09/2021;segunda-feira;20:03:00;3 - Acidente com Danos Materiais;340,4;BR-116/SP;Norte;Colisão Traseira;
06/09/2021;segunda-feira;23:10:00;3 - Acidente com Danos Materiais;275,9;BR-116/SP;Sul;Engavetamento;
07/09/2021;terça-feira;00:25:00;2 - Acidente com VITIMA;271,9;BR-116/SP;Norte;Engavetamento;
07/09/2021;terça-feira;00:39:00;2 - Acidente com VITIMA;276,1;BR-116/SP;Norte;Saida de Pista;
07/09/2021;terça-feira;07:53:00;2 - Acidente com VITIMA;561,1;BR-116/SP;Sul;Choque - Defensa, barreira ou submarino;
07/09/2021;terça-feira;08:30:00;3 - Acidente com Danos Materiais;565,101;BR-116/SP;Sul;Choque - Defensa, barreira ou submarino;
07/09/2021;terça-feira;09:03:00;3 - Acidente com Danos Materiais;20,1;BR-116/PR;Norte;Saida de Pista;
07/09/2021;terça-feira;09:08:00;2 - Acidente com VITIMA;5,1;BR-116/PR;Norte;Choque - Defensa, barreira ou submarino;
07/09/2021;terça-feira;09:22:00;2 - Acidente com VITIMA;5,1;BR-116/PR;Norte;Choque - Defensa, barreira ou submarino;
07/09/2021;terça-feira;17:42:00;2 - Acidente com VITIMA;481,637;BR-116/SP;Sul;Capotamento;
07/09/2021;terça-feira;17:44:00;2 - Acidente com VITIMA;513,48;BR-116/SP;Norte;Choque - Defensa, barreira ou submarino;
07/09/2021;terça-feira;18:12:00;1 - Acidente com Vitima Fatal;71,043;BR-116/PR;Sul;Colisão Lateral;1
07/09/2021;terça-feira;20:21:00;2 - Acidente com VITIMA;474,3;BR-116/SP;Sul;Queda de Moto;
07/09/2021;terça-feira;20:28:00;3 - Acidente com Danos Materiais;270,01;BR-116/SP;Norte;Colisão Lateral;
07/09/2021;terça-feira;21:56:00;3 - Acidente com Danos Materiais;565,15;BR-116/SP;Sul;Choque - Defensa, barreira ou submarino;
07/09/2021;terça-feira;22:08:00;3 - Acidente com Danos Materiais;15,48;BR-116/PR;Norte;Choque - Defensa, barreira ou submarino;
07/09/2021;terça-feira;22:38:00;2 - Acidente com VITIMA;11,3;BR-116/CW;Norte;Capotamento;
07/09/2021;terça-feira;23:36:00;3 - Acidente com Danos Materiais;20,2;BR-116/PR;Sul;Saida de Pista;
08/09/2021;quarta-feira;01:37:00;3 - Acidente com Danos Materiais;11,7;BR-116/PR;Sul;Saida de Pista;
08/09/2021;quarta-feira;04:23:00;3 - Acidente com Danos Materiais;14,3;BR-116/PR;Norte;Choque - Defensa, barreira ou submarino;
08/09/2021;quarta-feira;05:53:00;3 - Acidente com Danos Materiais;499,7;BR-116/SP;Sul;Choque - Defensa, barreira ou submarino;
08/09/2021;quarta-feira;06:22:00;3 - Acidente com Danos Materiais;548,767;BR-116/SP;Sul;Capotamento;
08/09/2021;quarta-feira;07:39:00;3 - Acidente com Danos Materiais;547,71;BR-116/SP;Norte;Choque - Defensa, barreira ou submarino;
08/09/2021;quarta-feira;08:14:00;3 - Acidente com Danos Materiais;545,71;BR-116/SP;Norte;Saida de Pista;
08/09/2021;quarta-feira;08:36:00;2 - Acidente com VITIMA;9,921;BR-116/CW;Sul;Choque - Defensa, barreira ou submarino;
08/09/2021;quarta-feira;08:48:00;2 - Acidente com VITIMA;273,36;BR-116/SP;Sul;Colisão Lateral;
08/09/2021;quarta-feira;09:31:00;3 - Acidente com Danos Materiais;514,423;BR-116/SP;Norte;Capotamento;
08/09/2021;quarta-feira;09:54:00;3 - Acidente com Danos Materiais;32,633;BR-116/PR;Norte;Tombamento;
08/09/2021;quarta-feira;13:54:00;2 - Acidente com VITIMA;362,501;BR-116/SP;Sul;Capotamento;
08/09/2021;quarta-feira;14:16:00;3 - Acidente com Danos Materiais;354,001;BR-116/SP;Norte;Queda de Moto;
08/09/2021;quarta-feira;15:13:00;3 - Acidente com Danos Materiais;446,9;BR-116/SP;Sul;Colisão Lateral;
08/09/2021;quarta-feira;18:28:00;3 - Acidente com Danos Materiais;281,01;BR-116/SP;Sul;Engavetamento;
08/09/2021;quarta-feira;18:35:00;2 - Acidente com VITIMA;272,1;BR-116/SP;Norte;Colisão Lateral;
08/09/2021;quarta-feira;20:03:00;3 - Acidente com Danos Materiais;45,196;BR-116/PR;Sul;Saida de Pista;
08/09/2021;quarta-feira;20:07:00;3 - Acidente com Danos Materiais;39,078;BR-116/PR;Sul;Engavetamento;
08/09/2021;quarta-feira;20:47:00;3 - Acidente com Danos Materiais;550,2;BR-116/SP;Norte;Tombamento;
08/09/2021;quarta-feira;22:24:00;1 - Acidente com Vitima Fatal;371,95;BR-116/SP;Norte;Atropelamento - Andarilho;1
08/09/2021;quarta-feira;22:50:00;3 - Acidente com Danos Materiais;513,5;BR-116/SP;Norte;Capotamento;
08/09/2021;quarta-feira;23:25:00;3 - Acidente com Danos Materiais;44,5;BR-116/PR;Sul;Capotamento;
08/09/2021;quarta-feira;23:29:00;3 - Acidente com Danos Materiais;538,01;BR-116/SP;Norte;Choque - Poste;
09/09/2021;quinta-feira;04:44:00;3 - Acidente com Danos Materiais;46,9;BR-116/PR;Norte;Saida de Pista;
09/09/2021;quinta-feira;05:59:00;3 - Acidente com Danos Materiais;565,2;BR-116/SP;Sul;Choque - Defensa, barreira ou submarino;
09/09/2021;quinta-feira;07:30:00;3 - Acidente com Danos Materiais;353,001;BR-116/SP;Sul;Saida de Pista;
09/09/2021;quinta-feira;08:49:00;3 - Acidente com Danos Materiais;548,7;BR-116/SP;Sul;Saida de Pista;
09/09/2021;quinta-feira;09:33:00;2 - Acidente com VITIMA;498,532;BR-116/SP;Sul;Choque - Defensa, barreira ou submarino;
09/09/2021;quinta-feira;09:50:00;2 - Acidente com VITIMA;565,01;BR-116/SP;Sul;Choque - Defensa, barreira ou submarino;
09/09/2021;quinta-feira;10:30:00;3 - Acidente com Danos Materiais;555,7;BR-116/SP;Sul;Choque - Defensa, barreira ou submarino;
09/09/2021;quinta-feira;10:43:00;3 - Acidente com Danos Materiais;513,4;BR-116/SP;Norte;Choque - Defensa, barreira ou submarino;
09/09/2021;quinta-feira;11:12:00;3 - Acidente com Danos Materiais;38,2;BR-116/PR;Norte;Choque - Talude;
09/09/2021;quinta-feira;13:18:00;3 - Acidente com Danos Materiais;548,6;BR-116/SP;Sul;Saida de Pista;
09/09/2021;quinta-feira;13:28:00;3 - Acidente com Danos Materiais;513,3;BR-116/SP;Norte;Choque - Defensa, barreira ou submarino;
09/09/2021;quinta-feira;13:30:00;2 - Acidente com VITIMA;489,9;BR-116/SP;Sul;Choque - Defensa, barreira ou submarino;
09/09/2021;quinta-feira;14:46:00;3 - Acidente com Danos Materiais;522,2;BR-116/SP;Sul;Choque - Defensa, barreira ou submarino;
09/09/2021;quinta-feira;15:31:00;2 - Acidente com VITIMA;361,5;BR-116/SP;Sul;Queda de Moto;
09/09/2021;quinta-feira;16:05:00;2 - Acidente com VITIMA;306,2;BR-116/SP;Sul;Choque - Talude;
09/09/2021;quinta-feira;17:13:00;3 - Acidente com Danos Materiais;484,1;BR-116/SP;Norte;Saida de Pista;
09/09/2021;quinta-feira;22:53:00;2 - Acidente com VITIMA;23,1;BR-116/PR;Sul;Colisão Traseira;
10/09/2021;sexta-feira;05:28:00;3 - Acidente com Danos Materiais;513,6;BR-116/SP;Norte;Saida de Pista;
10/09/2021;sexta-feira;06:41:00;2 - Acidente com VITIMA;455,1;BR-116/SP;Norte;Atropelamento de Animal;
10/09/2021;sexta-feira;20:49:00;2 - Acidente com VITIMA;274,1;BR-116/SP;Sul;Colisão Lateral;
10/09/2021;sexta-feira;22:42:00;3 - Acidente com Danos Materiais;281,2;BR-116/SP;Norte;Colisão Lateral;
11/09/2021;sábado;02:54:00;2 - Acidente com VITIMA;290,1;BR-116/SP;Norte;Choque - Talude;
11/09/2021;sábado;04:05:00;3 - Acidente com Danos Materiais;287,3;BR-116/SP;Sul;Colisão Traseira;
11/09/2021;sábado;05:09:00;2 - Acidente com VITIMA;23,908;BR-116/PR;Sul;Colisão Traseira;
11/09/2021;sábado;10:19:00;2 - Acidente com VITIMA;500,25;BR-116/SP;Norte;Saida de Pista;
11/09/2021;sábado;11:44:00;3 - Acidente com Danos Materiais;488,5;BR-116/SP;Sul;Capotamento;
11/09/2021;sábado;13:10:00;3 - Acidente com Danos Materiais;281,6;BR-116/SP;Norte;Engavetamento;
11/09/2021;sábado;13:14:00;3 - Acidente com Danos Materiais;512,9;BR-116/SP;Norte;Choque - Defensa, barreira ou submarino;
11/09/2021;sábado;13:37:00;3 - Acidente com Danos Materiais;509,2;BR-116/SP;Norte;Saida de Pista;
11/09/2021;sábado;13:46:00;2 - Acidente com VITIMA;39,5;BR-116/PR;Sul;Capotamento;
11/09/2021;sábado;13:53:00;3 - Acidente com Danos Materiais;280,5;BR-116/SP;Sul;Colisão Lateral;
11/09/2021;sábado;14:10:00;3 - Acidente com Danos Materiais;1,05;BR-116/PR;Sul;Saida de Pista;
11/09/2021;sábado;14:32:00;3 - Acidente com Danos Materiais;565,02;BR-116/SP;Sul;Choque - Defensa, barreira ou submarino;
11/09/2021;sábado;18:28:00;2 - Acidente com VITIMA;380,85;BR-116/SP;Sul;Capotamento;
11/09/2021;sábado;21:49:00;3 - Acidente com Danos Materiais;463,7;BR-116/SP;Sul;Choque - Elemento de Drenagem;
12/09/2021;domingo;06:38:00;3 - Acidente com Danos Materiais;537,6;BR-116/SP;Sul;Choque - Defensa, barreira ou submarino;
12/09/2021;domingo;11:26:00;2 - Acidente com VITIMA;513,6;BR-116/SP;Sul;Queda de Moto;
12/09/2021;domingo;11:59:00;2 - Acidente com VITIMA;12,538;BR-116/PR;Sul;Tombamento;
12/09/2021;domingo;12:39:00;2 - Acidente com VITIMA;0,5;BR-116/CW;Norte;Choque - Defensa, barreira ou submarino;
12/09/2021;domingo;17:02:00;3 - Acidente com Danos Materiais;402,01;BR-116/SP;Norte;Queda de Moto;
12/09/2021;domingo;21:15:00;3 - Acidente com Danos Materiais;5,05;BR-116/PR;Norte;Engavetamento;
12/09/2021;domingo;21:59:00;2 - Acidente com VITIMA;290,1;BR-116/SP;Norte;Saida de Pista;
13/09/2021;segunda-feira;01:19:00;1 - Acidente com Vitima Fatal;280,1;BR-116/SP;Norte;Queda de Moto;2
13/09/2021;segunda-feira;03:00:00;3 - Acidente com Danos Materiais;52,66;BR-116/PR;Sul;Saida de Pista;
13/09/2021;segunda-feira;05:47:00;3 - Acidente com Danos Materiais;283,857;BR-116/SP;Norte;Colisão Transversal;
13/09/2021;segunda-feira;08:08:00;3 - Acidente com Danos Materiais;284,551;BR-116/SP;Norte;Colisão Transversal;
13/09/2021;segunda-feira;10:49:00;3 - Acidente com Danos Materiais;310,8;BR-116/SP;Norte;Colisão Lateral;
13/09/2021;segunda-feira;18:59:00;2 - Acidente com VITIMA;278,1;BR-116/SP;Norte;Queda de Moto;
13/09/2021;segunda-feira;23:44:00;2 - Acidente com VITIMA;499,5;BR-116/SP;Sul;Queda de Moto;
14/09/2021;terça-feira;01:45:00;3 - Acidente com Danos Materiais;353,05;BR-116/SP;Sul;Colisão Traseira;
14/09/2021;terça-feira;05:28:00;3 - Acidente com Danos Materiais;285,9;BR-116/SP;Norte;Colisão Traseira;
14/09/2021;terça-feira;05:40:00;2 - Acidente com VITIMA;528,1;BR-116/SP;Sul;Tombamento;
14/09/2021;terça-feira;05:55:00;2 - Acidente com VITIMA;477,1;BR-116/SP;Norte;Colisão Traseira;
14/09/2021;terça-feira;06:14:00;3 - Acidente com Danos Materiais;28,59;BR-116/PR;Norte;Choque - Talude;
14/09/2021;terça-feira;06:23:00;2 - Acidente com VITIMA;359,25;BR-116/SP;Norte;Tombamento;
14/09/2021;terça-feira;06:52:00;2 - Acidente com VITIMA;26,5;BR-116/PR;Norte;Choque - Defensa, barreira ou submarino;
14/09/2021;terça-feira;08:10:00;3 - Acidente com Danos Materiais;286,5;BR-116/SP;Norte;Colisão Traseira;
14/09/2021;terça-feira;08:50:00;2 - Acidente com VITIMA;272,1;BR-116/SP;Sul;Queda de Moto;
14/09/2021;terça-feira;10:15:00;2 - Acidente com VITIMA;294,2;BR-116/SP;Norte;Capotamento;
14/09/2021;terça-feira;11:25:00;3 - Acidente com Danos Materiais;546,6;BR-116/SP;Norte;Tombamento;
14/09/2021;terça-feira;12:53:00;2 - Acidente com VITIMA;46,95;BR-116/PR;Norte;Capotamento;
14/09/2021;terça-feira;13:19:00;3 - Acidente com Danos Materiais;15,3;BR-116/PR;Norte;Saida de Pista;
14/09/2021;terça-feira;13:39:00;2 - Acidente com VITIMA;513,3;BR-116/SP;Norte;Capotamento;
14/09/2021;terça-feira;14:00:00;3 - Acidente com Danos Materiais;499,9;BR-116/SP;Sul;Choque - Poste;
14/09/2021;terça-feira;14:22:00;3 - Acidente com Danos Materiais;22,7;BR-116/PR;Norte;Choque - Defensa, barreira ou submarino;
14/09/2021;terça-feira;15:22:00;2 - Acidente com VITIMA;6,7;BR-116/PR;Sul;Choque - Defensa, barreira ou submarino;
14/09/2021;terça-feira;15:23:00;2 - Acidente com VITIMA;274,01;BR-116/SP;Sul;Queda de Moto;
14/09/2021;terça-feira;15:31:00;2 - Acidente com VITIMA;538,05;BR-116/SP;Sul;Choque - Defensa, barreira ou submarino;
14/09/2021;terça-feira;15:32:00;3 - Acidente com Danos Materiais;565,3;BR-116/SP;Sul;Choque - Talude;
14/09/2021;terça-feira;15:44:00;3 - Acidente com Danos Materiais;1,05;BR-116/PR;Sul;Choque - Defensa, barreira ou submarino;
14/09/2021;terça-feira;16:11:00;3 - Acidente com Danos Materiais;565,25;BR-116/SP;Sul;Choque - Defensa, barreira ou submarino;
14/09/2021;terça-feira;16:58:00;3 - Acidente com Danos Materiais;39,9;BR-116/PR;Norte;Capotamento;
14/09/2021;terça-feira;17:02:00;3 - Acidente com Danos Materiais;504,7;BR-116/SP;Sul;Saida de Pista;
14/09/2021;terça-feira;17:49:00;3 - Acidente com Danos Materiais;516,05;BR-116/SP;Norte;Saida de Pista;
14/09/2021;terça-feira;18:58:00;2 - Acidente com VITIMA;511,5;BR-116/SP;Norte;Choque - Defensa, barreira ou submarino;
14/09/2021;terça-feira;19:02:00;3 - Acidente com Danos Materiais;10,2;BR-116/CW;Norte;Choque - Defensa, barreira ou submarino;
14/09/2021;terça-feira;19:05:00;3 - Acidente com Danos Materiais;511,55;BR-116/SP;Norte;Colisão Traseira;
14/09/2021;terça-feira;19:36:00;3 - Acidente com Danos Materiais;360,01;BR-116/SP;Sul;Colisão Traseira;
14/09/2021;terça-feira;20:20:00;3 - Acidente com Danos Materiais;481,7;BR-116/SP;Sul;Saida de Pista;
14/09/2021;terça-feira;22:03:00;2 - Acidente com VITIMA;362,1;BR-116/SP;Sul;Choque - Defensa, barreira ou submarino;
14/09/2021;terça-feira;23:01:00;3 - Acidente com Danos Materiais;505,4;BR-116/SP;Norte;Saida de Pista;
15/09/2021;quarta-feira;00:48:00;2 - Acidente com VITIMA;548,5;BR-116/SP;Sul;Choque - Defensa, barreira ou submarino;
15/09/2021;quarta-feira;04:14:00;3 - Acidente com Danos Materiais;1,005;BR-116/PR;Sul;Colisão Traseira;
15/09/2021;quarta-feira;06:35:00;2 - Acidente com VITIMA;47,2;BR-116/PR;Sul;Choque - Defensa, barreira ou submarino;
15/09/2021;quarta-feira;07:36:00;2 - Acidente com VITIMA;42,1;BR-116/PR;Sul;Choque - Defensa, barreira ou submarino;
15/09/2021;quarta-feira;08:49:00;2 - Acidente com VITIMA;44,5;BR-116/PR;Sul;Capotamento;
15/09/2021;quarta-feira;09:01:00;3 - Acidente com Danos Materiais;564,1;BR-116/SP;Norte;Saida de Pista;
15/09/2021;quarta-feira;09:22:00;3 - Acidente com Danos Materiais;550,4;BR-116/SP;Norte;Saida de Pista;
15/09/2021;quarta-feira;09:22:00;2 - Acidente com VITIMA;417,849;BR-116/SP;Sul;Tombamento;
15/09/2021;quarta-feira;09:55:00;3 - Acidente com Danos Materiais;509,1;BR-116/SP;Norte;Capotamento;
15/09/2021;quarta-feira;10:09:00;2 - Acidente com VITIMA;14,1;BR-116/PR;Norte;Choque - Talude;
15/09/2021;quarta-feira;10:19:00;3 - Acidente com Danos Materiais;25,2;BR-116/PR;Norte;Choque - Veiculo parado no acostamento;
15/09/2021;quarta-feira;10:26:00;2 - Acidente com VITIMA;504,1;BR-116/SP;Norte;Capotamento;
15/09/2021;quarta-feira;10:48:00;3 - Acidente com Danos Materiais;20,6;BR-116/PR;Norte;Colisão Lateral;
15/09/2021;quarta-feira;11:35:00;3 - Acidente com Danos Materiais;22,5;BR-116/PR;Sul;Tombamento;
15/09/2021;quarta-feira;11:39:00;3 - Acidente com Danos Materiais;21,8;BR-116/PR;Sul;Engavetamento;
15/09/2021;quarta-feira;11:47:00;3 - Acidente com Danos Materiais;20,1;BR-116/PR;Sul;Saida de Pista;
15/09/2021;quarta-feira;12:13:00;3 - Acidente com Danos Materiais;15,5;BR-116/PR;Norte;Choque - Defensa, barreira ou submarino;
15/09/2021;quarta-feira;12:32:00;3 - Acidente com Danos Materiais;22,1;BR-116/PR;Sul;Colisão Traseira;
15/09/2021;quarta-feira;13:25:00;3 - Acidente com Danos Materiais;362,6;BR-116/SP;Sul;Choque - Talude;
15/09/2021;quarta-feira;13:44:00;3 - Acidente com Danos Materiais;15,5;BR-116/PR;Norte;Choque - Defensa, barreira ou submarino;
15/09/2021;quarta-feira;14:03:00;2 - Acidente com VITIMA;14,8;BR-116/PR;Norte;Capotamento;
15/09/2021;quarta-feira;15:56:00;3 - Acidente com Danos Materiais;565,25;BR-116/SP;Sul;Choque - Defensa, barreira ou submarino;
15/09/2021;quarta-feira;16:24:00;3 - Acidente com Danos Materiais;565,25;BR-116/SP;Sul;Choque - Defensa, barreira ou submarino;
15/09/2021;quarta-feira;16:38:00;2 - Acidente com VITIMA;438,5;BR-116/SP;Sul;Colisão Traseira;
15/09/2021;quarta-feira;16:40:00;3 - Acidente com Danos Materiais;1,05;BR-116/PR;Sul;Choque - Talude;
15/09/2021;quarta-feira;17:30:00;2 - Acidente com VITIMA;487,5;BR-116/SP;Sul;Colisão Lateral;
15/09/2021;quarta-feira;23:10:00;3 - Acidente com Danos Materiais;561,6;BR-116/SP;Sul;Choque - Defensa, barreira ou submarino;
15/09/2021;quarta-feira;23:15:00;3 - Acidente com Danos Materiais;269,8;BR-116/SP;Sul;Colisão Transversal;
16/09/2021;quinta-feira;03:54:00;3 - Acidente com Danos Materiais;505,5;BR-116/SP;Norte;Saida de Pista;
16/09/2021;quinta-feira;03:59:00;3 - Acidente com Danos Materiais;390,3;BR-116/SP;Sul;Saida de Pista;
16/09/2021;quinta-feira;08:00:00;3 - Acidente com Danos Materiais;269,167;BR-116/SP;Sul;Colisão Lateral;
16/09/2021;quinta-feira;08:34:00;3 - Acidente com Danos Materiais;16,001;BR-116/PR;Norte;Choque - Defensa, barreira ou submarino;
16/09/2021;quinta-feira;08:39:00;3 - Acidente com Danos Materiais;14,1;BR-116/PR;Norte;Choque - Talude;
16/09/2021;quinta-feira;08:47:00;3 - Acidente com Danos Materiais;537,95;BR-116/SP;Sul;Choque - Defensa, barreira ou submarino;
16/09/2021;quinta-feira;09:22:00;3 - Acidente com Danos Materiais;5,5;BR-116/PR;Norte;Colisão Lateral;
16/09/2021;quinta-feira;09:45:00;3 - Acidente com Danos Materiais;430,95;BR-116/SP;Norte;Saida de Pista;
16/09/2021;quinta-feira;10:19:00;3 - Acidente com Danos Materiais;504,15;BR-116/SP;Sul;Tombamento;
16/09/2021;quinta-feira;13:35:00;2 - Acidente com VITIMA;283,8;BR-116/SP;Norte;Colisão Lateral;
16/09/2021;quinta-feira;13:43:00;2 - Acidente com VITIMA;447,8;BR-116/SP;Sul;Capotamento;
16/09/2021;quinta-feira;14:00:00;3 - Acidente com Danos Materiais;567,3;BR-116/SP;Norte;Tombamento;
16/09/2021;quinta-feira;14:21:00;3 - Acidente com Danos Materiais;567,1;BR-116/SP;Sul;Choque - Talude;
16/09/2021;quinta-feira;15:03:00;2 - Acidente com VITIMA;0,1;BR-116/CW;Sul;Queda de Moto;
16/09/2021;quinta-feira;15:18:00;3 - Acidente com Danos Materiais;426,05;BR-116/SP;Norte;Colisão Traseira;
16/09/2021;quinta-feira;15:23:00;3 - Acidente com Danos Materiais;46,9;BR-116/PR;Norte;Saida de Pista;
16/09/2021;quinta-feira;15:45:00;3 - Acidente com Danos Materiais;46,9;BR-116/PR;Norte;Saida de Pista;
16/09/2021;quinta-feira;15:51:00;3 - Acidente com Danos Materiais;44,162;BR-116/PR;Sul;Tombamento;
16/09/2021;quinta-feira;16:08:00;3 - Acidente com Danos Materiais;328,1;BR-116/SP;Norte;Choque - Defensa, barreira ou submarino;
16/09/2021;quinta-feira;17:29:00;3 - Acidente com Danos Materiais;548,4;BR-116/SP;Sul;Choque - Defensa, barreira ou submarino;
16/09/2021;quinta-feira;17:38:00;3 - Acidente com Danos Materiais;566,97;BR-116/SP;Sul;Colisão Traseira;
16/09/2021;quinta-feira;17:40:00;3 - Acidente com Danos Materiais;565,15;BR-116/SP;Sul;Saida de Pista;
16/09/2021;quinta-feira;18:24:00;2 - Acidente com VITIMA;550,305;BR-116/SP;Norte;Choque - Defensa, barreira ou submarino;
16/09/2021;quinta-feira;18:46:00;3 - Acidente com Danos Materiais;270,5;BR-116/SP;Norte;Colisão Traseira;
16/09/2021;quinta-feira;19:01:00;2 - Acidente com VITIMA;272,1;BR-116/SP;Sul;Colisão Traseira;
16/09/2021;quinta-feira;19:14:00;3 - Acidente com Danos Materiais;45,661;BR-116/PR;Sul;Saida de Pista;
16/09/2021;quinta-feira;22:43:00;3 - Acidente com Danos Materiais;352,1;BR-116/SP;Sul;Colisão Traseira;
16/09/2021;quinta-feira;22:45:00;2 - Acidente com VITIMA;506,05;BR-116/SP;Norte;Capotamento;
16/09/2021;quinta-feira;22:51:00;3 - Acidente com Danos Materiais;42,022;BR-116/PR;Sul;Choque - Defensa, barreira ou submarino;
16/09/2021;quinta-feira;23:11:00;3 - Acidente com Danos Materiais;499,6;BR-116/SP;Sul;Saida de Pista;
16/09/2021;quinta-feira;23:31:00;2 - Acidente com VITIMA;562,1;BR-116/SP;Sul;Tombamento;
16/09/2021;quinta-feira;23:45:00;3 - Acidente com Danos Materiais;548,2;BR-116/SP;Sul;Choque - Defensa, barreira ou submarino;
17/09/2021;sexta-feira;02:44:00;3 - Acidente com Danos Materiais;447,1;BR-116/SP;Sul;Saida de Pista;
17/09/2021;sexta-feira;06:49:00;2 - Acidente com VITIMA;482,366;BR-116/SP;Sul;Colisão Lateral;
17/09/2021;sexta-feira;07:05:00;3 - Acidente com Danos Materiais;362,8;BR-116/SP;Sul;Choque - Talude;
17/09/2021;sexta-feira;07:10:00;2 - Acidente com VITIMA;280,5;BR-116/SP;Norte;Queda de Moto;
17/09/2021;sexta-feira;08:01:00;3 - Acidente com Danos Materiais;300,5;BR-116/SP;Sul;Choque - Defensa, barreira ou submarino;
17/09/2021;sexta-feira;08:07:00;2 - Acidente com VITIMA;28,329;BR-116/PR;Norte;Tombamento;
17/09/2021;sexta-feira;08:37:00;3 - Acidente com Danos Materiais;389,85;BR-116/SP;Sul;Tombamento;
17/09/2021;sexta-feira;09:29:00;3 - Acidente com Danos Materiais;23,2;BR-116/PR;Sul;Choque - Poste;
17/09/2021;sexta-feira;09:31:00;3 - Acidente com Danos Materiais;5,6;BR-116/PR;Norte;Choque - Defensa, barreira ou submarino;
17/09/2021;sexta-feira;10:55:00;3 - Acidente com Danos Materiais;561,7;BR-116/SP;Sul;Colisão Traseira;
17/09/2021;sexta-feira;11:08:00;3 - Acidente com Danos Materiais;515,1;BR-116/SP;Norte;Choque - Defensa, barreira ou submarino;
17/09/2021;sexta-feira;11:24:00;3 - Acidente com Danos Materiais;6,8;BR-116/PR;Sul;Capotamento;
17/09/2021;sexta-feira;11:52:00;3 - Acidente com Danos Materiais;1,1;BR-116/PR;Sul;Saida de Pista;
17/09/2021;sexta-feira;11:53:00;3 - Acidente com Danos Materiais;46,5;BR-116/PR;Norte;Saida de Pista;
17/09/2021;sexta-feira;12:08:00;3 - Acidente com Danos Materiais;509,6;BR-116/SP;Sul;Choque - Talude;
17/09/2021;sexta-feira;12:11:00;3 - Acidente com Danos Materiais;499,8;BR-116/SP;Sul;Choque - Suporte de Sinalização;