data;dia_semana;horario;tipo_de_ocorrencia;km;trecho;sentido;tipo_de_acidente;mortos
09/10/2021;sábado;09:51:00;3 - Acidente com Danos Materiais;40,3;BR-116/PR;Norte;Choque - Defensa, barreira ou submarino;
09/10/2021;sábado;10:11:00;3 - Acidente com Danos Materiais;551,5;BR-116/SP;Sul;Saida de Pista;
09/10/2021;sábado;10:34:00;3 - Acidente com Danos Materiais;545,1;BR-116/SP;Norte;Choque - Defensa, barreira ou submarino;
09/10/2021;sábado;10:47:00;3 - Acidente com Danos Materiais;548,1;BR-116/SP;Sul;Choque - Talude;
09/10/2021;sábado;10:56:00;3 - Acidente com Danos Materiais;550,3;BR-116/SP;Norte;Choque - Talude;
09/10/2021;sábado;10:59:00;3 - Acidente com Danos Materiais;548,1;BR-116/SP;Sul;Choque - Defensa, barreira ou submarino;
09/10/2021;sábado;11:02:00;3 - Acidente com Danos Materiais;563,3;BR-116/SP;Norte;Choque - Elemento de Drenagem;
09/10/2021;sábado;11:03:00;3 - Acidente com Danos Materiais;5,6;BR-116/PR;Norte;Saida de Pista;
09/10/2021;sábado;11:12:00;3 - Acidente com Danos Materiais;513,4;BR-116/SP;Norte;Choque - Defensa, barreira ou submarino;
09/10/2021;sábado;11:27:00;3 - Acidente com Danos Materiais;15,6;BR-116/PR;Norte;Saida de Pista;
09/10/2021;sábado;11:33:00;3 - Acidente com Danos Materiais;513,4;BR-116/SP;Norte;Choque - Defensa, barreira ou submarino;
09/10/2021;sábado;11:47:00;2 - Acidente com VITIMA;38,5;BR-116/PR;Sul;Capotamento;
09/10/2021;sábado;11:58:00;3 - Acidente com Danos Materiais;550,3;BR-116/SP;Norte;Tombamento;
09/10/2021;sábado;12:09:00;3 - Acidente com Danos Materiais;512,8;BR-116/SP;Norte;Colisão Lateral;
09/10/2021;sábado;12:37:00;2 - Acidente com VITIMA;270,7;BR-116/SP;Sul;Engavetamento;
09/10/2021;sábado;12:41:00;3 - Acidente com Danos Materiais;14,3;BR-116/PR;Sul;Choque - Defensa, barreira ou submarino;
09/10/2021;sábado;12:53:00;3 - Acidente com Danos Materiais;15,4;BR-116/PR;Norte;Choque - Defensa, barreira ou submarino;
09/10/2021;sábado;12:58:00;3 - Acidente com Danos Materiais;270,1;BR-116/SP;Norte;Colisão Traseira;
09/10/2021;sábado;13:01:00;3 - Acidente com Danos Materiais;7,1;BR-116/PR;Norte;Choque - Elemento de Drenagem;
09/10/2021;sábado;13:07:00;3 - Acidente com Danos Materiais;3,5;BR-116/PR;Norte;Saida de Pista;
09/10/2021;sábado;13:08:00;3 - Acidente com Danos Materiais;559,99;BR-116/SP;Sul;Engavetamento;
09/10/2021;sábado;13:15:00;3 - Acidente com Danos Materiais;565,3;BR-116/SP;Sul;Choque - Defensa, barreira ou submarino;
09/10/2021;sábado;13:20:00;3 - Acidente com Danos Materiais;44;BR-116/PR;Norte;Capotamento;
09/10/2021;sábado;13:30:00;3 - Acidente com Danos Materiais;1,05;BR-116/PR;Sul;Colisão Lateral;
09/10/2021;sábado;13:47:00;3 - Acidente com Danos Materiais;47,2;BR-116/PR;Norte;Capotamento;
09/10/2021;sábado;13:50:00;3 - Acidente com Danos Materiais;17,7;BR-116/PR;Sul;Saida de Pista;
09/10/2021;sábado;14:00:00;3 - Acidente com Danos Materiais;515,1;BR-116/SP;Norte;Capotamento;
09/10/2021;sábado;14:21:00;3 - Acidente com Danos Materiais;566,1;BR-116/SP;Sul;Saida de Pista;
09/10/2021;sábado;14:28:00;3 - Acidente com Danos Materiais;560,1;BR-116/SP;Sul;Choque - Defensa, barreira ou submarino;
09/10/2021;sábado;14:53:00;2 - Acidente com VITIMA;508,6;BR-116/SP;Sul;Capotamento;
09/10/2021;sábado;15:03:00;3 - Acidente com Danos Materiais;508,9;BR-116/SP;Sul;Capotamento;
09/10/2021;sábado;15:13:00;3 - Acidente com Danos Materiais;509,001;BR-116/SP;Norte;Choque - Defensa, barreira ou submarino;
09/10/2021;sábado;15:43:00;3 - Acidente com Danos Materiais;0,4;BR-116/PR;Sul;Choque - Defensa, barreira ou submarino;
09/10/2021;sábado;15:44:00;3 - Acidente com Danos Materiais;316,5;BR-116/SP;Norte;Choque - Defensa, barreira ou submarino;
09/10/2021;sábado;15:45:00;3 - Acidente com Danos Materiais;14,1;BR-116/PR;Norte;Saida de Pista;
09/10/2021;sábado;15:53:00;3 - Acidente com Danos Materiais;568,1;BR-116/SP;Norte;Colisão Lateral;
09/10/2021;sábado;15:57:00;3 - Acidente com Danos Materiais;509,8;BR-116/SP;Sul;Choque - Defensa, barreira ou submarino;
09/10/2021;sábado;16:31:00;3 - Acidente com Danos Materiais;44,1;BR-116/PR;Sul;Choque - Elemento de Drenagem;
09/10/2021;sábado;16:48:00;3 - Acidente com Danos Materiais;567;BR-116/SP;Sul;Choque - Talude;
09/10/2021;sábado;17:22:00;3 - Acidente com Danos Materiais;14,8;BR-116/PR;Sul;Capotamento;
09/10/2021;sábado;17:25:00;3 - Acidente com Danos Materiais;6,7;BR-116/PR;Sul;Choque - Defensa, barreira ou submarino;
09/10/2021;sábado;17:49:00;3 - Acidente com Danos Materiais;46,85;BR-116/PR;Norte;Saida de Pista;
09/10/2021;sábado;17:58:00;2 - Acidente com VITIMA;312,4;BR-116/SP;Sul;Choque - Defensa, barreira ou submarino;
09/10/2021;sábado;18:01:00;3 - Acidente com Danos Materiais;42,1;BR-116/PR;Sul;Choque - Defensa, barreira ou submarino;
09/10/2021;sábado;18:08:00;3 - Acidente com Danos Materiais;565,1;BR-116/SP;Sul;Choque - Defensa, barreira ou submarino;
09/10/2021;sábado;18:10:00;3 - Acidente com Danos Materiais;509,75;BR-116/SP;Norte;Choque - Elemento de Drenagem;
09/10/2021;sábado;18:48:00;3 - Acidente com Danos Materiais;567,5;BR-116/SP;Norte;Choque - Defensa, barreira ou submarino;
09/10/2021;sábado;18:51:00;3 - Acidente com Danos Materiais;504,5;BR-116/SP;Sul;Choque - Elemento de Drenagem;
09/10/2021;sábado;19:03:00;3 - Acidente com Danos Materiais;26,7;BR-116/PR;Sul;Saida de Pista;
09/10/2021;sábado;19:39:00;3 - Acidente com Danos Materiais;550,5;BR-116/SP;Norte;Choque - Talude;
09/10/2021;sábado;21:06:00;2 - Acidente com VITIMA;43,3;BR-116/PR;Sul;Queda de Moto;
09/10/2021;sábado;21:38:00;3 - Acidente com Danos Materiais;478,1;BR-116/SP;Sul;Saida de Pista;
09/10/2021;sábado;22:12:00;3 - Acidente com Danos Materiais;38,4;BR-116/PR;Sul;Capotamento;
10/10/2021;domingo;00:23:00;3 - Acidente com Danos Materiais;565,1;BR-116/SP;Sul;Choque - Defensa, barreira ou submarino;
10/10/2021;domingo;01:07:00;3 - Acidente com Danos Materiais;3,2;BR-116/PR;Norte;Saida de Pista;
10/10/2021;domingo;05:30:00;3 - Acidente com Danos Materiais;285,1;BR-116/SP;Norte;Saida de Pista;
10/10/2021;domingo;06:29:00;3 - Acidente com Danos Materiais;465,5;BR-116/SP;Norte;Tombamento;
10/10/2021;domingo;07:13:00;2 - Acidente com VITIMA;550,02;BR-116/SP;Norte;Choque - Defensa, barreira ou submarino;
10/10/2021;domingo;07:50:00;3 - Acidente com Danos Materiais;550,2;BR-116/SP;Norte;Saida de Pista;
10/10/2021;domingo;08:00:00;3 - Acidente com Danos Materiais;567,01;BR-116/SP;Norte;Colisão Traseira;
10/10/2021;domingo;08:12:00;3 - Acidente com Danos Materiais;561,5;BR-116/SP;Sul;Capotamento;
10/10/2021;domingo;08:58:00;3 - Acidente com Danos Materiais;567,01;BR-116/SP;Norte;Choque - Defensa, barreira ou submarino;
10/10/2021;domingo;08:59:00;3 - Acidente com Danos Materiais;7,6;BR-116/PR;Norte;Colisão Traseira;
10/10/2021;domingo;09:04:00;3 - Acidente com Danos Materiais;567,01;BR-116/SP;Norte;Choque - Defensa, barreira ou submarino;
10/10/2021;domingo;09:14:00;3 - Acidente com Danos Materiais;516,01;BR-116/SP;Norte;Queda de Moto;
10/10/2021;domingo;09:28:00;3 - Acidente com Danos Materiais;5,01;BR-116/PR;Norte;Colisão Traseira;
10/10/2021;domingo;09:39:00;3 - Acidente com Danos Materiais;499;BR-116/SP;Sul;Saida de Pista;
10/10/2021;domingo;09:48:00;3 - Acidente com Danos Materiais;548,5;BR-116/SP;Sul;Choque - Defensa, barreira ou submarino;
10/10/2021;domingo;09:57:00;1 - Acidente com Vitima Fatal;490,644;BR-116/SP;Norte;Colisão Traseira;1
10/10/2021;domingo;10:18:00;3 - Acidente com Danos Materiais;0,1;BR-116/PR;Sul;Saida de Pista;
10/10/2021;domingo;10:39:00;2 - Acidente com VITIMA;20,7;BR-116/PR;Sul;Saida de Pista;
10/10/2021;domingo;11:16:00;3 - Acidente com Danos Materiais;548,04;BR-116/SP;Sul;Saida de Pista;
10/10/2021;domingo;11:20:00;3 - Acidente com Danos Materiais;362,8;BR-116/SP;Sul;Choque - Talude;
10/10/2021;domingo;11:44:00;3 - Acidente com Danos Materiais;20,7;BR-116/PR;Sul;Saida de Pista;
10/10/2021;domingo;12:19:00;3 - Acidente com Danos Materiais;565,1;BR-116/SP;Sul;Choque - Defensa, barreira ou submarino;
10/10/2021;domingo;12:40:00;3 - Acidente com Danos Materiais;15,1;BR-116/PR;Norte;Choque - Defensa, barreira ou submarino;
10/10/2021;domingo;13:32:00;2 - Acidente com VITIMA;488,6;BR-116/SP;Sul;Capotamento;
10/10/2021;domingo;14:57:00;3 - Acidente com Danos Materiais;515,1;BR-116/SP;Norte;Saida de Pista;
10/10/2021;domingo;15:01:00;3 - Acidente com Danos Materiais;565,1;BR-116/SP;Sul;Choque - Defensa, barreira ou submarino;
10/10/2021;domingo;15:19:00;3 - Acidente com Danos Materiais;362,5;BR-116/SP;Sul;Choque - Defensa, barreira ou submarino;
10/10/2021;domingo;15:48:00;3 - Acidente com Danos Materiais;514,4;BR-116/SP;Norte;Choque - Defensa, barreira ou submarino;
10/10/2021;domingo;15:58:00;3 - Acidente com Danos Materiais;339,3;BR-116/SP;Norte;Colisão Lateral;
10/10/2021;domingo;16:33:00;2 - Acidente com VITIMA;513,4;BR-116/SP;Norte;Choque - Elemento de Drenagem;
10/10/2021;domingo;16:59:00;3 - Acidente com Danos Materiais;326,85;BR-116/SP;Norte;Choque - Defensa, barreira ou submarino;
10/10/2021;domingo;17:05:00;2 - Acidente com VITIMA;42,1;BR-116/PR;Sul;Choque - Defensa, barreira ou submarino;
10/10/2021;domingo;17:14:00;3 - Acidente com Danos Materiais;560,2;BR-116/SP;Sul;Choque - Defensa, barreira ou submarino;
10/10/2021;domingo;17:17:00;3 - Acidente com Danos Materiais;513,1;BR-116/SP;Norte;Colisão Traseira;
10/10/2021;domingo;17:27:00;3 - Acidente com Danos Materiais;565,1;BR-116/SP;Sul;Colisão Transversal;
10/10/2021;domingo;17:45:00;3 - Acidente com Danos Materiais;1,1;BR-116/PR;Norte;Choque - Defensa, barreira ou submarino;
10/10/2021;domingo;18:14:00;2 - Acidente com VITIMA;511,2;BR-116/SP;Sul;Tombamento;
10/10/2021;domingo;18:17:00;3 - Acidente com Danos Materiais;42,15;BR-116/PR;Sul;Choque - Defensa, barreira ou submarino;
10/10/2021;domingo;18:57:00;3 - Acidente com Danos Materiais;5,1;BR-116/PR;Norte;Choque - Defensa, barreira ou submarino;
10/10/2021;domingo;19:09:00;3 - Acidente com Danos Materiais;66,2;BR-116/PR;Sul;Choque - Defensa, barreira ou submarino;
10/10/2021;domingo;20:48:00;3 - Acidente com Danos Materiais;356,9;BR-116/SP;Sul;Choque - Defensa, barreira ou submarino;
10/10/2021;domingo;21:01:00;3 - Acidente com Danos Materiais;269,9;BR-116/SP;Sul;Choque - Defensa, barreira ou submarino;
10/10/2021;domingo;21:06:00;3 - Acidente com Danos Materiais;511,6;BR-116/SP;Norte;Choque - Defensa, barreira ou submarino;
10/10/2021;domingo;21:26:00;2 - Acidente com VITIMA;307,55;BR-116/SP;Norte;Capotamento;
10/10/2021;domingo;21:31:00;3 - Acidente com Danos Materiais;449,1;BR-116/SP;Norte;Choque - Outros;
10/10/2021;domingo;21:55:00;2 - Acidente com VITIMA;561,5;BR-116/SP;Sul;Capotamento;
10/10/2021;domingo;22:59:00;3 - Acidente com Danos Materiais;270,8;BR-116/SP;Sul;Colisão Lateral;
10/10/2021;domingo;23:11:00;2 - Acidente com VITIMA;276,1;BR-116/SP;Norte;Colisão Traseira;
10/10/2021;domingo;23:37:00;3 - Acidente com Danos Materiais;372,8;BR-116/SP;Sul;Saida de Pista;
11/10/2021;segunda-feira;00:11:00;3 - Acidente com Danos Materiais;276,2;BR-116/SP;Norte;Colisão Lateral;
11/10/2021;segunda-feira;02:29:00;2 - Acidente com VITIMA;567,55;BR-116/SP;Norte;Choque - Defensa, barreira ou submarino;
11/10/2021;segunda-feira;04:09:00;2 - Acidente com VITIMA;369,001;BR-116/SP;Norte;Atropelamento de Animal;
11/10/2021;segunda-feira;06:42:00;3 - Acidente com Danos Materiais;51;BR-116/PR;Norte;Queda de Moto;
11/10/2021;segunda-feira;07:43:00;3 - Acidente com Danos Materiais;561,12;BR-116/SP;Sul;Choque - Defensa, barreira ou submarino;
11/10/2021;segunda-feira;08:12:00;3 - Acidente com Danos Materiais;1,9;BR-116/PR;Norte;Choque - Defensa, barreira ou submarino;
11/10/2021;segunda-feira;08:32:00;3 - Acidente com Danos Materiais;45,4;BR-116/PR;Sul;Saida de Pista;
11/10/2021;segunda-feira;09:09:00;3 - Acidente com Danos Materiais;562,6;BR-116/SP;Norte;Choque - Defensa, barreira ou submarino;
11/10/2021;segunda-feira;09:33:00;3 - Acidente com Danos Materiais;544,8;BR-116/SP;Sul;Capotamento;
11/10/2021;segunda-feira;10:12:00;3 - Acidente com Danos Materiais;1,5;BR-116/PR;Sul;Saida de Pista;
11/10/2021;segunda-feira;10:35:00;3 - Acidente com Danos Materiais;509,6;BR-116/SP;Sul;Choque - Elemento de Drenagem;
11/10/2021;segunda-feira;10:36:00;3 - Acidente com Danos Materiais;550,01;BR-116/SP;Norte;Choque - Defensa, barreira ou submarino;
11/10/2021;segunda-feira;10:43:00;2 - Acidente com VITIMA;0,35;BR-116/PR;Sul;Capotamento;
11/10/2021;segunda-feira;10:45:00;3 - Acidente com Danos Materiais;564,01;BR-116/SP;Norte;Colisão Traseira;
11/10/2021;segunda-feira;11:28:00;3 - Acidente com Danos Materiais;565,1;BR-116/SP;Sul;Choque - Defensa, barreira ou submarino;
11/10/2021;segunda-feira;13:21:00;3 - Acidente com Danos Materiais;44,1;BR-116/PR;Sul;Choque - Defensa, barreira ou submarino;
11/10/2021;segunda-feira;14:30:00;2 - Acidente com VITIMA;44,984;BR-116/PR;Sul;Choque - Talude;
11/10/2021;segunda-feira;14:34:00;3 - Acidente com Danos Materiais;565,1;BR-116/SP;Sul;Choque - Defensa, barreira ou submarino;
11/10/2021;segunda-feira;14:42:00;2 - Acidente com VITIMA;14,4;BR-116/PR;Norte;Capotamento;
11/10/2021;segunda-feira;14:48:00;3 - Acidente com Danos Materiais;3,2;BR-116/PR;Norte;Capotamento;
11/10/2021;segunda-feira;15:19:00;3 - Acidente com Danos Materiais;15,5;BR-116/PR;Norte;Choque - Defensa, barreira ou submarino;
11/10/2021;segunda-feira;15:33:00;3 - Acidente com Danos Materiais;42,1;BR-116/PR;Sul;Choque - Defensa, barreira ou submarino;
11/10/2021;segunda-feira;15:36:00;3 - Acidente com Danos Materiais;379,3;BR-116/SP;Norte;Colisão Lateral;
11/10/2021;segunda-feira;17:03:00;3 - Acidente com Danos Materiais;3,3;BR-116/PR;Norte;Saida de Pista;
11/10/2021;segunda-feira;17:37:00;3 - Acidente com Danos Materiais;565,1;BR-116/SP;Sul;Choque - Defensa, barreira ou submarino;
11/10/2021;segunda-feira;18:06:00;3 - Acidente com Danos Materiais;1,1;BR-116/PR;Sul;Choque - Defensa, barreira ou submarino;
11/10/2021;segunda-feira;19:12:00;2 - Acidente com VITIMA;490,1;BR-116/SP;Norte;Atropelamento - Andarilho;
11/10/2021;segunda-feira;19:36:00;3 - Acidente com Danos Materiais;1,1;BR-116/PR;Sul;Choque - Defensa, barreira ou submarino;
11/10/2021;segunda-feira;19:59:00;3 - Acidente com Danos Materiais;32,636;BR-116/PR;Norte;Choque - Defensa, barreira ou submarino;
11/10/2021;segunda-feira;21:13:00;3 - Acidente com Danos Materiais;544,8;BR-116/SP;Norte;Choque - Defensa, barreira ou submarino;
11/10/2021;segunda-feira;21:22:00;3 - Acidente com Danos Materiais;14,1;BR-116/PR;Norte;Capotamento;
11/10/2021;segunda-feira;21:54:00;3 - Acidente com Danos Materiais;14,1;BR-116/PR;Norte;Choque - Elemento de Drenagem;
11/10/2021;segunda-feira;23:49:00;3 - Acidente com Danos Materiais;545,9;BR-116/SP;Sul;Colisão Lateral;
11/10/2021;segunda-feira;23:55:00;2 - Acidente com VITIMA;504,7;BR-116/SP;Norte;Choque - Defensa, barreira ou submarino;
12/10/2021;terça-feira;00:38:00;3 - Acidente com Danos Materiais;513,001;BR-116/SP;Norte;Choque - Defensa, barreira ou submarino;
12/10/2021;terça-feira;01:21:00;2 - Acidente com VITIMA;506,001;BR-116/SP;Norte;Capotamento;
12/10/2021;terça-feira;05:56:00;3 - Acidente com Danos Materiais;485,7;BR-116/SP;Norte;Saida de Pista;
12/10/2021;terça-feira;06:21:00;1 - Acidente com Vitima Fatal;477,4;BR-116/SP;Sul;Colisão Frontal;1
12/10/2021;terça-feira;06:33:00;2 - Acidente com VITIMA;275,061;BR-116/SP;Sul;Queda de Moto;
12/10/2021;terça-feira;06:53:00;3 - Acidente com Danos Materiais;567,01;BR-116/SP;Norte;Capotamento;
12/10/2021;terça-feira;07:14:00;2 - Acidente com VITIMA;566,2;BR-116/SP;Sul;Choque - Defensa, barreira ou submarino;
12/10/2021;terça-feira;07:31:00;3 - Acidente com Danos Materiais;566,01;BR-116/SP;Norte;Choque - Defensa, barreira ou submarino;
12/10/2021;terça-feira;08:10:00;3 - Acidente com Danos Materiais;521,5;BR-116/SP;Norte;Saida de Pista;
12/10/2021;terça-feira;09:02:00;3 - Acidente com Danos Materiais;8;BR-116/PR;Sul;Choque - Defensa, barreira ou submarino;
12/10/2021;terça-feira;13:43:00;3 - Acidente com Danos Materiais;283,1;BR-116/SP;Norte;Colisão Traseira;
12/10/2021;terça-feira;14:02:00;3 - Acidente com Danos Materiais;41,5;BR-116/PR;Sul;Choque - Defensa, barreira ou submarino;
12/10/2021;terça-feira;14:09:00;3 - Acidente com Danos Materiais;281,5;BR-116/SP;Norte;Colisão Traseira;
12/10/2021;terça-feira;14:36:00;3 - Acidente com Danos Materiais;308,2;BR-116/SP;Norte;Choque - Defensa, barreira ou submarino;
12/10/2021;terça-feira;15:38:00;3 - Acidente com Danos Materiais;39,2;BR-116/PR;Sul;Choque - Defensa, barreira ou submarino;
12/10/2021;terça-feira;15:49:00;3 - Acidente com Danos Materiais;560,4;BR-116/SP;Sul;Saida de Pista;
12/10/2021;terça-feira;16:00:00;3 - Acidente com Danos Materiais;566,7;BR-116/SP;Sul;Saida de Pista;
12/10/2021;terça-feira;16:20:00;2 - Acidente com VITIMA;546,2;BR-116/SP;Sul;Choque - Defensa, barreira ou submarino;
12/10/2021;terça-feira;16:22:00;3 - Acidente com Danos Materiais;271,1;BR-116/SP;Sul;Engavetamento;
12/10/2021;terça-feira;16:45:00;3 - Acidente com Danos Materiais;270,9;BR-116/SP;Sul;Colisão Traseira;
12/10/2021;terça-feira;20:24:00;2 - Acidente com VITIMA;359,25;BR-116/SP;Norte;Tombamento;
12/10/2021;terça-feira;22:07:00;3 - Acidente com Danos Materiais;511,5;BR-116/SP;Norte;Tombamento;
13/10/2021;quarta-feira;01:08:00;3 - Acidente com Danos Materiais;513,3;BR-116/SP;Norte;Tombamento;
13/10/2021;quarta-feira;02:24:00;3 - Acidente com Danos Materiais;41,7;BR-116/PR;Sul;Choque - Elemento de Drenagem;
13/10/2021;quarta-feira;06:42:00;2 - Acidente com VITIMA;6,8;BR-116/PR;Sul;Choque - Defensa, barreira ou submarino;
13/10/2021;quarta-feira;08:15:00;2 - Acidente com VITIMA;301,001;BR-116/SP;Norte;Capotamento;
13/10/2021;quarta-feira;09:03:00;2 - Acidente com VITIMA;269,7;BR-116/SP;Sul;Atropelamento de Animal;
13/10/2021;quarta-feira;10:58:00;2 - Acidente com VITIMA;30,9;BR-116/PR;Sul;Colisão Lateral;
13/10/2021;quarta-feira;14:44:00;3 - Acidente com Danos Materiais;17,9;BR-116/CW;Norte;Colisão Traseira;
13/10/2021;quarta-feira;15:41:00;2 - Acidente com VITIMA;520,5;BR-116/SP;Norte;Choque - Elemento de Drenagem;
14/10/2021;quinta-feira;01:43:00;2 - Acidente com VITIMA;517,1;BR-116/SP;Norte;Capotamento;
14/10/2021;quinta-feira;02:16:00;3 - Acidente com Danos Materiais;454,8;BR-116/SP;Sul;Tombamento;
14/10/2021;quinta-feira;09:38:00;3 - Acidente com Danos Materiais;485,85;BR-116/SP;Norte;Colisão Lateral;
14/10/2021;quinta-feira;10:24:00;3 - Acidente com Danos Materiais;305,4;BR-116/SP;Norte;Choque - Defensa, barreira ou submarino;
14/10/2021;quinta-feira;10:33:00;2 - Acidente com VITIMA;269,8;BR-116/SP;Sul;Colisão Traseira;
14/10/2021;quinta-feira;11:06:00;3 - Acidente com Danos Materiais;544,5;BR-116/SP;Norte;Tombamento;
14/10/2021;quinta-feira;11:17:00;2 - Acidente com VITIMA;273,5;BR-116/SP;Norte;Queda de Moto;
14/10/2021;quinta-feira;12:26:00;3 - Acidente com Danos Materiais;290,1;BR-116/SP;Norte;Tombamento;
14/10/2021;quinta-feira;16:54:00;2 - Acidente com VITIMA;272,997;BR-116/SP;Sul;Queda de Moto;
14/10/2021;quinta-feira;17:24:00;2 - Acidente com VITIMA;273,5;BR-116/SP;Sul;Colisão Lateral;
14/10/2021;quinta-feira;19:56:00;2 - Acidente com VITIMA;500,4;BR-116/SP;Sul;Atropelamento - Andarilho;
15/10/2021;sexta-feira;00:56:00;3 - Acidente com Danos Materiais;462,3;BR-116/SP;Sul;Colisão Lateral;
15/10/2021;sexta-feira;02:27:00;2 - Acidente com VITIMA;504,6;BR-116/SP;Norte;Tombamento;
15/10/2021;sexta-feira;06:35:00;3 - Acidente com Danos Materiais;470,01;BR-116/SP;Norte;Saida de Pista;
15/10/2021;sexta-feira;06:55:00;3 - Acidente com Danos Materiais;270,6;BR-116/SP;Sul;Colisão Traseira;
15/10/2021;sexta-feira;09:15:00;2 - Acidente com VITIMA;489,15;BR-116/SP;Norte;Colisão Traseira;
15/10/2021;sexta-feira;09:43:00;3 - Acidente com Danos Materiais;45,701;BR-116/PR;Norte;Saida de Pista;
15/10/2021;sexta-feira;10:25:00;3 - Acidente com Danos Materiais;40,01;BR-116/PR;Norte;Choque - Defensa, barreira ou submarino;
15/10/2021;sexta-feira;11:46:00;3 - Acidente com Danos Materiais;42,201;BR-116/PR;Sul;Choque - Defensa, barreira ou submarino;
15/10/2021;sexta-feira;12:47:00;3 - Acidente com Danos Materiais;298,45;BR-116/SP;Norte;Colisão Traseira;
15/10/2021;sexta-feira;13:44:00;2 - Acidente com VITIMA;44,3;BR-116/PR;Sul;Choque - Arvore;
15/10/2021;sexta-feira;14:04:00;3 - Acidente com Danos Materiais;42,5;BR-116/PR;Norte;Saida de Pista;
15/10/2021;sexta-feira;14:10:00;3 - Acidente com Danos Materiais;567,2;BR-116/SP;Norte;Choque - Defensa, barreira ou submarino;
15/10/2021;sexta-feira;14:18:00;2 - Acidente com VITIMA;550,5;BR-116/SP;Norte;Capotamento;
15/10/2021;sexta-feira;14:10:00;3 - Acidente com Danos Materiais;567,2;BR-116/SP;Norte;Queda de Moto;
15/10/2021;sexta-feira;15:36:00;3 - Acidente com Danos Materiais;64,1;BR-116/PR;Sul;Choque - Defensa, barreira ou submarino;
15/10/2021;sexta-feira;16:16:00;3 - Acidente com Danos Materiais;504,7;BR-116/SP;Sul;Choque - Elemento de Drenagem;
15/10/2021;sexta-feira;16:26:00;3 - Acidente com Danos Materiais;297,8;BR-116/SP;Sul;Objeto lançado contra veículo;
15/10/2021;sexta-feira;16:29:00;3 - Acidente com Danos Materiais;565,4;BR-116/SP;Sul;Choque - Defensa, barreira ou submarino;
15/10/2021;sexta-feira;17:44:00;3 - Acidente com Danos Materiais;290,1;BR-116/SP;Norte;Colisão Traseira;
15/10/2021;sexta-feira;18:03:00;3 - Acidente com Danos Materiais;481,2;BR-116/SP;Norte;Tombamento;
15/10/2021;sexta-feira;18:15:00;3 - Acidente com Danos Materiais;15,3;BR-116/PR;Norte;Choque - Defensa, barreira ou submarino;
15/10/2021;sexta-feira;19:01:00;3 - Acidente com Danos Materiais;504,9;BR-116/SP;Norte;Saida de Pista;
15/10/2021;sexta-feira;19:11:00;3 - Acidente com Danos Materiais;307,9;BR-116/SP;Sul;Capotamento;
15/10/2021;sexta-feira;19:17:00;3 - Acidente com Danos Materiais;511,4;BR-116/SP;Sul;Choque - Talude;
15/10/2021;sexta-feira;19:28:00;3 - Acidente com Danos Materiais;548,8;BR-116/SP;Sul;Choque - Defensa, barreira ou submarino;
15/10/2021;sexta-feira;19:41:00;3 - Acidente com Danos Materiais;359,4;BR-116/SP;Norte;Choque - Elemento de Drenagem;
15/10/2021;sexta-feira;20:32:00;3 - Acidente com Danos Materiais;547,5;BR-116/SP;Sul;Choque - Talude;
15/10/2021;sexta-feira;20:57:00;3 - Acidente com Danos Materiais;59,1;BR-116/PR;Sul;Saida de Pista;
15/10/2021;sexta-feira;21:14:00;2 - Acidente com VITIMA;278,1;BR-116/SP;Norte;Colisão Traseira;
15/10/2021;sexta-feira;21:16:00;2 - Acidente com VITIMA;446,6;BR-116/SP;Sul;Queda de Moto;
15/10/2021;sexta-feira;21:47:00;3 - Acidente com Danos Materiais;320,1;BR-116/SP;Sul;Colisão Traseira;
15/10/2021;sexta-feira;22:35:00;2 - Acidente com VITIMA;6,85;BR-116/PR;Norte;Colisão Traseira;
15/10/2021;sexta-feira;22:43:00;3 - Acidente com Danos Materiais;565,1;BR-116/SP;Sul;Choque - Defensa, barreira ou submarino;
15/10/2021;sexta-feira;23:18:00;3 - Acidente com Danos Materiais;288,11;BR-116/SP;Sul;Capotamento;
15/10/2021;sexta-feira;23:20:00;3 - Acidente com Danos Materiais;1,1;BR-116/PR;Sul;Saida de Pista;
15/10/2021;sexta-feira;23:23:00;3 - Acidente com Danos Materiais;0,5;BR-116/PR;Sul;Saida de Pista;
16/10/2021;sábado;00:37:00;3 - Acidente com Danos Materiais;551,25;BR-116/SP;Norte;Saida de Pista;