data;dia_semana;horario;tipo_de_ocorrencia;km;trecho;sentido;tipo_de_acidente;mortos
16/10/2021;sábado;04:50:00;2 - Acidente com VITIMA;304,1;BR-116/SP;Sul;Colisão Traseira;
16/10/2021;sábado;05:46:00;3 - Acidente com Danos Materiais;512,001;BR-116/SP;Norte;Choque - Defensa, barreira ou submarino;
16/10/2021;sábado;07:32:00;3 - Acidente com Danos Materiais;511,2;BR-116/SP;Sul;Tombamento;
16/10/2021;sábado;08:00:00;3 - Acidente com Danos Materiais;19,1;BR-116/PR;Norte;Choque - Talude;
16/10/2021;sábado;08:11:00;2 - Acidente com VITIMA;546,1;BR-116/SP;Sul;Choque - Defensa, barreira ou submarino;
16/10/2021;sábado;08:32:00;2 - Acidente com VITIMA;270,491;BR-116/SP;Norte;Colisão Traseira;
16/10/2021;sábado;09:40:00;3 - Acidente com Danos Materiais;40,1;BR-116/PR;Norte;Choque - Defensa, barreira ou submarino;
16/10/2021;sábado;09:59:00;2 - Acidente com VITIMA;391,5;BR-116/SP;Sul;Queda de Moto;
16/10/2021;sábado;10:22:00;3 - Acidente com Danos Materiais;339,05;BR-116/SP;Norte;Choque - Outros;
16/10/2021;sábado;10:59:00;3 - Acidente com Danos Materiais;511,2;BR-116/SP;Sul;Colisão Traseira;
16/10/2021;sábado;11:23:00;2 - Acidente com VITIMA;22,8;BR-116/PR;Sul;Capotamento;
16/10/2021;sábado;11:54:00;3 - Acidente com Danos Materiais;270,5;BR-116/SP;Norte;Colisão Traseira;
16/10/2021;sábado;12:19:00;3 - Acidente com Danos Materiais;386,9;BR-116/SP;Sul;Saida de Pista;
16/10/2021;sábado;12:21:00;2 - Acidente com VITIMA;314,05;BR-116/SP;Sul;Queda de Moto;
16/10/2021;sábado;13:20:00;3 - Acidente com Danos Materiais;274,34;BR-116/SP;Sul;Colisão Traseira;
16/10/2021;sábado;13:28:00;2 - Acidente com VITIMA;384,99;BR-116/SP;Norte;Saida de Pista;
16/10/2021;sábado;17:22:00;3 - Acidente com Danos Materiais;548,8;BR-116/SP;Sul;Choque - Defensa, barreira ou submarino;
16/10/2021;sábado;17:32:00;3 - Acidente com Danos Materiais;16,5;BR-116/PR;Norte;Choque - Talude;
16/10/2021;sábado;22:09:00;3 - Acidente com Danos Materiais;288,136;BR-116/SP;Sul;Choque - Outros;
16/10/2021;sábado;23:16:00;3 - Acidente com Danos Materiais;286,3;BR-116/SP;Norte;Capotamento;
17/10/2021;domingo;01:03:00;3 - Acidente com Danos Materiais;465,3;BR-116/SP;Norte;Colisão Traseira;
17/10/2021;domingo;02:17:00;3 - Acidente com Danos Materiais;409,9;BR-116/SP;Sul;Choque - Defensa, barreira ou submarino;
17/10/2021;domingo;03:24:00;3 - Acidente com Danos Materiais;9,01;BR-116/CW;Norte;Saida de Pista;
17/10/2021;domingo;09:34:00;3 - Acidente com Danos Materiais;565,001;BR-116/SP;Sul;Choque - Defensa, barreira ou submarino;
17/10/2021;domingo;09:59:00;2 - Acidente com VITIMA;544,1;BR-116/SP;Sul;Tombamento;
17/10/2021;domingo;10:11:00;3 - Acidente com Danos Materiais;514,4;BR-116/SP;Norte;Choque - Elemento de Drenagem;
17/10/2021;domingo;10:43:00;3 - Acidente com Danos Materiais;14,3;BR-116/PR;Norte;Choque - Elemento de Drenagem;
17/10/2021;domingo;11:11:00;3 - Acidente com Danos Materiais;14,3;BR-116/PR;Norte;Saida de Pista;
17/10/2021;domingo;11:57:00;3 - Acidente com Danos Materiais;15,6;BR-116/PR;Norte;Choque - Defensa, barreira ou submarino;
17/10/2021;domingo;13:20:00;3 - Acidente com Danos Materiais;359,25;BR-116/SP;Norte;Tombamento;
17/10/2021;domingo;13:57:00;3 - Acidente com Danos Materiais;290,1;BR-116/SP;Norte;Capotamento;
17/10/2021;domingo;14:23:00;3 - Acidente com Danos Materiais;562,7;BR-116/SP;Norte;Saida de Pista;
17/10/2021;domingo;14:29:00;3 - Acidente com Danos Materiais;511,7;BR-116/SP;Norte;Choque - Defensa, barreira ou submarino;
17/10/2021;domingo;14:35:00;3 - Acidente com Danos Materiais;548,7;BR-116/SP;Sul;Choque - Defensa, barreira ou submarino;
17/10/2021;domingo;14:36:00;3 - Acidente com Danos Materiais;6,9;BR-116/PR;Sul;Choque - Elemento de Drenagem;
17/10/2021;domingo;15:26:00;3 - Acidente com Danos Materiais;290,1;BR-116/SP;Norte;Saida de Pista;
17/10/2021;domingo;15:51:00;3 - Acidente com Danos Materiais;504,9;BR-116/SP;Norte;Tombamento;
17/10/2021;domingo;17:04:00;3 - Acidente com Danos Materiais;42,01;BR-116/PR;Norte;Colisão Lateral;
17/10/2021;domingo;17:10:00;3 - Acidente com Danos Materiais;14,4;BR-116/PR;Norte;Choque - Defensa, barreira ou submarino;
17/10/2021;domingo;17:12:00;3 - Acidente com Danos Materiais;565,3;BR-116/SP;Sul;Colisão Traseira;
17/10/2021;domingo;17:16:00;2 - Acidente com VITIMA;509,7;BR-116/SP;Sul;Choque - Elemento de Drenagem;
17/10/2021;domingo;19:38:00;3 - Acidente com Danos Materiais;51,9;BR-116/PR;Sul;Saida de Pista;
17/10/2021;domingo;19:40:00;2 - Acidente com VITIMA;561,101;BR-116/SP;Sul;Saida de Pista;
17/10/2021;domingo;20:09:00;3 - Acidente com Danos Materiais;42,2;BR-116/PR;Sul;Choque - Defensa, barreira ou submarino;
17/10/2021;domingo;20:21:00;2 - Acidente com VITIMA;565,001;BR-116/SP;Sul;Colisão Traseira;
17/10/2021;domingo;20:52:00;3 - Acidente com Danos Materiais;511,7;BR-116/SP;Norte;Capotamento;
17/10/2021;domingo;21:01:00;2 - Acidente com VITIMA;469,1;BR-116/SP;Norte;Colisão Traseira;
17/10/2021;domingo;20:20:00;2 - Acidente com VITIMA;42,1;BR-116/PR;Sul;Atropelamento - Outros;
18/10/2021;segunda-feira;00:33:00;3 - Acidente com Danos Materiais;25,5;BR-116/PR;Sul;Colisão Traseira;
18/10/2021;segunda-feira;01:10:00;3 - Acidente com Danos Materiais;396,7;BR-116/SP;Norte;Tombamento;
18/10/2021;segunda-feira;01:22:00;3 - Acidente com Danos Materiais;509,4;BR-116/SP;Sul;Saida de Pista;
18/10/2021;segunda-feira;04:34:00;3 - Acidente com Danos Materiais;365,01;BR-116/SP;Sul;Capotamento;
18/10/2021;segunda-feira;05:14:00;3 - Acidente com Danos Materiais;313,5;BR-116/SP;Norte;Choque - Elemento de Drenagem;
18/10/2021;segunda-feira;05:58:00;3 - Acidente com Danos Materiais;340,12;BR-116/SP;Norte;Choque - Suporte de Sinalização;
18/10/2021;segunda-feira;05:59:00;3 - Acidente com Danos Materiais;290,1;BR-116/SP;Norte;Choque - Defensa, barreira ou submarino;
18/10/2021;segunda-feira;06:18:00;3 - Acidente com Danos Materiais;66,01;BR-116/PR;Sul;Choque - Defensa, barreira ou submarino;
18/10/2021;segunda-feira;06:41:00;3 - Acidente com Danos Materiais;15,01;BR-116/CW;Sul;Choque - Defensa, barreira ou submarino;
18/10/2021;segunda-feira;06:58:00;3 - Acidente com Danos Materiais;565,1;BR-116/SP;Sul;Saida de Pista;
18/10/2021;segunda-feira;07:56:00;3 - Acidente com Danos Materiais;537,01;BR-116/SP;Sul;Choque - Defensa, barreira ou submarino;
18/10/2021;segunda-feira;08:33:00;3 - Acidente com Danos Materiais;1,1;BR-116/PR;Sul;Saida de Pista;
18/10/2021;segunda-feira;08:35:00;3 - Acidente com Danos Materiais;0,5;BR-116/PR;Sul;Saida de Pista;
18/10/2021;segunda-feira;12:15:00;3 - Acidente com Danos Materiais;513,9;BR-116/SP;Norte;Choque - Defensa, barreira ou submarino;
18/10/2021;segunda-feira;12:41:00;3 - Acidente com Danos Materiais;5,12;BR-116/PR;Norte;Choque - Defensa, barreira ou submarino;
18/10/2021;segunda-feira;13:01:00;3 - Acidente com Danos Materiais;7,01;BR-116/PR;Sul;Choque - Defensa, barreira ou submarino;
18/10/2021;segunda-feira;13:18:00;3 - Acidente com Danos Materiais;538,025;BR-116/SP;Sul;Choque - Defensa, barreira ou submarino;
18/10/2021;segunda-feira;15:08:00;3 - Acidente com Danos Materiais;548,2;BR-116/SP;Sul;Choque - Talude;
18/10/2021;segunda-feira;16:15:00;3 - Acidente com Danos Materiais;3,2;BR-116/PR;Norte;Capotamento;
18/10/2021;segunda-feira;16:48:00;3 - Acidente com Danos Materiais;10,2;BR-116/PR;Sul;Choque - Defensa, barreira ou submarino;
18/10/2021;segunda-feira;18:06:00;3 - Acidente com Danos Materiais;284,897;BR-116/SP;Norte;Capotamento;
18/10/2021;segunda-feira;18:42:00;3 - Acidente com Danos Materiais;1,8;BR-116/PR;Norte;Colisão Traseira;
18/10/2021;segunda-feira;19:48:00;3 - Acidente com Danos Materiais;561,5;BR-116/SP;Sul;Saida de Pista;
18/10/2021;segunda-feira;21:09:00;2 - Acidente com VITIMA;22,2;BR-116/PR;Norte;Choque - Defensa, barreira ou submarino;
19/10/2021;terça-feira;00:29:00;3 - Acidente com Danos Materiais;434,6;BR-116/SP;Sul;Colisão Traseira;
19/10/2021;terça-feira;05:24:00;3 - Acidente com Danos Materiais;431,4;BR-116/SP;Sul;Saida de Pista;
19/10/2021;terça-feira;08:43:00;3 - Acidente com Danos Materiais;299,7;BR-116/SP;Norte;Queda de Moto;
19/10/2021;terça-feira;08:49:00;3 - Acidente com Danos Materiais;565,1;BR-116/SP;Sul;Choque - Defensa, barreira ou submarino;
19/10/2021;terça-feira;09:30:00;3 - Acidente com Danos Materiais;396,65;BR-116/SP;Norte;Saida de Pista;
19/10/2021;terça-feira;09:31:00;3 - Acidente com Danos Materiais;63,5;BR-116/PR;Sul;Colisão Lateral;
19/10/2021;terça-feira;09:39:00;3 - Acidente com Danos Materiais;514,1;BR-116/SP;Norte;Choque - Defensa, barreira ou submarino;
19/10/2021;terça-feira;09:51:00;2 - Acidente com VITIMA;565,1;BR-116/SP;Sul;Choque - Defensa, barreira ou submarino;
19/10/2021;terça-feira;10:32:00;3 - Acidente com Danos Materiais;567,2;BR-116/SP;Norte;Capotamento;
19/10/2021;terça-feira;11:35:00;3 - Acidente com Danos Materiais;512,1;BR-116/SP;Norte;Choque - Defensa, barreira ou submarino;
19/10/2021;terça-feira;11:59:00;3 - Acidente com Danos Materiais;515,5;BR-116/SP;Norte;Choque - Defensa, barreira ou submarino;
19/10/2021;terça-feira;12:49:00;3 - Acidente com Danos Materiais;357,4;BR-116/SP;Sul;Colisão Traseira;
19/10/2021;terça-feira;13:35:00;3 - Acidente com Danos Materiais;490,95;BR-116/SP;Sul;Choque - Elemento de Drenagem;
19/10/2021;terça-feira;14:33:00;2 - Acidente com VITIMA;449,808;BR-116/SP;Norte;Queda de Moto;
19/10/2021;terça-feira;15:22:00;3 - Acidente com Danos Materiais;27,5;BR-116/PR;Norte;Choque - Defensa, barreira ou submarino;
19/10/2021;terça-feira;17:14:00;3 - Acidente com Danos Materiais;46,8;BR-116/PR;Norte;Choque - Talude;
19/10/2021;terça-feira;17:43:00;3 - Acidente com Danos Materiais;346,4;BR-116/SP;Sul;Queda de Moto;
19/10/2021;terça-feira;19:13:00;3 - Acidente com Danos Materiais;511,5;BR-116/SP;Norte;Choque - Talude;
19/10/2021;terça-feira;20:03:00;3 - Acidente com Danos Materiais;339,615;BR-116/SP;Norte;Saida de Pista;
20/10/2021;quarta-feira;00:21:00;3 - Acidente com Danos Materiais;302,1;BR-116/SP;Norte;Colisão Lateral;
20/10/2021;quarta-feira;00:45:00;2 - Acidente com VITIMA;339,8;BR-116/SP;Norte;Tombamento;
20/10/2021;quarta-feira;02:14:00;3 - Acidente com Danos Materiais;3,3;BR-116/PR;Norte;Saida de Pista;
20/10/2021;quarta-feira;04:16:00;3 - Acidente com Danos Materiais;501,9;BR-116/SP;Sul;Choque - Defensa, barreira ou submarino;
20/10/2021;quarta-feira;05:07:00;2 - Acidente com VITIMA;410,3;BR-116/SP;Norte;Saida de Pista;
20/10/2021;quarta-feira;06:33:00;2 - Acidente com VITIMA;359,001;BR-116/SP;Sul;Colisão Traseira;
20/10/2021;quarta-feira;07:04:00;2 - Acidente com VITIMA;270,1;BR-116/SP;Norte;Colisão Lateral;
20/10/2021;quarta-feira;09:10:00;3 - Acidente com Danos Materiais;456,01;BR-116/SP;Sul;Colisão Lateral;
20/10/2021;quarta-feira;10:06:00;3 - Acidente com Danos Materiais;337,629;BR-116/SP;Norte;Colisão Traseira;
20/10/2021;quarta-feira;10:50:00;2 - Acidente com VITIMA;300,1;BR-116/SP;Sul;Tombamento;
20/10/2021;quarta-feira;13:49:00;3 - Acidente com Danos Materiais;322,586;BR-116/SP;Sul;Saida de Pista;
20/10/2021;quarta-feira;14:56:00;3 - Acidente com Danos Materiais;403,01;BR-116/SP;Norte;Colisão Frontal;
20/10/2021;quarta-feira;15:03:00;3 - Acidente com Danos Materiais;515,5;BR-116/SP;Norte;Choque - Defensa, barreira ou submarino;
20/10/2021;quarta-feira;17:15:00;3 - Acidente com Danos Materiais;559,2;BR-116/SP;Sul;Saida de Pista;
20/10/2021;quarta-feira;17:53:00;3 - Acidente com Danos Materiais;515,3;BR-116/SP;Norte;Choque - Elemento de Drenagem;
20/10/2021;quarta-feira;18:10:00;2 - Acidente com VITIMA;562,2;BR-116/SP;Sul;Tombamento;
20/10/2021;quarta-feira;18:29:00;2 - Acidente com VITIMA;440,123;BR-116/SP;Norte;Colisão Traseira;
20/10/2021;quarta-feira;21:37:00;3 - Acidente com Danos Materiais;22,5;BR-116/PR;Sul;Colisão Traseira;
20/10/2021;quarta-feira;21:57:00;3 - Acidente com Danos Materiais;368,5;BR-116/SP;Sul;Saida de Pista;
20/10/2021;quarta-feira;23:10:00;3 - Acidente com Danos Materiais;286,1;BR-116/SP;Norte;Colisão Traseira;
20/10/2021;quarta-feira;23:36:00;2 - Acidente com VITIMA;44,6;BR-116/PR;Sul;Capotamento;
20/10/2021;quarta-feira;23:53:00;3 - Acidente com Danos Materiais;42,2;BR-116/PR;Sul;Choque - Defensa, barreira ou submarino;
21/10/2021;quinta-feira;01:13:00;2 - Acidente com VITIMA;326,2;BR-116/SP;Norte;Colisão Lateral;
21/10/2021;quinta-feira;05:41:00;3 - Acidente com Danos Materiais;42,2;BR-116/PR;Sul;Choque - Defensa, barreira ou submarino;
21/10/2021;quinta-feira;06:41:00;2 - Acidente com VITIMA;273,5;BR-116/SP;Norte;Engavetamento;
21/10/2021;quinta-feira;06:50:00;3 - Acidente com Danos Materiais;57,3;BR-116/PR;Sul;Choque - Defensa, barreira ou submarino;
21/10/2021;quinta-feira;06:55:00;3 - Acidente com Danos Materiais;32,15;BR-116/PR;Norte;Colisão Traseira;
21/10/2021;quinta-feira;07:22:00;2 - Acidente com VITIMA;284,699;BR-116/SP;Norte;Queda de Moto;
21/10/2021;quinta-feira;07:56:00;2 - Acidente com VITIMA;309,1;BR-116/SP;Norte;Colisão Transversal;
21/10/2021;quinta-feira;12:42:00;3 - Acidente com Danos Materiais;450,3;BR-116/SP;Norte;Choque - Outros;
21/10/2021;quinta-feira;13:32:00;3 - Acidente com Danos Materiais;498,8;BR-116/SP;Sul;Colisão Traseira;
21/10/2021;quinta-feira;15:15:00;3 - Acidente com Danos Materiais;299,1;BR-116/SP;Norte;Colisão Traseira;
21/10/2021;quinta-feira;15:25:00;2 - Acidente com VITIMA;279,6;BR-116/SP;Norte;Engavetamento;
21/10/2021;quinta-feira;18:00:00;2 - Acidente com VITIMA;282,3;BR-116/SP;Sul;Colisão Traseira;
21/10/2021;quinta-feira;18:01:00;2 - Acidente com VITIMA;277,3;BR-116/SP;Sul;Colisão Lateral;
21/10/2021;quinta-feira;19:35:00;2 - Acidente com VITIMA;288,1;BR-116/SP;Norte;Queda de Moto;
22/10/2021;sexta-feira;05:50:00;3 - Acidente com Danos Materiais;500,1;BR-116/SP;Norte;Choque - Suporte de Sinalização;
22/10/2021;sexta-feira;11:45:00;3 - Acidente com Danos Materiais;275,4;BR-116/SP;Sul;Choque - Defensa, barreira ou submarino;
22/10/2021;sexta-feira;21:21:00;3 - Acidente com Danos Materiais;278,9;BR-116/SP;Sul;Colisão Traseira;
23/10/2021;sábado;02:09:00;3 - Acidente com Danos Materiais;511,2;BR-116/SP;Sul;Tombamento;
23/10/2021;sábado;05:30:00;3 - Acidente com Danos Materiais;314,972;BR-116/SP;Norte;Colisão Traseira;
23/10/2021;sábado;09:46:00;3 - Acidente com Danos Materiais;288,194;BR-116/SP;Sul;Colisão Lateral;
23/10/2021;sábado;15:56:00;1 - Acidente com Vitima Fatal;550,45;BR-116/SP;Norte;Queda de Moto;1
23/10/2021;sábado;20:49:00;3 - Acidente com Danos Materiais;59,2;BR-116/PR;Sul;Choque - Defensa, barreira ou submarino;
23/10/2021;sábado;22:27:00;2 - Acidente com VITIMA;547,2;BR-116/SP;Sul;Choque - Talude;
24/10/2021;domingo;01:36:00;2 - Acidente com VITIMA;311,206;BR-116/SP;Sul;Engavetamento;
24/10/2021;domingo;02:05:00;3 - Acidente com Danos Materiais;38,5;BR-116/PR;Sul;Choque - Defensa, barreira ou submarino;
24/10/2021;domingo;02:07:00;2 - Acidente com VITIMA;454,9;BR-116/SP;Sul;Saida de Pista;
24/10/2021;domingo;04:11:00;3 - Acidente com Danos Materiais;35,8;BR-116/PR;Sul;Choque - Talude;
24/10/2021;domingo;04:21:00;3 - Acidente com Danos Materiais;273,022;BR-116/SP;Norte;Engavetamento;
24/10/2021;domingo;04:42:00;3 - Acidente com Danos Materiais;283,6;BR-116/SP;Sul;Choque - Arvore;
24/10/2021;domingo;05:07:00;3 - Acidente com Danos Materiais;567;BR-116/SP;Sul;Choque - Defensa, barreira ou submarino;
24/10/2021;domingo;05:18:00;3 - Acidente com Danos Materiais;273,022;BR-116/SP;Norte;Colisão Frontal;
24/10/2021;domingo;05:38:00;3 - Acidente com Danos Materiais;316,383;BR-116/SP;Sul;Choque - Defensa, barreira ou submarino;
24/10/2021;domingo;07:13:00;3 - Acidente com Danos Materiais;566,6;BR-116/SP;Norte;Colisão Traseira;
24/10/2021;domingo;08:25:00;2 - Acidente com VITIMA;310,557;BR-116/SP;Norte;Tombamento;
24/10/2021;domingo;08:25:00;3 - Acidente com Danos Materiais;17,4;BR-116/PR;Sul;Tombamento;
24/10/2021;domingo;08:27:00;3 - Acidente com Danos Materiais;274,702;BR-116/SP;Sul;Choque - Outros;
24/10/2021;domingo;08:43:00;3 - Acidente com Danos Materiais;447,794;BR-116/SP;Sul;Saida de Pista;
24/10/2021;domingo;09:20:00;3 - Acidente com Danos Materiais;279,375;BR-116/SP;Norte;Colisão Traseira;
24/10/2021;domingo;10:51:00;3 - Acidente com Danos Materiais;65,001;BR-116/PR;Sul;Choque - Defensa, barreira ou submarino;
24/10/2021;domingo;11:51:00;2 - Acidente com VITIMA;20,2;BR-116/PR;Sul;Capotamento;
24/10/2021;domingo;12:00:00;3 - Acidente com Danos Materiais;44,5;BR-116/PR;Sul;Saida de Pista;
24/10/2021;domingo;12:16:00;3 - Acidente com Danos Materiais;565,001;BR-116/SP;Sul;Choque - Defensa, barreira ou submarino;
24/10/2021;domingo;15:26:00;3 - Acidente com Danos Materiais;515,3;BR-116/SP;Norte;Saida de Pista;
24/10/2021;domingo;15:46:00;3 - Acidente com Danos Materiais;509,2;BR-116/SP;Sul;Saida de Pista;
24/10/2021;domingo;16:04:00;2 - Acidente com VITIMA;513,5;BR-116/SP;Norte;Choque - Defensa, barreira ou submarino;
24/10/2021;domingo;19:07:00;3 - Acidente com Danos Materiais;285,5;BR-116/SP;Norte;Colisão Traseira;
24/10/2021;domingo;19:53:00;2 - Acidente com VITIMA;506,2;BR-116/SP;Norte;Capotamento;
24/10/2021;domingo;21:14:00;3 - Acidente com Danos Materiais;506,599;BR-116/SP;Norte;Colisão Traseira;
24/10/2021;domingo;21:38:00;3 - Acidente com Danos Materiais;299,8;BR-116/SP;Norte;Tombamento;
24/10/2021;domingo;21:46:00;3 - Acidente com Danos Materiais;545,1;BR-116/SP;Norte;Choque - Defensa, barreira ou submarino;
24/10/2021;domingo;21:50:00;3 - Acidente com Danos Materiais;507,5;BR-116/SP;Norte;Colisão Lateral;
24/10/2021;domingo;21:58:00;3 - Acidente com Danos Materiais;8,003;BR-116/CW;Sul;Colisão Traseira;
24/10/2021;domingo;22:32:00;3 - Acidente com Danos Materiais;339,6;BR-116/SP;Norte;Saida de Pista;
24/10/2021;domingo;23:17:00;3 - Acidente com Danos Materiais;272,02;BR-116/SP;Sul;Colisão Traseira;
25/10/2021;segunda-feira;01:19:00;1 - Acidente com Vitima Fatal;417,4;BR-116/SP;Norte;Atropelamento - Morador;1
25/10/2021;segunda-feira;03:45:00;2 - Acidente com VITIMA;290,07;BR-116/SP;Sul;Tombamento;
25/10/2021;segunda-feira;11:55:00;2 - Acidente com VITIMA;273,4;BR-116/SP;Norte;Choque - Defensa, barreira ou submarino;
25/10/2021;segunda-feira;12:37:00;3 - Acidente com Danos Materiais;468,9;BR-116/SP;Norte;Saida de Pista;
25/10/2021;segunda-feira;14:32:00;3 - Acidente com Danos Materiais;35,95;BR-116/PR;Sul;Colisão Lateral;
25/10/2021;segunda-feira;17:10:00;3 - Acidente com Danos Materiais;448,98;BR-116/SP;Sul;Colisão Traseira;
25/10/2021;segunda-feira;17:25:00;2 - Acidente com VITIMA;303,5;BR-116/SP;Norte;Capotamento;
25/10/2021;segunda-feira;17:26:00;3 - Acidente com Danos Materiais;485,3;BR-116/SP;Sul;Colisão Traseira;
26/10/2021;terça-feira;02:17:00;2 - Acidente com VITIMA;26,4;BR-116/PR;Norte;Tombamento;
26/10/2021;terça-feira;06:26:00;3 - Acidente com Danos Materiais;15,4;BR-116/PR;Sul;Saida de Pista;
26/10/2021;terça-feira;15:06:00;2 - Acidente com VITIMA;442,95;BR-116/SP;Sul;Colisão Lateral;
26/10/2021;terça-feira;17:14:00;2 - Acidente com VITIMA;307,4;BR-116/SP;Norte;Choque - Talude;
27/10/2021;quarta-feira;00:57:00;3 - Acidente com Danos Materiais;448,4;BR-116/SP;Norte;Tombamento;
27/10/2021;quarta-feira;09:24:00;3 - Acidente com Danos Materiais;29,956;BR-116/PR;Norte;Choque - Elemento de Drenagem;
27/10/2021;quarta-feira;10:17:00;3 - Acidente com Danos Materiais;406,04;BR-116/SP;Norte;Choque - Defensa, barreira ou submarino;
27/10/2021;quarta-feira;11:11:00;3 - Acidente com Danos Materiais;3,3;BR-116/PR;Sul;Colisão Lateral;
27/10/2021;quarta-feira;13:22:00;3 - Acidente com Danos Materiais;10,15;BR-116/PR;Sul;Tombamento;
27/10/2021;quarta-feira;13:32:00;3 - Acidente com Danos Materiais;5,579;BR-116/PR;Norte;Choque - Defensa, barreira ou submarino;
27/10/2021;quarta-feira;16:16:00;3 - Acidente com Danos Materiais;461,2;BR-116/SP;Norte;Choque - Defensa, barreira ou submarino;
27/10/2021;quarta-feira;16:27:00;2 - Acidente com VITIMA;314,152;BR-116/SP;Norte;Colisão Traseira;
27/10/2021;quarta-feira;17:02:00;2 - Acidente com VITIMA;513,1;BR-116/SP;Norte;Choque - Defensa, barreira ou submarino;
27/10/2021;quarta-feira;18:00:00;2 - Acidente com VITIMA;511,01;BR-116/SP;Norte;Tombamento;
27/10/2021;quarta-feira;18:22:00;3 - Acidente com Danos Materiais;541,2;BR-116/SP;Sul;Choque - Defensa, barreira ou submarino;
27/10/2021;quarta-feira;19:38:00;3 - Acidente com Danos Materiais;292,1;BR-116/SP;Norte;Colisão Traseira;
27/10/2021;quarta-feira;20:03:00;3 - Acidente com Danos Materiais;419,4;BR-116/SP;Sul;Choque - Defensa, barreira ou submarino;
27/10/2021;quarta-feira;20:11:00;3 - Acidente com Danos Materiais;15,2;BR-116/PR;Sul;Choque - Talude;
27/10/2021;quarta-feira;20:28:00;3 - Acidente com Danos Materiais;548,2;BR-116/SP;Norte;Saida de Pista;
27/10/2021;quarta-feira;20:51:00;2 - Acidente com VITIMA;499,5;BR-116/SP;Sul;Saida de Pista;
27/10/2021;quarta-feira;23:52:00;3 - Acidente com Danos Materiais;567,1;BR-116/SP;Sul;Choque - Defensa, barreira ou submarino;
28/10/2021;quinta-feira;00:30:00;3 - Acidente com Danos Materiais;439,15;BR-116/SP;Sul;Saida de Pista;
28/10/2021;quinta-feira;02:12:00;3 - Acidente com Danos Materiais;282,2;BR-116/SP;Norte;Choque - Defensa, barreira ou submarino;
28/10/2021;quinta-feira;03:22:00;2 - Acidente com VITIMA;499,9;BR-116/SP;Sul;Capotamento;
28/10/2021;quinta-feira;03:49:00;3 - Acidente com Danos Materiais;28,8;BR-116/PR;Norte;Choque - Poste;
28/10/2021;quinta-feira;05:36:00;3 - Acidente com Danos Materiais;50,8;BR-116/PR;Norte;Choque - Talude;
28/10/2021;quinta-feira;06:01:00;2 - Acidente com VITIMA;316,94;BR-116/SP;Norte;Choque - Outros;
28/10/2021;quinta-feira;06:04:00;3 - Acidente com Danos Materiais;352,8;BR-116/SP;Sul;Choque - Defensa, barreira ou submarino;
28/10/2021;quinta-feira;06:31:00;2 - Acidente com VITIMA;44,479;BR-116/PR;Norte;Capotamento;
28/10/2021;quinta-feira;06:31:00;3 - Acidente com Danos Materiais;321,001;BR-116/SP;Norte;Choque - Outros;
28/10/2021;quinta-feira;06:41:00;3 - Acidente com Danos Materiais;15,6;BR-116/PR;Norte;Choque - Defensa, barreira ou submarino;
28/10/2021;quinta-feira;06:42:00;2 - Acidente com VITIMA;283,5;BR-116/SP;Norte;Queda de Moto;
28/10/2021;quinta-feira;07:02:00;2 - Acidente com VITIMA;283,5;BR-116/SP;Sul;Colisão Lateral;
28/10/2021;quinta-feira;07:07:00;3 - Acidente com Danos Materiais;326,1;BR-116/SP;Sul;Colisão Traseira;
28/10/2021;quinta-feira;07:44:00;3 - Acidente com Danos Materiais;561,1;BR-116/SP;Sul;Saida de Pista;
28/10/2021;quinta-feira;07:46:00;3 - Acidente com Danos Materiais;14,001;BR-116/PR;Norte;Capotamento;
28/10/2021;quinta-feira;07:50:00;2 - Acidente com VITIMA;383,2;BR-116/SP;Norte;Colisão Traseira;
28/10/2021;quinta-feira;07:52:00;2 - Acidente com VITIMA;38,001;BR-116/PR;Sul;Capotamento;
28/10/2021;quinta-feira;08:23:00;3 - Acidente com Danos Materiais;14,8;BR-116/PR;Sul;Choque - Talude;
28/10/2021;quinta-feira;08:44:00;2 - Acidente com VITIMA;5,1;BR-116/PR;Norte;Choque - Defensa, barreira ou submarino;
28/10/2021;quinta-feira;09:10:00;2 - Acidente com VITIMA;347,1;BR-116/SP;Sul;Engavetamento;
28/10/2021;quinta-feira;10:59:00;2 - Acidente com VITIMA;14,001;BR-116/PR;Norte;Capotamento;
28/10/2021;quinta-feira;11:31:00;3 - Acidente com Danos Materiais;9,2;BR-116/PR;Sul;Choque - Defensa, barreira ou submarino;