data;dia_semana;horario;tipo_de_ocorrencia;km;trecho;sentido;tipo_de_acidente;mortos
28/10/2021;quinta-feira;12:08:00;2 - Acidente com VITIMA;551,5;BR-116/SP;Sul;Colisão Lateral;
28/10/2021;quinta-feira;13:28:00;2 - Acidente com VITIMA;295,7;BR-116/SP;Sul;Engavetamento;
28/10/2021;quinta-feira;17:37:00;3 - Acidente com Danos Materiais;292,015;BR-116/SP;Norte;Colisão Lateral;
28/10/2021;quinta-feira;18:17:00;2 - Acidente com VITIMA;281,116;BR-116/SP;Sul;Colisão Lateral;
28/10/2021;quinta-feira;19:45:00;3 - Acidente com Danos Materiais;380,366;BR-116/SP;Sul;Choque - Objeto sobre a pista;
28/10/2021;quinta-feira;20:04:00;2 - Acidente com VITIMA;20,2;BR-116/PR;Sul;Saida de Pista;
28/10/2021;quinta-feira;20:06:00;3 - Acidente com Danos Materiais;380,366;BR-116/SP;Sul;Choque - Objeto sobre a pista;
28/10/2021;quinta-feira;20:06:00;2 - Acidente com VITIMA;9,9;BR-116/PR;Sul;Capotamento;
28/10/2021;quinta-feira;21:36:00;3 - Acidente com Danos Materiais;42,1;BR-116/PR;Sul;Choque - Defensa, barreira ou submarino;
28/10/2021;quinta-feira;21:56:00;3 - Acidente com Danos Materiais;512,02;BR-116/SP;Norte;Choque - Defensa, barreira ou submarino;
29/10/2021;sexta-feira;00:34:00;3 - Acidente com Danos Materiais;339,5;BR-116/SP;Sul;Choque - Defensa, barreira ou submarino;
29/10/2021;sexta-feira;02:24:00;2 - Acidente com VITIMA;519,9;BR-116/SP;Norte;Capotamento;
29/10/2021;sexta-feira;02:32:00;3 - Acidente com Danos Materiais;503,3;BR-116/SP;Sul;Tombamento;
29/10/2021;sexta-feira;04:46:00;3 - Acidente com Danos Materiais;272,02;BR-116/SP;Norte;Choque - Defensa, barreira ou submarino;
29/10/2021;sexta-feira;06:24:00;3 - Acidente com Danos Materiais;280,957;BR-116/SP;Sul;Colisão Transversal;
29/10/2021;sexta-feira;11:19:00;3 - Acidente com Danos Materiais;9,8;BR-116/CW;Sul;Choque - Defensa, barreira ou submarino;
29/10/2021;sexta-feira;13:10:00;3 - Acidente com Danos Materiais;5,354;BR-116/PR;Norte;Choque - Defensa, barreira ou submarino;
29/10/2021;sexta-feira;13:11:00;2 - Acidente com VITIMA;298,5;BR-116/SP;Norte;Choque - Cancela de Pedagio;
29/10/2021;sexta-feira;16:37:00;2 - Acidente com VITIMA;511,7;BR-116/SP;Norte;Choque - Talude;
29/10/2021;sexta-feira;17:26:00;3 - Acidente com Danos Materiais;6,9;BR-116/PR;Sul;Choque - Defensa, barreira ou submarino;
29/10/2021;sexta-feira;18:33:00;3 - Acidente com Danos Materiais;567,01;BR-116/SP;Norte;Choque - Talude;
29/10/2021;sexta-feira;19:26:00;3 - Acidente com Danos Materiais;515,5;BR-116/SP;Norte;Saida de Pista;
29/10/2021;sexta-feira;20:51:00;2 - Acidente com VITIMA;427,5;BR-116/SP;Norte;Colisão Traseira;
29/10/2021;sexta-feira;22:22:00;2 - Acidente com VITIMA;38,05;BR-116/PR;Sul;Choque - Elemento de Drenagem;
30/10/2021;sábado;00:08:00;3 - Acidente com Danos Materiais;43,001;BR-116/PR;Norte;Choque - Talude;
30/10/2021;sábado;01:19:00;3 - Acidente com Danos Materiais;545,6;BR-116/SP;Sul;Choque - Talude;
30/10/2021;sábado;04:20:00;3 - Acidente com Danos Materiais;13,5;BR-116/CW;Norte;Saida de Pista;
30/10/2021;sábado;05:05:00;3 - Acidente com Danos Materiais;567,5;BR-116/SP;Norte;Choque - Defensa, barreira ou submarino;
30/10/2021;sábado;05:32:00;2 - Acidente com VITIMA;567,5;BR-116/SP;Norte;Capotamento;
30/10/2021;sábado;06:14:00;3 - Acidente com Danos Materiais;560,3;BR-116/SP;Sul;Choque - Defensa, barreira ou submarino;
30/10/2021;sábado;06:20:00;3 - Acidente com Danos Materiais;548,3;BR-116/SP;Norte;Choque - Defensa, barreira ou submarino;
30/10/2021;sábado;06:30:00;2 - Acidente com VITIMA;20,8;BR-116/PR;Norte;Capotamento;
30/10/2021;sábado;06:46:00;3 - Acidente com Danos Materiais;561,8;BR-116/SP;Sul;Choque - Talude;
30/10/2021;sábado;07:11:00;3 - Acidente com Danos Materiais;5,6;BR-116/PR;Norte;Choque - Defensa, barreira ou submarino;
30/10/2021;sábado;07:18:00;3 - Acidente com Danos Materiais;426,8;BR-116/SP;Sul;Colisão Lateral;
30/10/2021;sábado;07:42:00;3 - Acidente com Danos Materiais;5,6;BR-116/PR;Norte;Choque - Defensa, barreira ou submarino;
30/10/2021;sábado;08:39:00;3 - Acidente com Danos Materiais;5,6;BR-116/PR;Norte;Choque - Defensa, barreira ou submarino;
30/10/2021;sábado;08:54:00;3 - Acidente com Danos Materiais;316,387;BR-116/SP;Sul;Colisão Lateral;
30/10/2021;sábado;08:56:00;3 - Acidente com Danos Materiais;29,552;BR-116/PR;Norte;Choque - Defensa, barreira ou submarino;
30/10/2021;sábado;09:06:00;3 - Acidente com Danos Materiais;26,3;BR-116/PR;Norte;Saida de Pista;
30/10/2021;sábado;09:25:00;3 - Acidente com Danos Materiais;26,3;BR-116/PR;Norte;Choque - Outros;
30/10/2021;sábado;10:59:00;3 - Acidente com Danos Materiais;506,01;BR-116/SP;Norte;Choque - Elemento de Drenagem;
30/10/2021;sábado;11:07:00;3 - Acidente com Danos Materiais;511,7;BR-116/SP;Norte;Choque - Defensa, barreira ou submarino;
30/10/2021;sábado;11:22:00;3 - Acidente com Danos Materiais;565,217;BR-116/SP;Sul;Choque - Defensa, barreira ou submarino;
30/10/2021;sábado;11:24:00;3 - Acidente com Danos Materiais;7,001;BR-116/PR;Sul;Choque - Defensa, barreira ou submarino;
30/10/2021;sábado;11:27:00;2 - Acidente com VITIMA;504,001;BR-116/SP;Norte;Choque - Defensa, barreira ou submarino;
30/10/2021;sábado;11:33:00;3 - Acidente com Danos Materiais;550,22;BR-116/SP;Norte;Choque - Defensa, barreira ou submarino;
30/10/2021;sábado;13:35:00;2 - Acidente com VITIMA;22,1;BR-116/PR;Norte;Choque - Elemento de Drenagem;
30/10/2021;sábado;14:27:00;3 - Acidente com Danos Materiais;279,2;BR-116/SP;Sul;Engavetamento;
30/10/2021;sábado;16:11:00;3 - Acidente com Danos Materiais;542,8;BR-116/SP;Norte;Choque - Defensa, barreira ou submarino;
30/10/2021;sábado;17:14:00;3 - Acidente com Danos Materiais;299,3;BR-116/SP;Norte;Colisão Lateral;
30/10/2021;sábado;17:54:00;2 - Acidente com VITIMA;350,95;BR-116/SP;Sul;Saida de Pista;
30/10/2021;sábado;18:48:00;3 - Acidente com Danos Materiais;282,01;BR-116/SP;Norte;Choque - Veiculo parado no acostamento;
30/10/2021;sábado;19:52:00;3 - Acidente com Danos Materiais;13,25;BR-116/CW;Norte;Capotamento;
30/10/2021;sábado;22:04:00;2 - Acidente com VITIMA;5,156;BR-116/CW;Sul;Choque - Defensa, barreira ou submarino;
31/10/2021;domingo;00:07:00;2 - Acidente com VITIMA;271,2;BR-116/SP;Sul;Engavetamento;
31/10/2021;domingo;00:39:00;2 - Acidente com VITIMA;568,5;BR-116/SP;Sul;Saida de Pista;
31/10/2021;domingo;01:29:00;2 - Acidente com VITIMA;275,1;BR-116/SP;Norte;Colisão Lateral;
31/10/2021;domingo;02:35:00;2 - Acidente com VITIMA;11,05;BR-116/CW;Norte;Queda de Moto;
31/10/2021;domingo;04:17:00;2 - Acidente com VITIMA;284,1;BR-116/SP;Sul;Choque - Defensa, barreira ou submarino;
31/10/2021;domingo;05:15:00;2 - Acidente com VITIMA;12,141;BR-116/CW;Norte;Saida de Pista;
31/10/2021;domingo;05:49:00;2 - Acidente com VITIMA;552,9;BR-116/SP;Norte;Capotamento;
31/10/2021;domingo;05:52:00;2 - Acidente com VITIMA;319,813;BR-116/SP;Norte;Capotamento;
31/10/2021;domingo;06:54:00;3 - Acidente com Danos Materiais;567,35;BR-116/SP;Norte;Choque - Talude;
31/10/2021;domingo;07:07:00;3 - Acidente com Danos Materiais;465,5;BR-116/SP;Norte;Engavetamento;
31/10/2021;domingo;07:11:00;3 - Acidente com Danos Materiais;548,9;BR-116/SP;Sul;Choque - Defensa, barreira ou submarino;
31/10/2021;domingo;07:38:00;3 - Acidente com Danos Materiais;550,6;BR-116/SP;Norte;Capotamento;
31/10/2021;domingo;07:47:00;2 - Acidente com VITIMA;271,155;BR-116/SP;Sul;Choque - Defensa, barreira ou submarino;
31/10/2021;domingo;07:57:00;3 - Acidente com Danos Materiais;548,806;BR-116/SP;Sul;Choque - Defensa, barreira ou submarino;
31/10/2021;domingo;08:06:00;3 - Acidente com Danos Materiais;567,1;BR-116/SP;Sul;Choque - Defensa, barreira ou submarino;
31/10/2021;domingo;08:51:00;3 - Acidente com Danos Materiais;567,4;BR-116/SP;Norte;Choque - Defensa, barreira ou submarino;
31/10/2021;domingo;08:57:00;3 - Acidente com Danos Materiais;533,15;BR-116/SP;Sul;Saida de Pista;
31/10/2021;domingo;09:24:00;3 - Acidente com Danos Materiais;14,3;BR-116/PR;Norte;Choque - Defensa, barreira ou submarino;
31/10/2021;domingo;09:30:00;3 - Acidente com Danos Materiais;550,6;BR-116/SP;Norte;Capotamento;
31/10/2021;domingo;09:49:00;3 - Acidente com Danos Materiais;512,2;BR-116/SP;Norte;Saida de Pista;
31/10/2021;domingo;10:24:00;2 - Acidente com VITIMA;1,01;BR-116/PR;Sul;Saida de Pista;
31/10/2021;domingo;10:40:00;3 - Acidente com Danos Materiais;567,2;BR-116/SP;Sul;Capotamento;
31/10/2021;domingo;10:44:00;3 - Acidente com Danos Materiais;513,1;BR-116/SP;Norte;Saida de Pista;
31/10/2021;domingo;11:20:00;2 - Acidente com VITIMA;506,15;BR-116/SP;Sul;Choque - Arvore;
31/10/2021;domingo;11:29:00;3 - Acidente com Danos Materiais;509,3;BR-116/SP;Sul;Capotamento;
31/10/2021;domingo;11:34:00;3 - Acidente com Danos Materiais;568,18;BR-116/SP;Norte;Choque - Defensa, barreira ou submarino;
31/10/2021;domingo;12:19:00;3 - Acidente com Danos Materiais;5,1;BR-116/PR;Norte;Saida de Pista;
31/10/2021;domingo;12:38:00;3 - Acidente com Danos Materiais;555,35;BR-116/SP;Sul;Capotamento;
31/10/2021;domingo;13:03:00;3 - Acidente com Danos Materiais;3,25;BR-116/CW;Sul;Capotamento;
31/10/2021;domingo;13:44:00;3 - Acidente com Danos Materiais;550,7;BR-116/SP;Norte;Choque - Talude;
31/10/2021;domingo;14:08:00;2 - Acidente com VITIMA;7,05;BR-116/PR;Sul;Choque - Defensa, barreira ou submarino;
31/10/2021;domingo;15:10:00;3 - Acidente com Danos Materiais;3,2;BR-116/PR;Norte;Choque - Talude;
31/10/2021;domingo;15:45:00;3 - Acidente com Danos Materiais;298,6;BR-116/SP;Sul;Colisão Traseira;
31/10/2021;domingo;16:24:00;3 - Acidente com Danos Materiais;42,2;BR-116/PR;Sul;Capotamento;
31/10/2021;domingo;16:26:00;3 - Acidente com Danos Materiais;562,3;BR-116/SP;Sul;Choque - Defensa, barreira ou submarino;
31/10/2021;domingo;16:52:00;3 - Acidente com Danos Materiais;293,05;BR-116/SP;Norte;Choque - Talude;
31/10/2021;domingo;16:58:00;3 - Acidente com Danos Materiais;562,3;BR-116/SP;Norte;Choque - Elemento de Drenagem;
31/10/2021;domingo;17:08:00;2 - Acidente com VITIMA;556,8;BR-116/SP;Norte;Choque - Elemento de Drenagem;
31/10/2021;domingo;17:22:00;3 - Acidente com Danos Materiais;9,8;BR-116/CW;Norte;Capotamento;
31/10/2021;domingo;17:36:00;3 - Acidente com Danos Materiais;44,5;BR-116/PR;Sul;Choque - Elemento de Drenagem;
31/10/2021;domingo;18:26:00;3 - Acidente com Danos Materiais;565,3;BR-116/SP;Sul;Choque - Defensa, barreira ou submarino;
31/10/2021;domingo;18:37:00;3 - Acidente com Danos Materiais;6,8;BR-116/PR;Sul;Choque - Defensa, barreira ou submarino;
31/10/2021;domingo;18:59:00;3 - Acidente com Danos Materiais;500,15;BR-116/SP;Sul;Choque - Talude;
31/10/2021;domingo;21:08:00;3 - Acidente com Danos Materiais;281,4;BR-116/SP;Norte;Colisão Lateral;
31/10/2021;domingo;22:33:00;3 - Acidente com Danos Materiais;42,001;BR-116/PR;Sul;Choque - Defensa, barreira ou submarino;
31/10/2021;domingo;23:22:00;3 - Acidente com Danos Materiais;449,1;BR-116/SP;Sul;Choque - Outros;
01/11/2021;segunda-feira;04:42:20;Sem vítima;561,5;BR-116/SP;Decrescente;Saída de pista;0
01/11/2021;segunda-feira;04:56:16;Sem vítima;269,801;BR-116/SP;Decrescente;Colisão transversal;0
01/11/2021;segunda-feira;05:13:39;Sem vítima;513,1;BR-116/SP;Crescente;Choque;0
01/11/2021;segunda-feira;06:31:50;Sem vítima;499,1;BR-116/SP;Decrescente;Choque;0
01/11/2021;segunda-feira;08:36:18;Sem vítima;565,1;BR-116/SP;Decrescente;Choque;0
01/11/2021;segunda-feira;09:26:00;Sem vítima;3,1;BR-116/SP;Crescente;Choque;0
01/11/2021;segunda-feira;09:58:42;Sem vítima;286,7;BR-116/SP;Decrescente;Queda de moto;0
01/11/2021;segunda-feira;10:03:31;Sem vítima;567,5;BR-116/SP;Crescente;Capotamento;0
01/11/2021;segunda-feira;10:12:36;Sem vítima;51,81;BR-116/SP;Crescente;Saída de pista;0
01/11/2021;segunda-feira;10:40:24;Sem vítima;44,1;BR-116/SP;Decrescente;Choque;0
01/11/2021;segunda-feira;12:41:31;Sem vítima;508,95;BR-116/SP;Decrescente;Choque;0
01/11/2021;segunda-feira;12:44:50;Sem vítima;565,1;BR-116/SP;Decrescente;Choque;0
01/11/2021;segunda-feira;13:44:09;Sem vítima;65,5;BR-116/SP;Decrescente;Saída de pista;0
01/11/2021;segunda-feira;13:44:28;Sem vítima;513,1;BR-116/SP;Crescente;Saída de pista;0
01/11/2021;segunda-feira;15:13:53;Sem vítima;3,2;BR-116/SP;Crescente;Saída de pista;0
01/11/2021;segunda-feira;15:32:21;Sem vítima;269,1;BR-116/SP;Crescente;Colisão traseira;0
01/11/2021;segunda-feira;16:56:38;Sem vítima;43,5;BR-116/SP;Decrescente;Capotamento;0
01/11/2021;segunda-feira;16:58:27;Sem vítima;565,3;BR-116/SP;Decrescente;Choque;0
01/11/2021;segunda-feira;17:13:19;Sem vítima;45,5;BR-116/SP;Decrescente;Colisão lateral no mesmo sentido;0
01/11/2021;segunda-feira;17:26:30;Sem vítima;538,1;BR-116/SP;Decrescente;Choque;0
01/11/2021;segunda-feira;17:36:39;Sem vítima;511,5;BR-116/SP;Crescente;Choque;0
01/11/2021;segunda-feira;18:59:24;Sem vítima;567,5;BR-116/SP;Crescente;Choque;0
01/11/2021;segunda-feira;20:36:39;Sem vítima;20,95;BR-116/SP;Decrescente;Choque;0
01/11/2021;segunda-feira;22:40:48;Sem vítima;15,1;CW-116/SP;Decrescente;Choque;0
02/11/2021;terça-feira;00:31:20;Sem vítima;568,3;BR-116/SP;Decrescente;Tombamento;0
02/11/2021;terça-feira;02:27:45;Sem vítima;290,208;BR-116/SP;Crescente;Saída de pista;0
02/11/2021;terça-feira;06:22:16;Sem vítima;473,584;BR-116/SP;Crescente;Saída de pista;0
02/11/2021;terça-feira;07:47:13;Sem vítima;42,59;BR-116/SP;Decrescente;Choque;0
02/11/2021;terça-feira;08:29:47;Sem vítima;44,68;BR-116/SP;Crescente;Choque;0
02/11/2021;terça-feira;08:47:20;Sem vítima;42,59;BR-116/SP;Crescente;Choque;0
02/11/2021;terça-feira;09:32:28;Sem vítima;504,885;BR-116/SP;Crescente;Choque;0
02/11/2021;terça-feira;11:48:41;Sem vítima;512,3;BR-116/SP;Crescente;Choque;0
02/11/2021;terça-feira;12:57:43;Sem vítima;21,22;BR-116/SP;Decrescente;Saída de pista;0
02/11/2021;terça-feira;16:26:05;Sem vítima;283,9;BR-116/SP;Crescente;Colisão lateral no mesmo sentido;0
02/11/2021;terça-feira;16:52:52;Sem vítima;23,2;BR-116/SP;Crescente;Choque;0
02/11/2021;terça-feira;18:09:12;Sem vítima;10,2;CW-116/SP;Decrescente;Colisão lateral no mesmo sentido;0
02/11/2021;terça-feira;23:20:18;Sem vítima;22,5;BR-116/SP;Decrescente;Choque;0
03/11/2021;quarta-feira;01:01:02;Sem vítima;0,1;CW-116/SP;Decrescente;Saída de pista;0
03/11/2021;quarta-feira;03:52:48;Sem vítima;0,163;CW-116/SP;Decrescente;Choque;0
03/11/2021;quarta-feira;04:12:26;Sem vítima;9,95;CW-116/SP;Decrescente;Capotamento;0
03/11/2021;quarta-feira;04:35:04;Sem vítima;361,1;BR-116/SP;Crescente;Saída de pista;0
03/11/2021;quarta-feira;08:03:57;Sem vítima;284,5;BR-116/SP;Crescente;Colisão lateral no mesmo sentido;0
03/11/2021;quarta-feira;09:16:34;Sem vítima;499,524;BR-116/SP;Decrescente;Capotamento;0
03/11/2021;quarta-feira;15:33:22;Sem vítima;71,1;BR-116/SP;Crescente;Choque;0
03/11/2021;quarta-feira;18:10:47;Sem vítima;271,1;BR-116/SP;Decrescente;Colisão traseira;0
03/11/2021;quarta-feira;18:23:33;Sem vítima;1,2;BR-116/SP;Crescente;Colisão lateral no mesmo sentido;0
04/11/2021;quinta-feira;01:19:42;Sem vítima;325,8;BR-116/SP;Crescente;Choque;0
04/11/2021;quinta-feira;05:18:53;Sem vítima;51,95;BR-116/SP;Decrescente;Colisão lateral no mesmo sentido;0
04/11/2021;quinta-feira;08:48:06;Sem vítima;542,9;BR-116/SP;Decrescente;Colisão traseira;0
04/11/2021;quinta-feira;10:58:37;Sem vítima;512,3;BR-116/SP;Crescente;Colisão traseira;0
04/11/2021;quinta-feira;13:55:56;Sem vítima;320,5;BR-116/SP;Decrescente;Colisão lateral no mesmo sentido;0
04/11/2021;quinta-feira;15:17:19;Sem vítima;44,5;BR-116/SP;Decrescente;Saída de pista;0
04/11/2021;quinta-feira;15:22:12;Sem vítima;283,9;BR-116/SP;Decrescente;Choque;0
04/11/2021;quinta-feira;19:12:57;Com vítima;507,5;BR-116/SP;Crescente;Tombamento;1
04/11/2021;quinta-feira;23:58:41;Sem vítima;299,8;BR-116/SP;Crescente;Choque;0
05/11/2021;sexta-feira;09:43:00;Sem vítima;394,2;BR-116/SP;Crescente;Saída de pista;0
05/11/2021;sexta-feira;10:18:14;Sem vítima;1,3;CW-116/SP;Decrescente;Colisão lateral no mesmo sentido;0
05/11/2021;sexta-feira;10:34:08;Sem vítima;279,923;BR-116/SP;Crescente;Queda de moto;0
05/11/2021;sexta-feira;15:56:51;Sem vítima;10,8;CW-116/SP;Decrescente;Colisão traseira;0
05/11/2021;sexta-feira;22:58:46;Sem vítima;273,1;BR-116/SP;Crescente;Choque;0
06/11/2021;sábado;03:39:19;Sem vítima;482,95;BR-116/SP;Crescente;Colisão traseira;0
06/11/2021;sábado;04:12:03;Sem vítima;61,3;BR-116/SP;Decrescente;Engavetamento;0
06/11/2021;sábado;06:12:51;Sem vítima;316,1;BR-116/SP;Crescente;Choque;0
06/11/2021;sábado;07:57:05;Sem vítima;25,8;BR-116/SP;Crescente;Colisão lateral no mesmo sentido;0
06/11/2021;sábado;08:08:55;Sem vítima;272,871;BR-116/SP;Crescente;Colisão lateral no mesmo sentido;0
06/11/2021;sábado;09:16:38;Sem vítima;18,227;BR-116/SP;Crescente;Colisão frontal;0
06/11/2021;sábado;16:33:06;Sem vítima;494,95;BR-116/SP;Crescente;Saída de pista;0
06/11/2021;sábado;20:14:10;Sem vítima;450,1;BR-116/SP;Decrescente;Colisão lateral no mesmo sentido;0
07/11/2021;domingo;00:43:22;Sem vítima;282,9;BR-116/SP;Decrescente;Choque;0
07/11/2021;domingo;08:45:41;Sem vítima;444,9;BR-116/SP;Decrescente;Colisão lateral no mesmo sentido;0
07/11/2021;domingo;09:10:33;Sem vítima;521,5;BR-116/SP;Crescente;Choque;0
07/11/2021;domingo;13:34:40;Sem vítima;1,1;BR-116/SP;Crescente;Choque;0
07/11/2021;domingo;16:07:37;Sem vítima;22,65;BR-116/SP;Decrescente;Choque;0
07/11/2021;domingo;19:11:16;Sem vítima;546,8;BR-116/SP;Decrescente;Choque;0
07/11/2021;domingo;20:59:20;Sem vítima;45,1;BR-116/SP;Crescente;Colisão traseira;0
08/11/2021;segunda-feira;15:15:11;Sem vítima;38,2;BR-116/SP;Decrescente;Choque;0
08/11/2021;segunda-feira;15:34:05;Sem vítima;564,2;BR-116/SP;Decrescente;Choque;0
08/11/2021;segunda-feira;16:04:27;Sem vítima;3,1;BR-116/SP;Crescente;Choque;0
08/11/2021;segunda-feira;16:18:51;Sem vítima;514,2;BR-116/SP;Crescente;Choque;0
08/11/2021;segunda-feira;16:50:56;Sem vítima;1,5;CW-116/SP;Decrescente;Choque;0
08/11/2021;segunda-feira;17:22:27;Sem vítima;561,888;BR-116/SP;Decrescente;Choque;0
08/11/2021;segunda-feira;18:03:06;Sem vítima;548,838;BR-116/SP;Decrescente;Capotamento;0
08/11/2021;segunda-feira;19:22:44;Sem vítima;20,1;BR-116/SP;Decrescente;Saída de pista;0
09/11/2021;terça-feira;02:12:20;Sem vítima;528,1;BR-116/SP;Crescente;Colisão traseira;0
09/11/2021;terça-feira;04:19:40;Sem vítima;399,3;BR-116/SP;Crescente;Choque;0
09/11/2021;terça-feira;10:22:34;Sem vítima;370,5;BR-116/SP;Decrescente;Colisão traseira;0
09/11/2021;terça-feira;16:58:42;Sem vítima;335,2;BR-116/SP;Crescente;Queda de moto;0
09/11/2021;terça-feira;22:15:16;Sem vítima;508,7;BR-116/SP;Decrescente;Choque;0
10/11/2021;quarta-feira;01:19:00;Sem vítima;464,7;BR-116/SP;Crescente;Colisão traseira;0
10/11/2021;quarta-feira;03:53:06;Sem vítima;42,1;BR-116/SP;Decrescente;Choque;0
10/11/2021;quarta-feira;05:42:18;Sem vítima;32,5;BR-116/SP;Crescente;Choque;0
10/11/2021;quarta-feira;06:57:46;Sem vítima;42,15;BR-116/SP;Decrescente;Choque;0
10/11/2021;quarta-feira;08:53:58;Sem vítima;314,3;BR-116/SP;Decrescente;Queda de moto;0
10/11/2021;quarta-feira;09:14:10;Sem vítima;304,9;BR-116/SP;Decrescente;Choque;0
10/11/2021;quarta-feira;10:34:37;Sem vítima;18,771;BR-116/SP;Crescente;Tombamento;0
10/11/2021;quarta-feira;14:05:49;Sem vítima;325,8;BR-116/SP;Decrescente;Colisão lateral no mesmo sentido;0
10/11/2021;quarta-feira;15:00:45;Sem vítima;270,4;BR-116/SP;Decrescente;Choque;0
10/11/2021;quarta-feira;22:25:50;Sem vítima;535,7;BR-116/SP;Crescente;Saída de pista;0
10/11/2021;quarta-feira;23:14:42;Sem vítima;521,1;BR-116/SP;Crescente;Tombamento;0
11/11/2021;quinta-feira;00:12:19;Sem vítima;0,2;CW-116/SP;Decrescente;Capotamento;0
11/11/2021;quinta-feira;00:34:34;Com vítima;1,8;BR-116/SP;Crescente;Acidentes de outra natureza;1
11/11/2021;quinta-feira;06:42:31;Sem vítima;565,99;BR-116/SP;Decrescente;Choque;0
11/11/2021;quinta-feira;07:48:18;Sem vítima;565,1;BR-116/SP;Decrescente;Choque;0
11/11/2021;quinta-feira;08:09:36;Sem vítima;282,6;BR-116/SP;Crescente;Queda de moto;0
11/11/2021;quinta-feira;09:10:45;Sem vítima;561,1;BR-116/SP;Decrescente;Colisão traseira;0
11/11/2021;quinta-feira;11:35:08;Sem vítima;323,938;BR-116/SP;Decrescente;Saída de pista;0
11/11/2021;quinta-feira;12:01:57;Sem vítima;567,1;BR-116/SP;Decrescente;Choque;0
11/11/2021;quinta-feira;12:37:36;Sem vítima;22,4;BR-116/SP;Decrescente;Saída de pista;0
11/11/2021;quinta-feira;14:12:42;Sem vítima;5,2;BR-116/SP;Crescente;Choque;0
11/11/2021;quinta-feira;14:14:44;Sem vítima;508,2;BR-116/SP;Decrescente;Saída de pista;0
11/11/2021;quinta-feira;14:45:08;Sem vítima;561,4;BR-116/SP;Decrescente;Choque;0
11/11/2021;quinta-feira;14:47:27;Sem vítima;513,2;BR-116/SP;Crescente;Choque;0
11/11/2021;quinta-feira;15:29:51;Sem vítima;511,5;BR-116/SP;Crescente;Capotamento;0
11/11/2021;quinta-feira;16:08:26;Sem vítima;513,5;BR-116/SP;Crescente;Colisão traseira;0
11/11/2021;quinta-feira;16:59:50;Sem vítima;548,8;BR-116/SP;Decrescente;Choque;0
11/11/2021;quinta-feira;18:19:27;Sem vítima;550,4;BR-116/SP;Crescente;Capotamento;0
11/11/2021;quinta-feira;19:32:47;Sem vítima;283,4;BR-116/SP;Crescente;Colisão lateral no mesmo sentido;0
11/11/2021;quinta-feira;22:35:50;Sem vítima;269,3;BR-116/SP;Crescente;Colisão lateral no mesmo sentido;0
12/11/2021;sexta-feira;02:55:17;Sem vítima;44,5;BR-116/SP;Decrescente;Saída de pista;0
12/11/2021;sexta-feira;03:07:40;Sem vítima;0,1;CW-116/SP;Decrescente;Capotamento;0
12/11/2021;sexta-feira;03:52:58;Sem vítima;474,5;BR-116/SP;Decrescente;Capotamento;0
12/11/2021;sexta-feira;06:41:16;Sem vítima;495,3;BR-116/SP;Crescente;Colisão lateral no mesmo sentido;0
12/11/2021;sexta-feira;07:47:49;Sem vítima;364,5;BR-116/SP;Decrescente;Choque;0
12/11/2021;sexta-feira;09:15:53;Sem vítima;422,3;BR-116/SP;Crescente;Tombamento;0
12/11/2021;sexta-feira;10:48:17;Sem vítima;3,2;BR-116/SP;Crescente;Saída de pista;0
12/11/2021;sexta-feira;10:54:06;Sem vítima;545,601;BR-116/SP;Crescente;Choque;0
12/11/2021;sexta-feira;11:33:31;Sem vítima;10,1;CW-116/SP;Decrescente;Capotamento;0
12/11/2021;sexta-feira;11:56:53;Sem vítima;518,1;BR-116/SP;Crescente;Choque;0
12/11/2021;sexta-feira;12:30:27;Sem vítima;512,5;BR-116/SP;Crescente;Choque;0
12/11/2021;sexta-feira;15:52:18;Sem vítima;27,35;BR-116/SP;Crescente;Choque;0
12/11/2021;sexta-feira;17:22:38;Sem vítima;514,2;BR-116/SP;Crescente;Capotamento;0
12/11/2021;sexta-feira;17:29:29;Sem vítima;548,2;BR-116/SP;Decrescente;Choque;0
12/11/2021;sexta-feira;18:51:50;Sem vítima;15,5;BR-116/SP;Crescente;Choque;0
12/11/2021;sexta-feira;21:09:25;Sem vítima;567,3;BR-116/SP;Decrescente;Choque;0
12/11/2021;sexta-feira;23:48:24;Sem vítima;39,5;BR-116/SP;Decrescente;Choque;0
13/11/2021;sábado;01:21:31;Sem vítima;511,8;BR-116/SP;Crescente;Capotamento;0
13/11/2021;sábado;04:59:53;Sem vítima;513,8;BR-116/SP;Crescente;Choque;0
13/11/2021;sábado;05:58:52;Sem vítima;509,6;BR-116/SP;Crescente;Capotamento;0
13/11/2021;sábado;06:27:35;Sem vítima;511,9;BR-116/SP;Crescente;Choque;0
13/11/2021;sábado;07:28:59;Sem vítima;567,1;BR-116/SP;Crescente;Choque;0
13/11/2021;sábado;07:58:30;Sem vítima;312,5;BR-116/SP;Decrescente;Engavetamento;0
13/11/2021;sábado;09:36:06;Sem vítima;15,5;BR-116/SP;Crescente;Choque;0
13/11/2021;sábado;14:23:52;Sem vítima;307,8;BR-116/SP;Decrescente;Colisão lateral no mesmo sentido;0
13/11/2021;sábado;20:27:13;Sem vítima;298,9;BR-116/SP;Crescente;Colisão lateral no mesmo sentido;0
14/11/2021;domingo;08:15:36;Sem vítima;14,635;BR-116/SP;Crescente;Colisão traseira;0