data;dia_semana;horario;tipo_de_ocorrencia;km;trecho;sentido;tipo_de_acidente;mortos
14/11/2021;domingo;13:07:57;Sem vítima;411,1;BR-116/SP;Crescente;Atropelamento de animal;0
14/11/2021;domingo;23:17:06;Sem vítima;304,5;BR-116/SP;Crescente;Choque;0
15/11/2021;segunda-feira;04:47:37;Sem vítima;269,5;BR-116/SP;Decrescente;Colisão traseira;0
15/11/2021;segunda-feira;07:07:53;Sem vítima;325,115;BR-116/SP;Crescente;Capotamento;0
15/11/2021;segunda-feira;09:53:34;Sem vítima;514,7;BR-116/SP;Crescente;Choque;0
15/11/2021;segunda-feira;14:25:30;Sem vítima;307,8;BR-116/SP;Crescente;Choque;0
15/11/2021;segunda-feira;15:14:03;Sem vítima;37,6;BR-116/SP;Crescente;Colisão lateral no mesmo sentido;0
15/11/2021;segunda-feira;18:17:49;Sem vítima;403,7;BR-116/SP;Crescente;Colisão traseira;0
15/11/2021;segunda-feira;19:19:42;Sem vítima;292,95;BR-116/SP;Crescente;Queda de moto;0
15/11/2021;segunda-feira;20:38:41;Sem vítima;411,98;BR-116/SP;Crescente;Engavetamento;0
16/11/2021;terça-feira;06:23:21;Sem vítima;523,121;BR-116/SP;Decrescente;Colisão traseira;0
16/11/2021;terça-feira;08:15:36;Sem vítima;269,672;BR-116/SP;Crescente;Colisão transversal;0
16/11/2021;terça-feira;10:17:39;Sem vítima;284,3;BR-116/SP;Crescente;Choque;0
16/11/2021;terça-feira;12:11:43;Com vítima;322,903;BR-116/SP;Crescente;Queda de moto;0
16/11/2021;terça-feira;15:15:39;Sem vítima;350,1;BR-116/SP;Crescente;Colisão lateral no mesmo sentido;0
16/11/2021;terça-feira;18:52:00;Sem vítima;280,2;BR-116/SP;Crescente;Colisão traseira;0
16/11/2021;terça-feira;19:04:53;Sem vítima;270,498;BR-116/SP;Decrescente;Colisão traseira;0
17/11/2021;quarta-feira;12:59:11;Sem vítima;270,867;BR-116/SP;Decrescente;Choque;0
17/11/2021;quarta-feira;15:20:35;Sem vítima;279,1;BR-116/SP;Decrescente;Colisão traseira;0
17/11/2021;quarta-feira;21:37:03;Sem vítima;284,9;BR-116/SP;Decrescente;Colisão transversal;0
18/11/2021;quinta-feira;04:03:47;Sem vítima;343,95;BR-116/SP;Decrescente;Saída de pista;0
18/11/2021;quinta-feira;10:22:41;Sem vítima;550,221;BR-116/SP;Decrescente;Choque;0
18/11/2021;quinta-feira;10:26:09;Sem vítima;445,7;BR-116/SP;Decrescente;Colisão lateral no mesmo sentido;0
18/11/2021;quinta-feira;13:28:54;Sem vítima;446,7;BR-116/SP;Crescente;Choque;0
18/11/2021;quinta-feira;14:17:50;Sem vítima;269,641;BR-116/SP;Decrescente;Atropelamento de pedestre;0
18/11/2021;quinta-feira;17:20:16;Sem vítima;334,2;BR-116/SP;Crescente;Choque;0
18/11/2021;quinta-feira;18:16:53;Sem vítima;547,5;BR-116/SP;Decrescente;Choque;0
18/11/2021;quinta-feira;20:07:37;Sem vítima;323,5;BR-116/SP;Crescente;Colisão lateral no mesmo sentido;0
18/11/2021;quinta-feira;20:39:03;Sem vítima;514,2;BR-116/SP;Crescente;Saída de pista;0
18/11/2021;quinta-feira;23:27:18;Sem vítima;522,9;BR-116/SP;Decrescente;Choque;0
19/11/2021;sexta-feira;00:42:50;Sem vítima;362,4;BR-116/SP;Decrescente;Choque;0
19/11/2021;sexta-feira;00:47:47;Sem vítima;269,9;BR-116/SP;Decrescente;Colisão traseira;0
19/11/2021;sexta-feira;03:03:57;Sem vítima;403,1;BR-116/SP;Decrescente;Tombamento;0
19/11/2021;sexta-feira;07:47:41;Sem vítima;561,8;BR-116/SP;Decrescente;Queda de moto;0
19/11/2021;sexta-feira;07:56:31;Sem vítima;57,8;BR-116/SP;Crescente;Colisão traseira;0
19/11/2021;sexta-feira;09:13:54;Sem vítima;5,1;BR-116/SP;Crescente;Choque;0
19/11/2021;sexta-feira;10:04:20;Sem vítima;15,5;BR-116/SP;Crescente;Choque;0
19/11/2021;sexta-feira;13:55:22;Sem vítima;322,9;BR-116/SP;Decrescente;Colisão lateral no mesmo sentido;0
19/11/2021;sexta-feira;14:48:36;Sem vítima;5,2;BR-116/SP;Crescente;Choque;0
19/11/2021;sexta-feira;15:48:54;Sem vítima;6,5;CW-116/SP;Decrescente;Choque;0
19/11/2021;sexta-feira;15:52:19;Sem vítima;3,1;CW-116/SP;Decrescente;Saída de pista;0
19/11/2021;sexta-feira;17:27:26;Sem vítima;15,1;CW-116/SP;Decrescente;Choque;0
19/11/2021;sexta-feira;19:37:59;Sem vítima;513,4;BR-116/SP;Crescente;Tombamento;0
19/11/2021;sexta-feira;21:11:43;Sem vítima;568,9;BR-116/SP;Crescente;Capotamento;0
19/11/2021;sexta-feira;21:29:49;Sem vítima;548,9;BR-116/SP;Decrescente;Choque;0
19/11/2021;sexta-feira;21:57:59;Sem vítima;548,2;BR-116/SP;Crescente;Choque;0
19/11/2021;sexta-feira;22:08:11;Sem vítima;283,9;BR-116/SP;Decrescente;Colisão traseira;0
19/11/2021;sexta-feira;23:35:48;Sem vítima;21,5;BR-116/SP;Decrescente;Saída de pista;0
20/11/2021;sábado;00:06:51;Sem vítima;276,2;BR-116/SP;Crescente;Choque;0
20/11/2021;sábado;00:56:17;Sem vítima;567,2;BR-116/SP;Decrescente;Capotamento;0
20/11/2021;sábado;01:02:10;Sem vítima;546,2;BR-116/SP;Decrescente;Choque;0
20/11/2021;sábado;04:23:08;Sem vítima;567,8;BR-116/SP;Crescente;Choque;0
20/11/2021;sábado;07:24:45;Sem vítima;567,5;BR-116/SP;Crescente;Choque;0
20/11/2021;sábado;07:37:16;Sem vítima;357,31;BR-116/SP;Decrescente;Colisão traseira;0
20/11/2021;sábado;08:37:12;Sem vítima;357,5;BR-116/SP;Crescente;Choque;0
20/11/2021;sábado;10:31:56;Sem vítima;347,5;BR-116/SP;Crescente;Choque;0
20/11/2021;sábado;14:40:37;Sem vítima;42,62;BR-116/SP;Decrescente;Choque;0
20/11/2021;sábado;16:12:03;Sem vítima;322,8;BR-116/SP;Decrescente;Colisão traseira;0
20/11/2021;sábado;20:05:19;Sem vítima;344,1;BR-116/SP;Crescente;Colisão lateral no mesmo sentido;0
21/11/2021;domingo;00:23:11;Sem vítima;9,5;BR-116/SP;Crescente;Colisão traseira;0
21/11/2021;domingo;01:45:47;Sem vítima;269,7;BR-116/SP;Crescente;Atropelamento de pedestre;0
21/11/2021;domingo;02:22:37;Sem vítima;464,85;BR-116/SP;Crescente;Saída de pista;0
21/11/2021;domingo;10:57:35;Sem vítima;467,49;BR-116/SP;Decrescente;Colisão traseira;0
21/11/2021;domingo;11:16:29;Sem vítima;540,11;BR-116/SP;Crescente;Tombamento;0
21/11/2021;domingo;15:08:51;Sem vítima;279,95;BR-116/SP;Crescente;Colisão lateral no mesmo sentido;0
21/11/2021;domingo;17:29:44;Sem vítima;8,3;CW-116/SP;Decrescente;Choque;0
21/11/2021;domingo;20:08:08;Sem vítima;466,529;BR-116/SP;Crescente;Colisão traseira;0
21/11/2021;domingo;22:30:55;Sem vítima;299,2;BR-116/SP;Crescente;Colisão traseira;0
22/11/2021;segunda-feira;04:55:02;Sem vítima;4,9;BR-116/SP;Crescente;Colisão traseira;0
22/11/2021;segunda-feira;12:13:08;Sem vítima;16,8;BR-116/SP;Crescente;Colisão traseira;0
22/11/2021;segunda-feira;15:33:38;Sem vítima;447,659;BR-116/SP;Crescente;Saída de pista;0
22/11/2021;segunda-feira;21:33:07;Sem vítima;27,6;BR-116/SP;Crescente;Colisão traseira;0
22/11/2021;segunda-feira;21:50:34;Com vítima;281,1;BR-116/SP;Decrescente;Tombamento;0
22/11/2021;segunda-feira;23:16:15;Sem vítima;445,5;BR-116/SP;Decrescente;Queda de moto;0
23/11/2021;terça-feira;04:04:26;Sem vítima;35,217;BR-116/SP;Crescente;Choque;0
23/11/2021;terça-feira;07:32:33;Sem vítima;281,997;BR-116/SP;Crescente;Colisão lateral no mesmo sentido;0
23/11/2021;terça-feira;07:50:59;Sem vítima;542,9;BR-116/SP;Crescente;Colisão traseira;0
23/11/2021;terça-feira;10:03:29;Sem vítima;542,9;BR-116/SP;Crescente;Saída de pista;0
23/11/2021;terça-feira;11:24:56;Sem vítima;296,4;BR-116/SP;Crescente;Colisão traseira;0
23/11/2021;terça-feira;17:11:33;Sem vítima;307,1;BR-116/SP;Decrescente;Engavetamento;0
23/11/2021;terça-feira;21:07:32;Sem vítima;30,2;BR-116/SP;Decrescente;Choque;0
23/11/2021;terça-feira;22:01:55;Sem vítima;360,731;BR-116/SP;Decrescente;Choque;0
24/11/2021;quarta-feira;02:13:35;Sem vítima;70,85;BR-116/SP;Crescente;Colisão traseira;0
24/11/2021;quarta-feira;03:17:23;Sem vítima;24,1;BR-116/SP;Decrescente;Colisão traseira;0
24/11/2021;quarta-feira;05:12:01;Sem vítima;27,195;BR-116/SP;Decrescente;Colisão lateral no mesmo sentido;0
24/11/2021;quarta-feira;08:01:14;Sem vítima;548,7;BR-116/SP;Decrescente;Choque;0
24/11/2021;quarta-feira;15:10:09;Sem vítima;451,8;BR-116/SP;Decrescente;Colisão transversal;0
24/11/2021;quarta-feira;17:17:14;Sem vítima;358,75;BR-116/SP;Decrescente;Choque;0
24/11/2021;quarta-feira;17:39:36;Sem vítima;305,1;BR-116/SP;Crescente;Colisão traseira;0
24/11/2021;quarta-feira;23:44:59;Sem vítima;415,223;BR-116/SP;Crescente;Tombamento;0
25/11/2021;quinta-feira;06:46:19;Sem vítima;64,1;BR-116/SP;Crescente;Colisão lateral no mesmo sentido;0
25/11/2021;quinta-feira;07:53:49;Sem vítima;426,8;BR-116/SP;Crescente;Colisão traseira;0
25/11/2021;quinta-feira;08:09:56;Sem vítima;373,796;BR-116/SP;Decrescente;Colisão traseira;0
25/11/2021;quinta-feira;12:39:10;Sem vítima;275,145;BR-116/SP;Crescente;Colisão traseira;0
25/11/2021;quinta-feira;17:26:26;Sem vítima;426,8;BR-116/SP;Decrescente;Engavetamento;0
25/11/2021;quinta-feira;18:30:42;Sem vítima;277,5;BR-116/SP;Crescente;Colisão lateral no mesmo sentido;0
26/11/2021;sexta-feira;00:40:59;Com vítima;284,1;BR-116/SP;Decrescente;Colisão traseira;0
26/11/2021;sexta-feira;02:50:15;Sem vítima;549,7;BR-116/SP;Decrescente;Capotamento;0
26/11/2021;sexta-feira;04:37:46;Sem vítima;566,4;BR-116/SP;Crescente;Choque;0
26/11/2021;sexta-feira;07:51:05;Sem vítima;284,3;BR-116/SP;Crescente;Colisão lateral no mesmo sentido;0
26/11/2021;sexta-feira;08:26:49;Sem vítima;499,884;BR-116/SP;Decrescente;Choque;0
26/11/2021;sexta-feira;10:14:21;Sem vítima;304,827;BR-116/SP;Crescente;Colisão lateral no mesmo sentido;0
26/11/2021;sexta-feira;16:33:20;Sem vítima;273,1;BR-116/SP;Decrescente;Engavetamento;0
26/11/2021;sexta-feira;18:19:27;Sem vítima;488,2;BR-116/SP;Decrescente;Atropelamento de pedestre;0
26/11/2021;sexta-feira;19:56:03;Sem vítima;270,1;BR-116/SP;Decrescente;Colisão traseira;0
26/11/2021;sexta-feira;21:57:42;Sem vítima;511,15;BR-116/SP;Decrescente;Tombamento;0
27/11/2021;sábado;01:12:57;Sem vítima;516,3;BR-116/SP;Decrescente;Choque;0
27/11/2021;sábado;04:29:27;Sem vítima;368,5;BR-116/SP;Decrescente;Saída de pista;0
27/11/2021;sábado;06:41:02;Sem vítima;441,9;BR-116/SP;Crescente;Colisão lateral no mesmo sentido;0
27/11/2021;sábado;11:11:03;Sem vítima;400,77;BR-116/SP;Crescente;Colisão lateral no mesmo sentido;0
27/11/2021;sábado;12:47:56;Sem vítima;442,507;BR-116/SP;Decrescente;Saída de pista;0
27/11/2021;sábado;21:54:22;Sem vítima;41,5;BR-116/SP;Crescente;Capotamento;0
28/11/2021;domingo;01:20:37;Sem vítima;8,1;BR-116/SP;Crescente;Colisão traseira;0
28/11/2021;domingo;04:24:58;Sem vítima;434,9;BR-116/SP;Crescente;Choque;0
28/11/2021;domingo;06:30:36;Sem vítima;10,431;CW-116/SP;Decrescente;Colisão traseira;0
28/11/2021;domingo;16:28:55;Sem vítima;542,8;BR-116/SP;Crescente;Colisão traseira;0
28/11/2021;domingo;21:24:59;Sem vítima;514,8;BR-116/SP;Crescente;Saída de pista;0
28/11/2021;domingo;23:10:19;Sem vítima;319,1;BR-116/SP;Decrescente;Choque;0
29/11/2021;segunda-feira;00:13:16;Sem vítima;283,3;BR-116/SP;Crescente;Colisão traseira;0
29/11/2021;segunda-feira;07:43:07;Sem vítima;271,852;BR-116/SP;Crescente;Colisão transversal;0
29/11/2021;segunda-feira;16:19:38;Sem vítima;391,474;BR-116/SP;Crescente;Choque;0
29/11/2021;segunda-feira;18:41:43;Sem vítima;272,24;BR-116/SP;Decrescente;Colisão traseira;0
30/11/2021;terça-feira;04:19:24;Sem vítima;545,1;BR-116/SP;Decrescente;Choque;0
30/11/2021;terça-feira;06:56:17;Sem vítima;363,1;BR-116/SP;Crescente;Choque;0
30/11/2021;terça-feira;09:59:16;Sem vítima;64,13;BR-116/SP;Decrescente;Colisão traseira;0
30/11/2021;terça-feira;13:25:06;Sem vítima;438,704;BR-116/SP;Decrescente;Choque;0
30/11/2021;terça-feira;13:35:33;Sem vítima;425,711;BR-116/SP;Crescente;Choque;0
30/11/2021;terça-feira;16:19:39;Sem vítima;57,3;BR-116/SP;Crescente;Colisão lateral no mesmo sentido;0
30/11/2021;terça-feira;16:25:12;Sem vítima;294,46;BR-116/SP;Crescente;Colisão traseira;0
30/11/2021;terça-feira;19:55:27;Sem vítima;13,386;BR-116/SP;Crescente;Choque;0
30/11/2021;terça-feira;21:54:18;Sem vítima;511,4;BR-116/SP;Decrescente;Tombamento;0
01/12/2021;quarta-feira;11:55:32;Sem vítima;423,188;BR-116/SP;Crescente;Capotamento;0
01/12/2021;quarta-feira;14:15:56;Sem vítima;12,3;CW-116/SP;Decrescente;Tombamento;0
01/12/2021;quarta-feira;20:38:54;Sem vítima;15,6;BR-116/SP;Crescente;Choque;0
01/12/2021;quarta-feira;20:45:44;Sem vítima;544,1;BR-116/SP;Crescente;Choque;0
01/12/2021;quarta-feira;22:25:55;Sem vítima;340,263;BR-116/SP;Decrescente;Colisão lateral no mesmo sentido;0
01/12/2021;quarta-feira;23:22:04;Sem vítima;567,792;BR-116/SP;Crescente;Tombamento;0
02/12/2021;quinta-feira;00:35:42;Sem vítima;13,241;BR-116/SP;Crescente;Colisão traseira;0
02/12/2021;quinta-feira;09:29:15;Sem vítima;14,2;BR-116/SP;Crescente;Choque;0
02/12/2021;quinta-feira;10:42:42;Sem vítima;284,85;BR-116/SP;Crescente;Colisão traseira;0
02/12/2021;quinta-feira;11:52:04;Sem vítima;413,1;BR-116/SP;Crescente;Colisão traseira;0
02/12/2021;quinta-feira;12:25:28;Sem vítima;319,5;BR-116/SP;Decrescente;Choque;0
02/12/2021;quinta-feira;14:33:54;Sem vítima;324,3;BR-116/SP;Crescente;Capotamento;0
02/12/2021;quinta-feira;14:55:17;Sem vítima;21,1;BR-116/SP;Decrescente;Capotamento;0
02/12/2021;quinta-feira;17:04:31;Sem vítima;445,2;BR-116/SP;Decrescente;Colisão traseira;0
02/12/2021;quinta-feira;19:31:53;Sem vítima;284,9;BR-116/SP;Crescente;Colisão traseira;0
02/12/2021;quinta-feira;21:06:27;Sem vítima;53,502;BR-116/SP;Decrescente;Colisão lateral no mesmo sentido;0
02/12/2021;quinta-feira;22:51:06;Sem vítima;6,96;CW-116/SP;Decrescente;Choque;0
02/12/2021;quinta-feira;23:08:56;Sem vítima;292,754;BR-116/SP;Crescente;Capotamento;0
02/12/2021;quinta-feira;23:57:44;Sem vítima;513,7;BR-116/SP;Crescente;Choque;0
03/12/2021;sexta-feira;01:24:30;Sem vítima;415,717;BR-116/SP;Crescente;Saída de pista;0
03/12/2021;sexta-feira;06:12:32;Sem vítima;482,12;BR-116/SP;Decrescente;Colisão transversal;0
03/12/2021;sexta-feira;06:32:45;Sem vítima;515,1;BR-116/SP;Crescente;Choque;0
03/12/2021;sexta-feira;07:52:05;Sem vítima;22,628;BR-116/SP;Crescente;Saída de pista;0
03/12/2021;sexta-feira;09:10:49;Sem vítima;548,7;BR-116/SP;Decrescente;Colisão traseira;0
03/12/2021;sexta-feira;12:13:50;Sem vítima;509,41;BR-116/SP;Decrescente;Choque;0
03/12/2021;sexta-feira;12:26:37;Sem vítima;567,1;BR-116/SP;Decrescente;Saída de pista;0
03/12/2021;sexta-feira;14:03:31;Sem vítima;566,1;BR-116/SP;Decrescente;Engavetamento;0
03/12/2021;sexta-feira;14:13:55;Sem vítima;9,9;CW-116/SP;Decrescente;Choque;0
03/12/2021;sexta-feira;14:56:32;Sem vítima;515,1;BR-116/SP;Crescente;Tombamento;0
03/12/2021;sexta-feira;15:05:43;Sem vítima;26,15;BR-116/SP;Crescente;Saída de pista;0
03/12/2021;sexta-feira;18:27:06;Sem vítima;278,7;BR-116/SP;Decrescente;Colisão lateral no mesmo sentido;0
03/12/2021;sexta-feira;21:11:39;Sem vítima;296,201;BR-116/SP;Crescente;Queda de moto;0
04/12/2021;sábado;09:36:57;Sem vítima;454,2;BR-116/SP;Decrescente;Colisão traseira;0
04/12/2021;sábado;11:20:01;Sem vítima;500,913;BR-116/SP;Crescente;Queda de moto;0
04/12/2021;sábado;13:22:05;Sem vítima;273,3;BR-116/SP;Crescente;Colisão lateral no mesmo sentido;0
04/12/2021;sábado;15:26:15;Sem vítima;16,1;BR-116/SP;Crescente;Queda de moto;0
04/12/2021;sábado;19:42:24;Sem vítima;503,4;BR-116/SP;Decrescente;Colisão lateral no mesmo sentido;0
04/12/2021;sábado;23:55:08;Sem vítima;285,1;BR-116/SP;Decrescente;Queda de moto;0
05/12/2021;domingo;02:03:52;Sem vítima;12,5;BR-116/SP;Crescente;Choque;0
05/12/2021;domingo;05:47:45;Sem vítima;13;CW-116/SP;Decrescente;Choque;0
05/12/2021;domingo;09:04:14;Sem vítima;13,2;CW-116/SP;Decrescente;Choque;0
05/12/2021;domingo;18:41:55;Sem vítima;26,1;BR-116/SP;Crescente;Saída de pista;0
05/12/2021;domingo;19:52:21;Sem vítima;499,2;BR-116/SP;Decrescente;Capotamento;0
05/12/2021;domingo;20:42:29;Sem vítima;511,1;BR-116/SP;Decrescente;Choque;0
05/12/2021;domingo;22:12:26;Sem vítima;287,45;BR-116/SP;Decrescente;Colisão traseira;0
05/12/2021;domingo;22:36:06;Sem vítima;8,3;CW-116/SP;Decrescente;Colisão traseira;0
05/12/2021;domingo;23:37:28;Sem vítima;504,1;BR-116/SP;Decrescente;Capotamento;0
06/12/2021;segunda-feira;01:47:54;Sem vítima;478,1;BR-116/SP;Crescente;Saída de pista;0
06/12/2021;segunda-feira;08:18:47;Sem vítima;2,333;BR-116/SP;Crescente;Colisão traseira;0
06/12/2021;segunda-feira;08:28:16;Sem vítima;273,433;BR-116/SP;Crescente;Colisão traseira;0
06/12/2021;segunda-feira;11:14:33;Sem vítima;434,5;BR-116/SP;Decrescente;Colisão lateral no mesmo sentido;0
06/12/2021;segunda-feira;15:34:59;Sem vítima;18,95;BR-116/SP;Crescente;Choque;0
06/12/2021;segunda-feira;18:09:23;Sem vítima;567,3;BR-116/SP;Crescente;Choque;0
06/12/2021;segunda-feira;18:28:41;Sem vítima;5,6;BR-116/SP;Crescente;Colisão lateral no mesmo sentido;0
06/12/2021;segunda-feira;18:40:19;Sem vítima;504,8;BR-116/SP;Crescente;Capotamento;0
06/12/2021;segunda-feira;19:50:50;Sem vítima;513,5;BR-116/SP;Crescente;Choque;0
06/12/2021;segunda-feira;22:19:08;Sem vítima;514,2;BR-116/SP;Crescente;Choque;0
06/12/2021;segunda-feira;23:19:31;Sem vítima;276,3;BR-116/SP;Crescente;Colisão transversal;0
06/12/2021;segunda-feira;23:58:09;Sem vítima;488,15;BR-116/SP;Crescente;Choque;0
07/12/2021;terça-feira;00:42:47;Sem vítima;6,9;CW-116/SP;Decrescente;Choque;0
07/12/2021;terça-feira;01:06:29;Sem vítima;567,2;BR-116/SP;Crescente;Choque;0
07/12/2021;terça-feira;05:18:28;Sem vítima;493,15;BR-116/SP;Decrescente;Choque;0
07/12/2021;terça-feira;06:38:07;Sem vítima;504,62;BR-116/SP;Crescente;Saída de pista;0
07/12/2021;terça-feira;07:00:34;Sem vítima;513,11;BR-116/SP;Crescente;Saída de pista;0
07/12/2021;terça-feira;08:28:06;Sem vítima;43,213;BR-116/SP;Decrescente;Capotamento;0
07/12/2021;terça-feira;08:30:02;Sem vítima;45,226;BR-116/SP;Decrescente;Saída de pista;0
07/12/2021;terça-feira;10:37:44;Sem vítima;560,8;BR-116/SP;Decrescente;Choque;0
07/12/2021;terça-feira;10:41:06;Sem vítima;44,225;BR-116/SP;Decrescente;Capotamento;0
07/12/2021;terça-feira;10:45:36;Sem vítima;42,223;BR-116/SP;Decrescente;Choque;0
07/12/2021;terça-feira;10:52:47;Sem vítima;550,5;BR-116/SP;Decrescente;Choque;0
07/12/2021;terça-feira;12:40:51;Sem vítima;2,1;BR-116/SP;Crescente;Saída de pista;0
07/12/2021;terça-feira;13:05:20;Sem vítima;411,492;BR-116/SP;Decrescente;Choque;0
07/12/2021;terça-feira;13:45:34;Sem vítima;284,621;BR-116/SP;Crescente;Saída de pista;0
07/12/2021;terça-feira;14:01:53;Sem vítima;269,561;BR-116/SP;Decrescente;Queda de moto;0
07/12/2021;terça-feira;14:11:23;Sem vítima;550,3;BR-116/SP;Crescente;Choque;0
07/12/2021;terça-feira;15:24:09;Sem vítima;2,1;BR-116/SP;Crescente;Choque;0
07/12/2021;terça-feira;16:08:10;Sem vítima;2,1;BR-116/SP;Crescente;Saída de pista;0
07/12/2021;terça-feira;17:06:59;Sem vítima;555,1;BR-116/SP;Decrescente;Saída de pista;0
07/12/2021;terça-feira;17:19:54;Sem vítima;568,1;BR-116/SP;Decrescente;Choque;0
07/12/2021;terça-feira;17:38:28;Sem vítima;387,142;BR-116/SP;Decrescente;Saída de pista;0
07/12/2021;terça-feira;18:11:54;Sem vítima;508,9;BR-116/SP;Decrescente;Capotamento;0
07/12/2021;terça-feira;19:02:00;Sem vítima;545,9;BR-116/SP;Decrescente;Choque;0
07/12/2021;terça-feira;20:41:11;Sem vítima;512,5;BR-116/SP;Crescente;Choque;0
07/12/2021;terça-feira;21:29:13;Sem vítima;2,1;BR-116/SP;Crescente;Choque;0
07/12/2021;terça-feira;21:45:02;Sem vítima;44,5;BR-116/SP;Decrescente;Capotamento;0
07/12/2021;terça-feira;23:06:57;Sem vítima;480,1;BR-116/SP;Crescente;Saída de pista;0
07/12/2021;terça-feira;23:16:28;Sem vítima;478,9;BR-116/SP;Crescente;Colisão traseira;0
08/12/2021;quarta-feira;01:01:01;Sem vítima;362,3;BR-116/SP;Decrescente;Choque;0
08/12/2021;quarta-feira;02:51:01;Sem vítima;6,4;CW-116/SP;Decrescente;Choque;0
08/12/2021;quarta-feira;06:35:19;Sem vítima;357,6;BR-116/SP;Crescente;Choque;0
08/12/2021;quarta-feira;06:56:35;Sem vítima;289,718;BR-116/SP;Crescente;Choque;0
08/12/2021;quarta-feira;08:29:31;Sem vítima;15,312;BR-116/SP;Crescente;Saída de pista;0
08/12/2021;quarta-feira;08:52:43;Sem vítima;270,653;BR-116/SP;Crescente;Colisão traseira;0
08/12/2021;quarta-feira;09:07:46;Com vítima;274,1;BR-116/SP;Crescente;Queda de moto;0
08/12/2021;quarta-feira;10:21:34;Sem vítima;3,366;CW-116/SP;Decrescente;Saída de pista;0
08/12/2021;quarta-feira;12:46:32;Sem vítima;269,74;BR-116/SP;Crescente;Colisão traseira;0
08/12/2021;quarta-feira;14:08:35;Sem vítima;445,66;BR-116/SP;Crescente;Colisão lateral no mesmo sentido;0
08/12/2021;quarta-feira;14:50:11;Sem vítima;485,7;BR-116/SP;Decrescente;Colisão lateral no mesmo sentido;0
08/12/2021;quarta-feira;20:58:25;Sem vítima;490,318;BR-116/SP;Crescente;Saída de pista;0
08/12/2021;quarta-feira;21:34:25;Sem vítima;288,4;BR-116/SP;Crescente;Queda de moto;0
09/12/2021;quinta-feira;02:35:25;Sem vítima;377,5;BR-116/SP;Crescente;Colisão traseira;0
09/12/2021;quinta-feira;03:03:30;Sem vítima;453,7;BR-116/SP;Decrescente;Colisão traseira;0
09/12/2021;quinta-feira;04:06:06;Sem vítima;452,8;BR-116/SP;Decrescente;Choque;0
09/12/2021;quinta-feira;05:30:24;Sem vítima;567,3;BR-116/SP;Crescente;Tombamento;0
09/12/2021;quinta-feira;08:34:53;Sem vítima;352,673;BR-116/SP;Decrescente;Choque;0
09/12/2021;quinta-feira;11:15:28;Sem vítima;413,973;BR-116/SP;Crescente;Choque;0
09/12/2021;quinta-feira;12:33:27;Sem vítima;283,614;BR-116/SP;Decrescente;Colisão transversal;0
09/12/2021;quinta-feira;14:08:44;Sem vítima;343,6;BR-116/SP;Decrescente;Colisão traseira;0
09/12/2021;quinta-feira;14:15:28;Sem vítima;279,2;BR-116/SP;Crescente;Colisão traseira;0
09/12/2021;quinta-feira;15:00:31;Sem vítima;411,3;BR-116/SP;Decrescente;Colisão lateral no mesmo sentido;0
09/12/2021;quinta-feira;18:11:28;Sem vítima;37,1;BR-116/SP;Crescente;Colisão lateral no mesmo sentido;0
09/12/2021;quinta-feira;18:38:09;Sem vítima;280,1;BR-116/SP;Decrescente;Colisão traseira;0
09/12/2021;quinta-feira;18:49:54;Com vítima;14,7;CW-116/SP;Crescente;Atropelamento de pedestre;0
09/12/2021;quinta-feira;21:17:00;Sem vítima;562,4;BR-116/SP;Crescente;Tombamento;0
09/12/2021;quinta-feira;21:28:31;Sem vítima;0,5;CW-116/SP;Decrescente;Choque;0
09/12/2021;quinta-feira;23:29:01;Sem vítima;22,531;BR-116/SP;Decrescente;Choque;0
09/12/2021;quinta-feira;23:37:22;Sem vítima;439,613;BR-116/SP;Crescente;Queda de moto;0
10/12/2021;sexta-feira;00:45:16;Sem vítima;550,1;BR-116/SP;Crescente;Capotamento;0
10/12/2021;sexta-feira;06:08:08;Sem vítima;287,41;BR-116/SP;Crescente;Colisão traseira;0
10/12/2021;sexta-feira;08:49:13;Sem vítima;426,1;BR-116/SP;Crescente;Saída de pista;0
10/12/2021;sexta-feira;10:35:49;Sem vítima;516,1;BR-116/SP;Decrescente;Colisão traseira;0
10/12/2021;sexta-feira;10:39:53;Sem vítima;353,1;BR-116/SP;Decrescente;Saída de pista;0
10/12/2021;sexta-feira;12:25:16;Sem vítima;279,2;BR-116/SP;Decrescente;Colisão traseira;0
10/12/2021;sexta-feira;13:57:05;Sem vítima;286,1;BR-116/SP;Decrescente;Queda de moto;0
10/12/2021;sexta-feira;20:14:34;Sem vítima;268,944;BR-116/SP;Crescente;Colisão lateral no mesmo sentido;0
10/12/2021;sexta-feira;20:58:53;Sem vítima;289,2;BR-116/SP;Decrescente;Colisão lateral no mesmo sentido;0
10/12/2021;sexta-feira;22:53:36;Sem vítima;416,924;BR-116/SP;Crescente;Saída de pista;0
10/12/2021;sexta-feira;23:26:06;Sem vítima;326,4;BR-116/SP;Decrescente;Choque;0
11/12/2021;sábado;00:58:10;Com vítima;484,7;BR-116/SP;Crescente;Colisão traseira;0
11/12/2021;sábado;02:33:57;Sem vítima;275,1;BR-116/SP;Crescente;Choque;0
11/12/2021;sábado;04:39:41;Sem vítima;283,86;BR-116/SP;Decrescente;Colisão lateral no mesmo sentido;0
11/12/2021;sábado;09:18:04;Sem vítima;342,5;BR-116/SP;Decrescente;Colisão traseira;0
11/12/2021;sábado;14:26:13;Sem vítima;16,1;CW-116/SP;Decrescente;Choque;0
11/12/2021;sábado;18:25:35;Sem vítima;66,5;BR-116/SP;Crescente;Choque;0
11/12/2021;sábado;19:45:14;Sem vítima;269,602;BR-116/SP;Crescente;Colisão traseira;0