data;dia_semana;horario;tipo_de_ocorrencia;km;trecho;sentido;tipo_de_acidente;mortos
11/12/2021;sábado;19:45:22;Sem vítima;448,5;BR-116/SP;Decrescente;Colisão traseira;0
12/12/2021;domingo;02:19:28;Sem vítima;0,5;CW-116/SP;Decrescente;Choque;0
12/12/2021;domingo;02:27:43;Sem vítima;290,1;BR-116/SP;Decrescente;Choque;0
12/12/2021;domingo;19:58:36;Sem vítima;47,7;BR-116/SP;Crescente;Choque;0
12/12/2021;domingo;20:15:22;Sem vítima;411,1;BR-116/SP;Crescente;Queda de moto;0
12/12/2021;domingo;22:34:32;Sem vítima;13,1;BR-116/SP;Crescente;Colisão traseira;0
12/12/2021;domingo;23:59:12;Com vítima;313,6;BR-116/SP;Crescente;Colisão traseira;1
13/12/2021;segunda-feira;03:12:40;Sem vítima;545,1;BR-116/SP;Crescente;Tombamento;0
13/12/2021;segunda-feira;08:34:09;Sem vítima;280,952;BR-116/SP;Crescente;Colisão traseira;0
13/12/2021;segunda-feira;11:33:52;Sem vítima;60,826;BR-116/SP;Crescente;Choque;0
13/12/2021;segunda-feira;11:56:57;Sem vítima;506,77;BR-116/SP;Crescente;Acidentes de outra natureza;0
13/12/2021;segunda-feira;15:59:12;Sem vítima;269,3;BR-116/SP;Crescente;Engavetamento;0
13/12/2021;segunda-feira;16:08:11;Sem vítima;454,3;BR-116/SP;Decrescente;Choque;0
13/12/2021;segunda-feira;16:57:03;Sem vítima;277,95;BR-116/SP;Crescente;Choque;0
13/12/2021;segunda-feira;19:00:55;Sem vítima;488,2;BR-116/SP;Crescente;Acidentes de outra natureza;0
13/12/2021;segunda-feira;20:31:03;Sem vítima;39,3;BR-116/SP;Decrescente;Capotamento;0
13/12/2021;segunda-feira;21:20:42;Sem vítima;281,8;BR-116/SP;Crescente;Colisão traseira;0
13/12/2021;segunda-feira;22:48:49;Sem vítima;516,5;BR-116/SP;Crescente;Colisão traseira;0
13/12/2021;segunda-feira;23:03:26;Sem vítima;428,98;BR-116/SP;Decrescente;Capotamento;0
14/12/2021;terça-feira;11:03:58;Sem vítima;15,56;BR-116/SP;Crescente;Choque;0
14/12/2021;terça-feira;12:43:25;Sem vítima;44,6;BR-116/SP;Decrescente;Choque;0
14/12/2021;terça-feira;14:31:00;Sem vítima;3,9;CW-116/SP;Decrescente;Saída de pista;0
14/12/2021;terça-feira;14:49:51;Sem vítima;0,3;BR-116/SP;Crescente;Choque;0
14/12/2021;terça-feira;15:05:52;Sem vítima;1,2;CW-116/SP;Decrescente;Choque;0
14/12/2021;terça-feira;15:43:35;Sem vítima;318,7;BR-116/SP;Crescente;Queda de moto;0
14/12/2021;terça-feira;17:11:05;Sem vítima;361,5;BR-116/SP;Crescente;Saída de pista;0
14/12/2021;terça-feira;17:20:19;Sem vítima;2,1;BR-116/SP;Crescente;Choque;0
14/12/2021;terça-feira;17:26:18;Sem vítima;39,2;BR-116/SP;Decrescente;Choque;0
14/12/2021;terça-feira;19:01:06;Sem vítima;40,2;BR-116/SP;Crescente;Choque;0
14/12/2021;terça-feira;19:33:30;Sem vítima;332,5;BR-116/SP;Decrescente;Choque;0
15/12/2021;quarta-feira;00:14:32;Sem vítima;0,5;CW-116/SP;Decrescente;Choque;0
15/12/2021;quarta-feira;01:43:06;Sem vítima;424,6;BR-116/SP;Crescente;Tombamento;0
15/12/2021;quarta-feira;05:33:17;Sem vítima;282,3;BR-116/SP;Crescente;Colisão traseira;0
15/12/2021;quarta-feira;11:14:10;Sem vítima;362,8;BR-116/SP;Decrescente;Choque;0
15/12/2021;quarta-feira;13:42:17;Sem vítima;305,5;BR-116/SP;Decrescente;Colisão lateral no mesmo sentido;0
15/12/2021;quarta-feira;15:05:17;Sem vítima;65,477;BR-116/SP;Decrescente;Colisão lateral no mesmo sentido;0
15/12/2021;quarta-feira;15:40:07;Sem vítima;361,1;BR-116/SP;Crescente;Colisão traseira;0
15/12/2021;quarta-feira;18:06:34;Sem vítima;17,241;BR-116/SP;Crescente;Colisão traseira;0
15/12/2021;quarta-feira;19:12:21;Sem vítima;295,863;BR-116/SP;Crescente;Colisão traseira;0
15/12/2021;quarta-feira;20:34:46;Sem vítima;289,199;BR-116/SP;Decrescente;Colisão traseira;0
15/12/2021;quarta-feira;23:50:45;Sem vítima;20,75;BR-116/SP;Decrescente;Saída de pista;0
16/12/2021;quinta-feira;00:26:39;Sem vítima;386,5;BR-116/SP;Crescente;Colisão traseira;0
16/12/2021;quinta-feira;02:34:24;Sem vítima;510,5;BR-116/SP;Decrescente;Choque;0
16/12/2021;quinta-feira;05:46:45;Sem vítima;548,13;BR-116/SP;Decrescente;Saída de pista;0
16/12/2021;quinta-feira;06:48:15;Sem vítima;301,5;BR-116/SP;Crescente;Colisão traseira;0
16/12/2021;quinta-feira;10:10:58;Sem vítima;430,133;BR-116/SP;Decrescente;Choque;0
16/12/2021;quinta-feira;12:11:23;Sem vítima;511,221;BR-116/SP;Crescente;Choque;0
16/12/2021;quinta-feira;14:00:16;Sem vítima;482,12;BR-116/SP;Decrescente;Queda de moto;0
16/12/2021;quinta-feira;15:53:06;Sem vítima;418,388;BR-116/SP;Decrescente;Choque;0
16/12/2021;quinta-feira;20:16:41;Sem vítima;542,9;BR-116/SP;Crescente;Colisão lateral no mesmo sentido;0
16/12/2021;quinta-feira;21:14:00;Sem vítima;39,25;BR-116/SP;Decrescente;Capotamento;0
16/12/2021;quinta-feira;21:37:14;Sem vítima;408,8;BR-116/SP;Decrescente;Atropelamento de animal;0
16/12/2021;quinta-feira;23:39:30;Sem vítima;44,1;BR-116/SP;Decrescente;Choque;0
17/12/2021;sexta-feira;00:40:19;Sem vítima;487,1;BR-116/SP;Crescente;Acidentes de outra natureza;0
17/12/2021;sexta-feira;04:24:42;Sem vítima;18,4;BR-116/SP;Crescente;Saída de pista;0
17/12/2021;sexta-feira;08:05:04;Sem vítima;319,4;BR-116/SP;Decrescente;Choque;0
17/12/2021;sexta-feira;08:53:39;Sem vítima;9,929;CW-116/SP;Decrescente;Choque;0
17/12/2021;sexta-feira;09:31:30;Sem vítima;6,85;CW-116/SP;Decrescente;Choque;0
17/12/2021;sexta-feira;12:25:00;Sem vítima;513,41;BR-116/SP;Crescente;Choque;0
17/12/2021;sexta-feira;14:26:08;Sem vítima;22,5;BR-116/SP;Decrescente;Capotamento;0
17/12/2021;sexta-feira;17:08:51;Sem vítima;386,6;BR-116/SP;Crescente;Colisão lateral no mesmo sentido;0
17/12/2021;sexta-feira;19:25:25;Sem vítima;1,121;CW-116/SP;Decrescente;Saída de pista;0
17/12/2021;sexta-feira;20:40:16;Sem vítima;561;BR-116/SP;Decrescente;Capotamento;0
17/12/2021;sexta-feira;21:38:41;Sem vítima;42,638;BR-116/SP;Crescente;Choque;0
17/12/2021;sexta-feira;21:39:13;Sem vítima;15,728;BR-116/SP;Crescente;Choque;0
17/12/2021;sexta-feira;22:30:47;Sem vítima;282,778;BR-116/SP;Decrescente;Engavetamento;0
17/12/2021;sexta-feira;23:02:49;Sem vítima;326,105;BR-116/SP;Crescente;Choque;0
18/12/2021;sábado;00:09:39;Sem vítima;568,648;BR-116/SP;Decrescente;Capotamento;0
18/12/2021;sábado;01:55:53;Sem vítima;44,439;BR-116/SP;Decrescente;Capotamento;0
18/12/2021;sábado;02:03:01;Sem vítima;513,6;BR-116/SP;Crescente;Choque;0
18/12/2021;sábado;03:44:11;Sem vítima;45,48;BR-116/SP;Decrescente;Capotamento;0
18/12/2021;sábado;05:43:25;Sem vítima;539,2;BR-116/SP;Decrescente;Choque;0
18/12/2021;sábado;06:12:56;Sem vítima;26,34;BR-116/SP;Crescente;Choque;0
18/12/2021;sábado;06:42:19;Sem vítima;42,12;BR-116/SP;Decrescente;Choque;0
18/12/2021;sábado;06:57:49;Sem vítima;272,878;BR-116/SP;Crescente;Choque;0
18/12/2021;sábado;09:26:38;Sem vítima;22,247;BR-116/SP;Decrescente;Choque;0
18/12/2021;sábado;10:05:30;Sem vítima;299,715;BR-116/SP;Crescente;Capotamento;0
18/12/2021;sábado;12:12:42;Sem vítima;561,1;BR-116/SP;Decrescente;Choque;0
18/12/2021;sábado;12:14:43;Sem vítima;22,12;BR-116/SP;Decrescente;Choque;0
18/12/2021;sábado;12:16:06;Sem vítima;566,12;BR-116/SP;Decrescente;Choque;0
18/12/2021;sábado;12:49:53;Sem vítima;548,12;BR-116/SP;Decrescente;Choque;0
18/12/2021;sábado;13:25:42;Sem vítima;1,974;BR-116/SP;Crescente;Saída de pista;0
18/12/2021;sábado;13:40:07;Sem vítima;421,9;BR-116/SP;Decrescente;Capotamento;0
18/12/2021;sábado;14:44:03;Sem vítima;326,5;BR-116/SP;Crescente;Choque;0
18/12/2021;sábado;17:35:05;Sem vítima;511,5;BR-116/SP;Crescente;Saída de pista;0
18/12/2021;sábado;17:36:04;Sem vítima;465,1;BR-116/SP;Crescente;Colisão lateral no mesmo sentido;0
18/12/2021;sábado;17:37:52;Sem vítima;509,2;BR-116/SP;Decrescente;Saída de pista;0
18/12/2021;sábado;18:04:13;Sem vítima;15,2;BR-116/SP;Crescente;Saída de pista;0
18/12/2021;sábado;19:32:50;Sem vítima;513,4;BR-116/SP;Crescente;Choque;0
18/12/2021;sábado;20:03:18;Sem vítima;558,1;BR-116/SP;Decrescente;Choque;0
18/12/2021;sábado;20:21:23;Sem vítima;512,2;BR-116/SP;Crescente;Saída de pista;0
18/12/2021;sábado;23:01:22;Sem vítima;283,981;BR-116/SP;Decrescente;Choque;0
19/12/2021;domingo;00:29:21;Sem vítima;306,333;BR-116/SP;Crescente;Capotamento;0
19/12/2021;domingo;02:48:16;Sem vítima;505,2;BR-116/SP;Crescente;Choque;0
19/12/2021;domingo;03:25:13;Sem vítima;313,618;BR-116/SP;Decrescente;Colisão lateral no mesmo sentido;0
19/12/2021;domingo;03:46:36;Sem vítima;317,5;BR-116/SP;Crescente;Choque;0
19/12/2021;domingo;04:25:22;Sem vítima;514,2;BR-116/SP;Crescente;Choque;0
19/12/2021;domingo;05:20:48;Sem vítima;28,9;BR-116/SP;Crescente;Choque;0
19/12/2021;domingo;05:28:30;Sem vítima;38,6;BR-116/SP;Decrescente;Choque;0
19/12/2021;domingo;05:38:44;Sem vítima;33,912;BR-116/SP;Crescente;Choque;0
19/12/2021;domingo;06:08:21;Sem vítima;38,7;BR-116/SP;Crescente;Capotamento;0
19/12/2021;domingo;08:22:32;Sem vítima;38,1;BR-116/SP;Decrescente;Capotamento;0
19/12/2021;domingo;11:18:29;Sem vítima;21,8;BR-116/SP;Crescente;Choque;0
19/12/2021;domingo;19:03:14;Sem vítima;298,2;BR-116/SP;Crescente;Colisão traseira;0
19/12/2021;domingo;20:40:37;Sem vítima;303,2;BR-116/SP;Crescente;Queda de moto;0
19/12/2021;domingo;21:12:59;Com vítima;408,9;BR-116/SP;Decrescente;Atropelamento de animal;1
20/12/2021;segunda-feira;04:05:43;Sem vítima;548,45;BR-116/SP;Decrescente;Saída de pista;0
20/12/2021;segunda-feira;07:09:49;Sem vítima;508,926;BR-116/SP;Decrescente;Capotamento;0
20/12/2021;segunda-feira;08:08:02;Sem vítima;513,126;BR-116/SP;Crescente;Choque;0
20/12/2021;segunda-feira;10:06:16;Sem vítima;511,3;BR-116/SP;Decrescente;Choque;0
20/12/2021;segunda-feira;15:48:10;Sem vítima;387,8;BR-116/SP;Crescente;Colisão lateral no mesmo sentido;0
20/12/2021;segunda-feira;17:41:59;Sem vítima;34,2;BR-116/SP;Decrescente;Colisão traseira;0
20/12/2021;segunda-feira;18:01:05;Sem vítima;274,3;BR-116/SP;Crescente;Engavetamento;0
20/12/2021;segunda-feira;20:24:10;Sem vítima;385,3;BR-116/SP;Decrescente;Colisão lateral no mesmo sentido;0
20/12/2021;segunda-feira;22:10:27;Sem vítima;69,2;BR-116/SP;Decrescente;Choque;0
21/12/2021;terça-feira;08:13:14;Sem vítima;364,4;BR-116/SP;Decrescente;Queda de moto;0
21/12/2021;terça-feira;12:16:53;Sem vítima;409,147;BR-116/SP;Decrescente;Choque;0
21/12/2021;terça-feira;18:54:10;Sem vítima;443,2;BR-116/SP;Crescente;Queda de moto;0
21/12/2021;terça-feira;22:45:40;Sem vítima;499,6;BR-116/SP;Decrescente;Tombamento;0
21/12/2021;terça-feira;23:46:25;Sem vítima;56,1;BR-116/SP;Crescente;Saída de pista;0
22/12/2021;quarta-feira;02:01:57;Sem vítima;43,1;BR-116/SP;Decrescente;Capotamento;0
22/12/2021;quarta-feira;07:32:47;Sem vítima;370,3;BR-116/SP;Decrescente;Choque;0
22/12/2021;quarta-feira;07:56:09;Sem vítima;316,366;BR-116/SP;Crescente;Tombamento;0
22/12/2021;quarta-feira;10:52:57;Sem vítima;66,745;BR-116/SP;Crescente;Colisão traseira;0
22/12/2021;quarta-feira;11:44:47;Sem vítima;281,99;BR-116/SP;Crescente;Colisão lateral no mesmo sentido;0
22/12/2021;quarta-feira;13:36:07;Sem vítima;518,1;BR-116/SP;Decrescente;Colisão traseira;0
22/12/2021;quarta-feira;14:32:06;Sem vítima;514,1;BR-116/SP;Crescente;Choque;0
22/12/2021;quarta-feira;15:21:54;Sem vítima;513,1;BR-116/SP;Crescente;Choque;0
22/12/2021;quarta-feira;15:25:39;Sem vítima;340,2;BR-116/SP;Decrescente;Choque;0
22/12/2021;quarta-feira;17:44:01;Sem vítima;6,9;CW-116/SP;Decrescente;Choque;0
22/12/2021;quarta-feira;17:49:33;Sem vítima;65,2;BR-116/SP;Decrescente;Colisão traseira;0
22/12/2021;quarta-feira;18:10:13;Sem vítima;33,4;BR-116/SP;Crescente;Tombamento;0
22/12/2021;quarta-feira;18:23:15;Sem vítima;271,15;BR-116/SP;Crescente;Colisão traseira;0
22/12/2021;quarta-feira;19:05:39;Sem vítima;548,7;BR-116/SP;Decrescente;Choque;0
22/12/2021;quarta-feira;23:40:45;Sem vítima;368,1;BR-116/SP;Crescente;Saída de pista;0
23/12/2021;quinta-feira;00:37:02;Sem vítima;5,4;BR-116/SP;Crescente;Choque;0
23/12/2021;quinta-feira;01:41:01;Sem vítima;26,1;BR-116/SP;Crescente;Choque;0
23/12/2021;quinta-feira;03:02:32;Sem vítima;273,85;BR-116/SP;Crescente;Choque;0
23/12/2021;quinta-feira;04:07:19;Sem vítima;486,15;BR-116/SP;Decrescente;Colisão lateral no mesmo sentido;0
23/12/2021;quinta-feira;10:00:11;Sem vítima;517,7;BR-116/SP;Decrescente;Colisão traseira;0
23/12/2021;quinta-feira;12:16:58;Sem vítima;280,555;BR-116/SP;Decrescente;Engavetamento;0
23/12/2021;quinta-feira;15:58:25;Sem vítima;276,567;BR-116/SP;Decrescente;Queda de moto;0
23/12/2021;quinta-feira;17:51:07;Sem vítima;14,95;BR-116/SP;Crescente;Colisão lateral no mesmo sentido;0
23/12/2021;quinta-feira;18:41:54;Sem vítima;270,6;BR-116/SP;Crescente;Queda de moto;0
23/12/2021;quinta-feira;22:17:42;Sem vítima;566,2;BR-116/SP;Decrescente;Capotamento;0
24/12/2021;sexta-feira;00:15:06;Sem vítima;288,1;BR-116/SP;Decrescente;Colisão transversal;0
24/12/2021;sexta-feira;00:23:29;Sem vítima;282;BR-116/SP;Crescente;Colisão traseira;0
24/12/2021;sexta-feira;01:20:51;Sem vítima;420,325;BR-116/SP;Decrescente;Choque;0
24/12/2021;sexta-feira;02:10:23;Sem vítima;564,2;BR-116/SP;Decrescente;Colisão lateral no mesmo sentido;0
24/12/2021;sexta-feira;02:16:48;Sem vítima;516,1;BR-116/SP;Crescente;Choque;0
24/12/2021;sexta-feira;02:53:49;Sem vítima;513,5;BR-116/SP;Crescente;Choque;0
24/12/2021;sexta-feira;03:05:16;Sem vítima;40,15;BR-116/SP;Crescente;Choque;0
24/12/2021;sexta-feira;03:21:00;Sem vítima;20,1;BR-116/SP;Decrescente;Capotamento;0
24/12/2021;sexta-feira;03:38:53;Sem vítima;39,4;BR-116/SP;Decrescente;Capotamento;0
24/12/2021;sexta-feira;04:21:20;Sem vítima;331,1;BR-116/SP;Crescente;Saída de pista;0
24/12/2021;sexta-feira;07:21:26;Sem vítima;51,1;BR-116/SP;Crescente;Choque;0
24/12/2021;sexta-feira;07:32:54;Sem vítima;339,185;BR-116/SP;Decrescente;Saída de pista;0
24/12/2021;sexta-feira;07:33:16;Sem vítima;550,12;BR-116/SP;Crescente;Choque;0
24/12/2021;sexta-feira;07:56:11;Sem vítima;303,3;BR-116/SP;Crescente;Choque;0
24/12/2021;sexta-feira;08:32:53;Sem vítima;366,5;BR-116/SP;Crescente;Colisão lateral no mesmo sentido;0
24/12/2021;sexta-feira;09:18:25;Sem vítima;29,32;BR-116/SP;Crescente;Queda de moto;0
24/12/2021;sexta-feira;09:29:44;Sem vítima;499,9;BR-116/SP;Decrescente;Choque;0
24/12/2021;sexta-feira;11:13:24;Sem vítima;362,1;BR-116/SP;Decrescente;Choque;0
24/12/2021;sexta-feira;11:41:18;Sem vítima;38,5;BR-116/SP;Crescente;Capotamento;0
24/12/2021;sexta-feira;12:50:18;Sem vítima;47,1;BR-116/SP;Crescente;Queda de moto;0
24/12/2021;sexta-feira;12:54:46;Sem vítima;26,32;BR-116/SP;Crescente;Choque;0
24/12/2021;sexta-feira;13:07:57;Sem vítima;362,7;BR-116/SP;Decrescente;Choque;0
24/12/2021;sexta-feira;14:47:35;Sem vítima;14,9;CW-116/SP;Decrescente;Choque;0
24/12/2021;sexta-feira;17:35:02;Sem vítima;38,268;BR-116/SP;Decrescente;Choque;0
24/12/2021;sexta-feira;17:46:56;Sem vítima;513,53;BR-116/SP;Crescente;Choque;0
24/12/2021;sexta-feira;20:54:44;Sem vítima;44,83;BR-116/SP;Decrescente;Choque;0
25/12/2021;sábado;02:56:37;Sem vítima;454,3;BR-116/SP;Crescente;Capotamento;0
25/12/2021;sábado;14:47:38;Sem vítima;327,8;BR-116/SP;Crescente;Choque;0
25/12/2021;sábado;21:13:34;Sem vítima;11,2;CW-116/SP;Decrescente;Colisão traseira;0
26/12/2021;domingo;01:37:38;Sem vítima;527,595;BR-116/SP;Crescente;Atropelamento de animal;0
26/12/2021;domingo;07:56:50;Sem vítima;448,436;BR-116/SP;Decrescente;Colisão traseira;0
26/12/2021;domingo;11:37:31;Sem vítima;298,91;BR-116/SP;Crescente;Colisão lateral no mesmo sentido;0
26/12/2021;domingo;13:43:00;Sem vítima;62,12;BR-116/SP;Decrescente;Colisão traseira;0
26/12/2021;domingo;16:56:19;Sem vítima;299,1;BR-116/SP;Crescente;Colisão traseira;0
26/12/2021;domingo;17:01:39;Sem vítima;6,8;CW-116/SP;Decrescente;Choque;0
26/12/2021;domingo;17:34:44;Sem vítima;285,8;BR-116/SP;Crescente;Engavetamento;0
26/12/2021;domingo;17:38:00;Sem vítima;44,5;BR-116/SP;Decrescente;Colisão lateral no mesmo sentido;0
26/12/2021;domingo;18:14:15;Sem vítima;567,1;BR-116/SP;Decrescente;Choque;0
26/12/2021;domingo;19:11:10;Sem vítima;1,1;BR-116/SP;Crescente;Saída de pista;0
26/12/2021;domingo;19:35:17;Sem vítima;548,2;BR-116/SP;Decrescente;Choque;0
26/12/2021;domingo;20:41:08;Sem vítima;488,2;BR-116/SP;Crescente;Choque;0
27/12/2021;segunda-feira;02:49:28;Sem vítima;22,946;BR-116/SP;Decrescente;Capotamento;0
27/12/2021;segunda-feira;03:38:07;Sem vítima;43,2;BR-116/SP;Decrescente;Capotamento;0
27/12/2021;segunda-feira;05:52:34;Sem vítima;339,699;BR-116/SP;Crescente;Choque;0
27/12/2021;segunda-feira;06:13:40;Sem vítima;9,5;CW-116/SP;Decrescente;Capotamento;0
27/12/2021;segunda-feira;06:37:50;Sem vítima;554,1;BR-116/SP;Decrescente;Choque;0
27/12/2021;segunda-feira;07:44:09;Sem vítima;504,9;BR-116/SP;Decrescente;Choque;0
27/12/2021;segunda-feira;10:52:52;Sem vítima;390,45;BR-116/SP;Crescente;Saída de pista;0
27/12/2021;segunda-feira;14:29:56;Sem vítima;14,2;CW-116/SP;Decrescente;Colisão traseira;0
27/12/2021;segunda-feira;16:18:47;Sem vítima;43,2;BR-116/SP;Decrescente;Choque;0
27/12/2021;segunda-feira;16:41:05;Sem vítima;20,2;BR-116/SP;Decrescente;Choque;0
27/12/2021;segunda-feira;17:43:11;Sem vítima;38,4;BR-116/SP;Decrescente;Choque;0
27/12/2021;segunda-feira;18:23:20;Sem vítima;44,5;BR-116/SP;Decrescente;Choque;0
27/12/2021;segunda-feira;18:31:18;Sem vítima;38,5;BR-116/SP;Decrescente;Choque;0
27/12/2021;segunda-feira;19:00:45;Sem vítima;514,2;BR-116/SP;Crescente;Choque;0
27/12/2021;segunda-feira;19:03:49;Sem vítima;39,2;BR-116/SP;Decrescente;Choque;0
27/12/2021;segunda-feira;20:25:38;Sem vítima;465,1;BR-116/SP;Crescente;Choque;0
27/12/2021;segunda-feira;20:58:54;Sem vítima;465,1;BR-116/SP;Crescente;Choque;0
27/12/2021;segunda-feira;22:47:22;Sem vítima;44,1;BR-116/SP;Decrescente;Choque;0
27/12/2021;segunda-feira;22:53:05;Sem vítima;504,6;BR-116/SP;Crescente;Colisão traseira;0
28/12/2021;terça-feira;03:12:50;Sem vítima;408,9;BR-116/SP;Crescente;Capotamento;0
28/12/2021;terça-feira;04:24:28;Sem vítima;269,675;BR-116/SP;Crescente;Colisão traseira;0
28/12/2021;terça-feira;06:51:37;Sem vítima;364,3;BR-116/SP;Decrescente;Colisão traseira;0
28/12/2021;terça-feira;07:53:21;Sem vítima;275,5;BR-116/SP;Decrescente;Engavetamento;0
28/12/2021;terça-feira;09:46:32;Sem vítima;509,912;BR-116/SP;Decrescente;Choque;0
28/12/2021;terça-feira;10:59:33;Sem vítima;542,8;BR-116/SP;Decrescente;Colisão traseira;0
28/12/2021;terça-feira;12:11:04;Sem vítima;512,5;BR-116/SP;Crescente;Choque;0
28/12/2021;terça-feira;12:27:10;Sem vítima;499,12;BR-116/SP;Decrescente;Saída de pista;0
28/12/2021;terça-feira;13:05:06;Sem vítima;537,12;BR-116/SP;Decrescente;Choque;0
28/12/2021;terça-feira;13:11:22;Sem vítima;417,1;BR-116/SP;Decrescente;Capotamento;0
28/12/2021;terça-feira;16:05:51;Sem vítima;7,2;CW-116/SP;Decrescente;Queda de moto;0
28/12/2021;terça-feira;16:14:18;Sem vítima;545,5;BR-116/SP;Decrescente;Choque;0
28/12/2021;terça-feira;17:23:06;Sem vítima;554,8;BR-116/SP;Decrescente;Choque;0
28/12/2021;terça-feira;18:59:14;Sem vítima;20,3;BR-116/SP;Decrescente;Colisão lateral no mesmo sentido;0
28/12/2021;terça-feira;20:03:08;Sem vítima;29,2;BR-116/SP;Decrescente;Colisão traseira;0
29/12/2021;quarta-feira;07:08:07;Sem vítima;273,807;BR-116/SP;Decrescente;Saída de pista;0
29/12/2021;quarta-feira;10:56:02;Sem vítima;384,4;BR-116/SP;Crescente;Colisão lateral no mesmo sentido;0
29/12/2021;quarta-feira;11:01:37;Sem vítima;301,419;BR-116/SP;Decrescente;Colisão lateral no mesmo sentido;0
29/12/2021;quarta-feira;12:45:47;Sem vítima;538,3;BR-116/SP;Crescente;Choque;0
29/12/2021;quarta-feira;15:09:17;Sem vítima;506,2;BR-116/SP;Decrescente;Colisão lateral no mesmo sentido;0
29/12/2021;quarta-feira;17:56:15;Sem vítima;44,2;BR-116/SP;Decrescente;Saída de pista;0
29/12/2021;quarta-feira;22:10:16;Sem vítima;14,3;CW-116/SP;Decrescente;Colisão traseira;0
30/12/2021;quinta-feira;11:34:47;Sem vítima;513,7;BR-116/SP;Crescente;Choque;0
30/12/2021;quinta-feira;11:47:55;Sem vítima;512,3;BR-116/SP;Crescente;Acidentes de outra natureza;0
30/12/2021;quinta-feira;12:57:49;Sem vítima;548,7;BR-116/SP;Decrescente;Choque;0
30/12/2021;quinta-feira;13:49:19;Sem vítima;339,1;BR-116/SP;Decrescente;Choque;0
30/12/2021;quinta-feira;14:05:09;Sem vítima;44,8;BR-116/SP;Decrescente;Capotamento;0
30/12/2021;quinta-feira;14:49:31;Sem vítima;499,5;BR-116/SP;Decrescente;Choque;0
30/12/2021;quinta-feira;15:19:18;Sem vítima;44,15;BR-116/SP;Decrescente;Choque;0
30/12/2021;quinta-feira;16:04:10;Sem vítima;567,1;BR-116/SP;Decrescente;Choque;0
30/12/2021;quinta-feira;16:10:47;Sem vítima;15,9;BR-116/SP;Crescente;Choque;0
30/12/2021;quinta-feira;16:27:07;Sem vítima;42,2;BR-116/SP;Decrescente;Colisão lateral no mesmo sentido;0
30/12/2021;quinta-feira;16:53:45;Sem vítima;294,5;BR-116/SP;Decrescente;Saída de pista;0
30/12/2021;quinta-feira;17:03:38;Sem vítima;545,95;BR-116/SP;Decrescente;Choque;0
30/12/2021;quinta-feira;17:55:46;Sem vítima;385,5;BR-116/SP;Crescente;Choque;0
30/12/2021;quinta-feira;18:51:10;Sem vítima;499,5;BR-116/SP;Decrescente;Choque;0
30/12/2021;quinta-feira;19:53:01;Sem vítima;545,6;BR-116/SP;Decrescente;Choque;0
30/12/2021;quinta-feira;19:58:19;Sem vítima;318,4;BR-116/SP;Decrescente;Colisão lateral no mesmo sentido;0
30/12/2021;quinta-feira;20:17:11;Sem vítima;15,93;BR-116/SP;Crescente;Choque;0
30/12/2021;quinta-feira;20:17:14;Sem vítima;24;BR-116/SP;Crescente;Acidentes de outra natureza;0
30/12/2021;quinta-feira;20:39:34;Sem vítima;511,35;BR-116/SP;Crescente;Choque;0
30/12/2021;quinta-feira;23:00:36;Sem vítima;3,1;BR-116/SP;Crescente;Saída de pista;0
31/12/2021;sexta-feira;00:31:33;Sem vítima;0,3;CW-116/SP;Decrescente;Saída de pista;0
31/12/2021;sexta-feira;01:14:04;Sem vítima;42,1;BR-116/SP;Decrescente;Choque;0
31/12/2021;sexta-feira;02:03:05;Sem vítima;549,1;BR-116/SP;Decrescente;Choque;0
31/12/2021;sexta-feira;03:45:33;Sem vítima;567,5;BR-116/SP;Crescente;Choque;0
31/12/2021;sexta-feira;05:38:14;Sem vítima;547,3;BR-116/SP;Crescente;Choque;0
31/12/2021;sexta-feira;05:44:18;Sem vítima;545,5;BR-116/SP;Crescente;Choque;0
31/12/2021;sexta-feira;06:10:33;Sem vítima;52,738;BR-116/SP;Crescente;Capotamento;0
31/12/2021;sexta-feira;06:56:38;Sem vítima;509,6;BR-116/SP;Crescente;Choque;0
31/12/2021;sexta-feira;07:46:23;Sem vítima;567,2;BR-116/SP;Decrescente;Choque;0
31/12/2021;sexta-feira;07:56:56;Sem vítima;327,8;BR-116/SP;Decrescente;Choque;0
31/12/2021;sexta-feira;08:13:41;Sem vítima;548,2;BR-116/SP;Crescente;Choque;0
31/12/2021;sexta-feira;10:33:01;Sem vítima;6,8;CW-116/SP;Decrescente;Choque;0
31/12/2021;sexta-feira;11:34:39;Sem vítima;316,7;BR-116/SP;Decrescente;Saída de pista;0
31/12/2021;sexta-feira;12:36:09;Sem vítima;561,8;BR-116/SP;Decrescente;Choque;0
31/12/2021;sexta-feira;12:41:28;Sem vítima;545,5;BR-116/SP;Decrescente;Choque;0
31/12/2021;sexta-feira;13:02:20;Sem vítima;549,5;BR-116/SP;Crescente;Choque;0
31/12/2021;sexta-feira;13:30:03;Sem vítima;319,933;BR-116/SP;Decrescente;Choque;0
31/12/2021;sexta-feira;14:43:53;Sem vítima;294,509;BR-116/SP;Crescente;Choque;0
31/12/2021;sexta-feira;15:17:53;Sem vítima;512,1;BR-116/SP;Crescente;Capotamento;0
31/12/2021;sexta-feira;16:26:37;Sem vítima;40,3;BR-116/SP;Crescente;Saída de pista;0
31/12/2021;sexta-feira;16:46:22;Sem vítima;360,1;BR-116/SP;Crescente;Choque;0
31/12/2021;sexta-feira;16:56:52;Sem vítima;350,81;BR-116/SP;Decrescente;Saída de pista;0
31/12/2021;sexta-feira;17:36:28;Sem vítima;269,67;BR-116/SP;Crescente;Engavetamento;0
31/12/2021;sexta-feira;18:39:41;Sem vítima;508,85;BR-116/SP;Decrescente;Choque;0
31/12/2021;sexta-feira;18:47:53;Sem vítima;508,4;BR-116/SP;Decrescente;Saída de pista;0
31/12/2021;sexta-feira;20:38:12;Sem vítima;362,6;BR-116/SP;Decrescente;Choque;0